[2026-09-28 22:29:40] WATCHDOG start pid=11408 interval=60s
[2026-09-28 22:29:54] WATCHDOG start pid=12188 interval=60s
[2026-09-28 22:33:23] WATCHDOG start pid=12188 interval=60s
[2026-09-28 22:38:51] WATCHDOG start pid=12188 interval=60s
[2026-09-28 22:39:51] pid=12188 ACTIVE cpu=570.2s(+570.2s) ws=81MB hb={"stage": "build_arb_tau:start", "ts": "2026-09-28 22:29:46", "age_s": 605.2}
[2026-09-28 22:40:51] pid=12188 ACTIVE cpu=625.1s(+54.9s) ws=74MB hb={"stage": "build_arb_tau:start", "ts": "2026-09-28 22:29:46", "age_s": 665.3}
[2026-09-28 22:41:51] pid=12188 ACTIVE cpu=673.7s(+48.6s) ws=67MB hb={"stage": "build_arb_tau:start", "ts": "2026-09-28 22:29:46", "age_s": 725.3}
[2026-09-28 22:42:51] pid=12188 ACTIVE cpu=726.0s(+52.4s) ws=61MB hb={"stage": "build_arb_tau:start", "ts": "2026-09-28 22:29:46", "age_s": 785.3}
[2026-09-28 22:43:51] pid=12188 ACTIVE cpu=781.7s(+55.6s) ws=68MB hb={"stage": "build_arb_tau:start", "ts": "2026-09-28 22:29:46", "age_s": 845.3}
[2026-09-28 22:44:51] pid=12188 ACTIVE cpu=836.0s(+54.4s) ws=74MB hb={"stage": "build_arb_tau:start", "ts": "2026-09-28 22:29:46", "age_s": 905.3}
[2026-09-28 22:45:51] pid=12188 ACTIVE cpu=892.4s(+56.3s) ws=81MB hb={"stage": "build_arb_tau:start", "ts": "2026-09-28 22:29:46", "age_s": 965.3}
[2026-09-28 22:46:51] pid=12188 ACTIVE cpu=952.2s(+59.8s) ws=89MB hb={"stage": "build_arb_tau:start", "ts": "2026-09-28 22:29:46", "age_s": 1025.3}
[2026-09-28 22:47:51] pid=12188 ACTIVE cpu=1011.7s(+59.5s) ws=92MB hb={"stage": "build_arb_tau:start", "ts": "2026-09-28 22:29:46", "age_s": 1085.3}
[2026-09-28 22:48:51] pid=12188 ACTIVE cpu=1070.6s(+59.0s) ws=89MB hb={"stage": "build_arb_tau:start", "ts": "2026-09-28 22:29:46", "age_s": 1145.3}
[2026-09-28 22:49:51] pid=12188 ACTIVE cpu=1129.0s(+58.3s) ws=85MB hb={"stage": "build_arb_tau:start", "ts": "2026-09-28 22:29:46", "age_s": 1205.3}
[2026-09-28 22:50:51] pid=12188 ACTIVE cpu=1187.5s(+58.5s) ws=78MB hb={"stage": "build_arb_tau:start", "ts": "2026-09-28 22:29:46", "age_s": 1265.3}
[2026-09-28 22:51:51] pid=12188 ACTIVE cpu=1245.9s(+58.5s) ws=71MB hb={"stage": "build_arb_tau:start", "ts": "2026-09-28 22:29:46", "age_s": 1325.3}
[2026-09-28 22:52:51] pid=12188 ACTIVE cpu=1300.7s(+54.7s) ws=66MB hb={"stage": "build_arb_tau:start", "ts": "2026-09-28 22:29:46", "age_s": 1385.3}
[2026-09-28 22:53:51] pid=12188 ACTIVE cpu=1358.1s(+57.5s) ws=61MB hb={"stage": "build_arb_tau:start", "ts": "2026-09-28 22:29:46", "age_s": 1445.3}
[2026-09-28 22:54:51] pid=12188 ACTIVE cpu=1416.6s(+58.5s) ws=63MB hb={"stage": "build_arb_tau:start", "ts": "2026-09-28 22:29:46", "age_s": 1505.3}
[2026-09-28 22:55:51] pid=12188 ACTIVE cpu=1475.2s(+58.6s) ws=70MB hb={"stage": "build_arb_tau:start", "ts": "2026-09-28 22:29:46", "age_s": 1565.3}
[2026-09-28 22:56:51] pid=12188 ACTIVE cpu=1530.7s(+55.5s) ws=77MB hb={"stage": "build_arb_tau:start", "ts": "2026-09-28 22:29:46", "age_s": 1625.3}
[2026-09-28 22:57:51] pid=12188 ACTIVE cpu=1589.5s(+58.8s) ws=84MB hb={"stage": "build_arb_tau:start", "ts": "2026-09-28 22:29:46", "age_s": 1685.3}
[2026-09-28 22:58:51] pid=12188 ACTIVE cpu=1647.8s(+58.3s) ws=91MB hb={"stage": "build_arb_tau:start", "ts": "2026-09-28 22:29:46", "age_s": 1745.3}
[2026-09-28 22:59:51] pid=12188 ACTIVE cpu=1707.1s(+59.2s) ws=99MB hb={"stage": "build_arb_tau:start", "ts": "2026-09-28 22:29:46", "age_s": 1805.3}
[2026-09-28 23:00:51] pid=12188 ACTIVE cpu=1763.8s(+56.8s) ws=104MB hb={"stage": "build_arb_tau:start", "ts": "2026-09-28 22:29:46", "age_s": 1865.3}
[2026-09-28 23:01:51] pid=12188 ACTIVE cpu=1821.5s(+57.7s) ws=97MB hb={"stage": "build_arb_tau:start", "ts": "2026-09-28 22:29:46", "age_s": 1925.3}
[2026-09-28 23:02:51] pid=12188 ACTIVE cpu=1881.5s(+60.0s) ws=89MB hb={"stage": "build_arb_tau:start", "ts": "2026-09-28 22:29:46", "age_s": 1985.3}
[2026-09-28 23:03:51] pid=12188 ACTIVE cpu=1941.5s(+60.0s) ws=82MB hb={"stage": "build_arb_tau:start", "ts": "2026-09-28 22:29:46", "age_s": 2045.3}
[2026-09-28 23:04:51] pid=12188 ACTIVE cpu=2001.5s(+60.0s) ws=77MB hb={"stage": "build_arb_tau:start", "ts": "2026-09-28 22:29:46", "age_s": 2105.3}
[2026-09-28 23:05:51] pid=12188 ACTIVE cpu=2061.2s(+59.7s) ws=72MB hb={"stage": "build_arb_tau:start", "ts": "2026-09-28 22:29:46", "age_s": 2165.3}
[2026-09-28 23:06:51] pid=12188 ACTIVE cpu=2121.0s(+59.9s) ws=64MB hb={"stage": "build_arb_tau:start", "ts": "2026-09-28 22:29:46", "age_s": 2225.3}
[2026-09-28 23:07:51] pid=12188 ACTIVE cpu=2180.3s(+59.3s) ws=72MB hb={"stage": "build_arb_tau:start", "ts": "2026-09-28 22:29:46", "age_s": 2285.3}
[2026-09-28 23:08:51] pid=12188 ACTIVE cpu=2240.2s(+59.9s) ws=72MB hb={"stage": "build_arb_tau:start", "ts": "2026-09-28 22:29:46", "age_s": 2345.3}
[2026-09-28 23:09:51] pid=12188 ACTIVE cpu=2300.1s(+60.0s) ws=45MB hb={"stage": "build_arb_tau:start", "ts": "2026-09-28 22:29:46", "age_s": 2405.3}
[2026-09-28 23:10:51] pid=12188 ACTIVE cpu=2360.1s(+60.0s) ws=31MB hb={"stage": "build_arb_tau:start", "ts": "2026-09-28 22:29:46", "age_s": 2465.3}
[2026-09-28 23:11:51] pid=12188 ACTIVE cpu=2420.0s(+59.9s) ws=38MB hb={"stage": "build_arb_tau:start", "ts": "2026-09-28 22:29:46", "age_s": 2525.3}
[2026-09-28 23:12:51] pid=12188 ACTIVE cpu=2480.0s(+60.0s) ws=45MB hb={"stage": "build_arb_tau:start", "ts": "2026-09-28 22:29:46", "age_s": 2585.3}
[2026-09-28 23:13:51] pid=12188 ACTIVE cpu=2540.0s(+60.0s) ws=33MB hb={"stage": "build_arb_tau:start", "ts": "2026-09-28 22:29:46", "age_s": 2645.3}
[2026-09-28 23:14:51] pid=12188 ACTIVE cpu=2599.9s(+59.9s) ws=28MB hb={"stage": "build_arb_tau:start", "ts": "2026-09-28 22:29:46", "age_s": 2705.3}
[2026-09-28 23:15:51] pid=12188 ACTIVE cpu=2659.9s(+60.0s) ws=37MB hb={"stage": "build_arb_tau:start", "ts": "2026-09-28 22:29:46", "age_s": 2765.3}
[2026-09-28 23:16:51] pid=12188 ACTIVE cpu=2719.7s(+59.8s) ws=39MB hb={"stage": "build_arb_tau:start", "ts": "2026-09-28 22:29:46", "age_s": 2825.3}
[2026-09-28 23:17:51] pid=12188 ACTIVE cpu=2779.5s(+59.8s) ws=29MB hb={"stage": "build_arb_tau:start", "ts": "2026-09-28 22:29:46", "age_s": 2885.3}
[2026-09-28 23:18:51] pid=12188 ACTIVE cpu=2839.4s(+59.9s) ws=32MB hb={"stage": "build_arb_tau:start", "ts": "2026-09-28 22:29:46", "age_s": 2945.3}
[2026-09-28 23:19:51] pid=12188 ACTIVE cpu=2899.3s(+60.0s) ws=41MB hb={"stage": "build_arb_tau:start", "ts": "2026-09-28 22:29:46", "age_s": 3005.3}
[2026-09-28 23:20:51] pid=12188 ACTIVE cpu=2959.3s(+60.0s) ws=34MB hb={"stage": "build_arb_tau:start", "ts": "2026-09-28 22:29:46", "age_s": 3065.3}
[2026-09-28 23:21:51] pid=12188 ACTIVE cpu=3019.2s(+59.9s) ws=27MB hb={"stage": "build_arb_tau:start", "ts": "2026-09-28 22:29:46", "age_s": 3125.3}
[2026-09-28 23:22:51] pid=12188 ACTIVE cpu=3079.2s(+60.0s) ws=35MB hb={"stage": "build_arb_tau:start", "ts": "2026-09-28 22:29:46", "age_s": 3185.3}
[2026-09-28 23:23:51] pid=12188 ACTIVE cpu=3139.1s(+60.0s) ws=43MB hb={"stage": "build_arb_tau:start", "ts": "2026-09-28 22:29:46", "age_s": 3245.3}
[2026-09-28 23:24:51] pid=12188 ACTIVE cpu=3199.1s(+60.0s) ws=31MB hb={"stage": "build_arb_tau:start", "ts": "2026-09-28 22:29:46", "age_s": 3305.3}
[2026-09-28 23:25:51] pid=12188 ACTIVE cpu=3259.1s(+60.0s) ws=29MB hb={"stage": "build_arb_tau:start", "ts": "2026-09-28 22:29:46", "age_s": 3365.3}
[2026-09-28 23:26:51] pid=12188 ACTIVE cpu=3319.0s(+59.9s) ws=38MB hb={"stage": "build_arb_tau:start", "ts": "2026-09-28 22:29:46", "age_s": 3425.3}
[2026-09-28 23:27:51] pid=12188 ACTIVE cpu=3379.0s(+59.9s) ws=42MB hb={"stage": "build_arb_tau:start", "ts": "2026-09-28 22:29:46", "age_s": 3485.3}
[2026-09-28 23:28:51] pid=12188 ACTIVE cpu=3439.0s(+60.0s) ws=29MB hb={"stage": "build_arb_tau:start", "ts": "2026-09-28 22:29:46", "age_s": 3545.3}
[2026-09-28 23:29:51] pid=12188 ACTIVE cpu=3499.0s(+60.0s) ws=33MB hb={"stage": "build_arb_tau:start", "ts": "2026-09-28 22:29:46", "age_s": 3605.3}
[2026-09-28 23:30:51] pid=12188 ACTIVE cpu=3558.9s(+60.0s) ws=41MB hb={"stage": "build_arb_tau:start", "ts": "2026-09-28 22:29:46", "age_s": 3665.3}
[2026-09-28 23:31:51] pid=12188 ACTIVE cpu=3618.8s(+59.9s) ws=31MB hb={"stage": "build_arb_tau:start", "ts": "2026-09-28 22:29:46", "age_s": 3725.3}
[2026-09-28 23:32:51] pid=12188 ACTIVE cpu=3678.7s(+59.9s) ws=28MB hb={"stage": "build_arb_tau:start", "ts": "2026-09-28 22:29:46", "age_s": 3785.3}
[2026-09-28 23:33:51] pid=12188 ACTIVE cpu=3738.7s(+60.0s) ws=37MB hb={"stage": "build_arb_tau:start", "ts": "2026-09-28 22:29:46", "age_s": 3845.3}
[2026-09-28 23:34:51] pid=12188 ACTIVE cpu=3798.6s(+59.9s) ws=39MB hb={"stage": "build_arb_tau:start", "ts": "2026-09-28 22:29:46", "age_s": 3905.3}
[2026-09-28 23:35:51] pid=12188 ACTIVE cpu=3858.5s(+59.9s) ws=28MB hb={"stage": "build_arb_tau:start", "ts": "2026-09-28 22:29:46", "age_s": 3965.3}
[2026-09-28 23:36:51] pid=12188 ACTIVE cpu=3918.4s(+59.9s) ws=31MB hb={"stage": "build_arb_tau:start", "ts": "2026-09-28 22:29:46", "age_s": 4025.3}
[2026-09-28 23:37:51] pid=12188 ACTIVE cpu=3977.8s(+59.4s) ws=40MB hb={"stage": "build_arb_tau:start", "ts": "2026-09-28 22:29:46", "age_s": 4085.3}
[2026-09-28 23:38:51] pid=12188 ACTIVE cpu=4037.7s(+60.0s) ws=35MB hb={"stage": "build_arb_tau:start", "ts": "2026-09-28 22:29:46", "age_s": 4145.3}
[2026-09-28 23:39:51] pid=12188 ACTIVE cpu=4097.7s(+60.0s) ws=26MB hb={"stage": "build_arb_tau:start", "ts": "2026-09-28 22:29:46", "age_s": 4205.3}
[2026-09-28 23:40:51] pid=12188 ACTIVE cpu=4151.7s(+54.0s) ws=33MB hb={"stage": "build_arb_tau:start", "ts": "2026-09-28 22:29:46", "age_s": 4265.3}
[2026-09-28 23:41:51] pid=12188 ACTIVE cpu=4210.2s(+58.6s) ws=41MB hb={"stage": "build_arb_tau:start", "ts": "2026-09-28 22:29:46", "age_s": 4325.3}
[2026-09-28 23:42:51] pid=12188 ACTIVE cpu=4269.8s(+59.5s) ws=49MB hb={"stage": "build_arb_tau:start", "ts": "2026-09-28 22:29:46", "age_s": 4385.3}
[2026-09-28 23:43:51] pid=12188 ACTIVE cpu=4327.8s(+58.0s) ws=57MB hb={"stage": "build_arb_tau:start", "ts": "2026-09-28 22:29:46", "age_s": 4445.3}
[2026-09-28 23:44:51] pid=12188 ACTIVE cpu=4378.6s(+50.8s) ws=63MB hb={"stage": "build_arb_tau:start", "ts": "2026-09-28 22:29:46", "age_s": 4505.3}
[2026-09-28 23:45:51] pid=12188 ACTIVE cpu=4429.9s(+51.3s) ws=65MB hb={"stage": "build_arb_tau:start", "ts": "2026-09-28 22:29:46", "age_s": 4565.3}
[2026-09-28 23:46:51] pid=12188 ACTIVE cpu=4484.7s(+54.8s) ws=60MB hb={"stage": "build_arb_tau:start", "ts": "2026-09-28 22:29:46", "age_s": 4625.3}
[2026-09-28 23:47:51] pid=12188 ACTIVE cpu=4537.8s(+53.1s) ws=56MB hb={"stage": "build_arb_tau:start", "ts": "2026-09-28 22:29:46", "age_s": 4685.3}
[2026-09-28 23:48:51] pid=12188 ACTIVE cpu=4593.4s(+55.5s) ws=53MB hb={"stage": "build_arb_tau:start", "ts": "2026-09-28 22:29:46", "age_s": 4745.3}
[2026-09-28 23:49:51] pid=12188 ACTIVE cpu=4646.1s(+52.7s) ws=50MB hb={"stage": "build_arb_tau:start", "ts": "2026-09-28 22:29:46", "age_s": 4805.3}
[2026-09-28 23:50:51] pid=12188 ACTIVE cpu=4702.8s(+56.6s) ws=50MB hb={"stage": "build_arb_tau:start", "ts": "2026-09-28 22:29:46", "age_s": 4865.3}
[2026-09-28 23:51:51] pid=12188 ACTIVE cpu=4755.0s(+52.2s) ws=55MB hb={"stage": "build_arb_tau:start", "ts": "2026-09-28 22:29:46", "age_s": 4925.3}
[2026-09-28 23:52:51] pid=12188 ACTIVE cpu=4810.5s(+55.5s) ws=62MB hb={"stage": "build_arb_tau:start", "ts": "2026-09-28 22:29:46", "age_s": 4985.3}
[2026-09-28 23:53:51] pid=12188 ACTIVE cpu=4865.5s(+55.0s) ws=70MB hb={"stage": "build_arb_tau:start", "ts": "2026-09-28 22:29:46", "age_s": 5045.4}
[2026-09-28 23:54:51] pid=12188 ACTIVE cpu=4919.5s(+54.0s) ws=76MB hb={"stage": "build_arb_tau:start", "ts": "2026-09-28 22:29:46", "age_s": 5105.4}
[2026-09-28 23:55:51] pid=12188 ACTIVE cpu=4972.3s(+52.8s) ws=82MB hb={"stage": "build_arb_tau:start", "ts": "2026-09-28 22:29:46", "age_s": 5165.4}
[2026-09-28 23:56:51] pid=12188 ACTIVE cpu=5024.9s(+52.6s) ws=88MB hb={"stage": "build_arb_tau:start", "ts": "2026-09-28 22:29:46", "age_s": 5225.4}
[2026-09-28 23:57:51] pid=12188 ACTIVE cpu=5077.0s(+52.0s) ws=86MB hb={"stage": "build_arb_tau:start", "ts": "2026-09-28 22:29:46", "age_s": 5285.4}
[2026-09-28 23:58:51] pid=12188 ACTIVE cpu=5133.1s(+56.1s) ws=78MB hb={"stage": "build_arb_tau:start", "ts": "2026-09-28 22:29:46", "age_s": 5345.4}
[2026-09-28 23:59:51] pid=12188 ACTIVE cpu=5188.6s(+55.5s) ws=71MB hb={"stage": "build_arb_tau:start", "ts": "2026-09-28 22:29:46", "age_s": 5405.4}
[2026-09-29 00:00:51] pid=12188 ACTIVE cpu=5240.1s(+51.5s) ws=65MB hb={"stage": "build_arb_tau:start", "ts": "2026-09-28 22:29:46", "age_s": 5465.4}
[2026-09-29 00:01:51] pid=12188 ACTIVE cpu=5284.5s(+44.4s) ws=58MB hb={"stage": "build_arb_tau:start", "ts": "2026-09-28 22:29:46", "age_s": 5525.4}
[2026-09-29 00:02:51] pid=12188 ACTIVE cpu=5342.6s(+58.2s) ws=56MB hb={"stage": "build_arb_tau:start", "ts": "2026-09-28 22:29:46", "age_s": 5585.4}
[2026-09-29 00:03:51] pid=12188 ACTIVE cpu=5401.1s(+58.5s) ws=56MB hb={"stage": "build_arb_tau:start", "ts": "2026-09-28 22:29:46", "age_s": 5645.4}
[2026-09-29 00:04:51] pid=12188 ACTIVE cpu=5459.9s(+58.7s) ws=64MB hb={"stage": "build_arb_tau:start", "ts": "2026-09-28 22:29:46", "age_s": 5705.4}
[2026-09-29 00:05:51] pid=12188 ACTIVE cpu=5518.2s(+58.4s) ws=72MB hb={"stage": "build_arb_tau:start", "ts": "2026-09-28 22:29:46", "age_s": 5765.4}
[2026-09-29 00:06:51] pid=12188 ACTIVE cpu=5573.6s(+55.4s) ws=79MB hb={"stage": "build_arb_tau:start", "ts": "2026-09-28 22:29:46", "age_s": 5825.4}
[2026-09-29 00:07:51] pid=12188 ACTIVE cpu=5633.2s(+59.6s) ws=87MB hb={"stage": "build_arb_tau:start", "ts": "2026-09-28 22:29:46", "age_s": 5885.4}
[2026-09-29 00:08:51] pid=12188 ACTIVE cpu=5688.5s(+55.2s) ws=94MB hb={"stage": "build_arb_tau:start", "ts": "2026-09-28 22:29:46", "age_s": 5945.4}
[2026-09-29 00:09:51] pid=12188 ACTIVE cpu=5740.5s(+52.0s) ws=100MB hb={"stage": "build_arb_tau:start", "ts": "2026-09-28 22:29:46", "age_s": 6005.4}
[2026-09-29 00:10:51] pid=12188 ACTIVE cpu=5792.8s(+52.3s) ws=96MB hb={"stage": "build_arb_tau:start", "ts": "2026-09-28 22:29:46", "age_s": 6065.4}
[2026-09-29 00:11:51] pid=12188 ACTIVE cpu=5847.7s(+54.9s) ws=87MB hb={"stage": "build_arb_tau:start", "ts": "2026-09-28 22:29:46", "age_s": 6125.4}
[2026-09-29 00:12:51] pid=12188 ACTIVE cpu=5903.4s(+55.7s) ws=78MB hb={"stage": "build_arb_tau:start", "ts": "2026-09-28 22:29:46", "age_s": 6185.4}
[2026-09-29 00:13:51] pid=12188 ACTIVE cpu=5956.3s(+52.9s) ws=71MB hb={"stage": "build_arb_tau:start", "ts": "2026-09-28 22:29:46", "age_s": 6245.4}
[2026-09-29 00:14:51] pid=12188 ACTIVE cpu=6004.5s(+48.2s) ws=63MB hb={"stage": "build_arb_tau:start", "ts": "2026-09-28 22:29:46", "age_s": 6305.4}
[2026-09-29 00:15:51] pid=12188 ACTIVE cpu=6060.0s(+55.5s) ws=58MB hb={"stage": "build_arb_tau:start", "ts": "2026-09-28 22:29:46", "age_s": 6365.4}
[2026-09-29 00:16:51] pid=12188 ACTIVE cpu=6113.6s(+53.6s) ws=54MB hb={"stage": "build_arb_tau:start", "ts": "2026-09-28 22:29:46", "age_s": 6425.4}
[2026-09-29 00:17:51] pid=12188 ACTIVE cpu=6165.5s(+51.9s) ws=59MB hb={"stage": "build_arb_tau:start", "ts": "2026-09-28 22:29:46", "age_s": 6485.4}
[2026-09-29 00:18:51] pid=12188 ACTIVE cpu=6222.1s(+56.5s) ws=66MB hb={"stage": "build_arb_tau:start", "ts": "2026-09-28 22:29:46", "age_s": 6545.4}
[2026-09-29 00:19:51] pid=12188 ACTIVE cpu=6278.3s(+56.2s) ws=73MB hb={"stage": "build_arb_tau:start", "ts": "2026-09-28 22:29:46", "age_s": 6605.4}
[2026-09-29 00:20:51] pid=12188 ACTIVE cpu=6334.1s(+55.8s) ws=80MB hb={"stage": "build_arb_tau:start", "ts": "2026-09-28 22:29:46", "age_s": 6665.4}
[2026-09-29 00:21:51] pid=12188 ACTIVE cpu=6388.1s(+54.1s) ws=87MB hb={"stage": "build_arb_tau:start", "ts": "2026-09-28 22:29:46", "age_s": 6725.4}
[2026-09-29 00:22:51] pid=12188 ACTIVE cpu=6445.4s(+57.2s) ws=94MB hb={"stage": "build_arb_tau:start", "ts": "2026-09-28 22:29:46", "age_s": 6785.4}
[2026-09-29 00:23:51] pid=12188 ACTIVE cpu=6495.1s(+49.7s) ws=95MB hb={"stage": "build_arb_tau:start", "ts": "2026-09-28 22:29:46", "age_s": 6845.4}
[2026-09-29 00:24:51] pid=12188 ACTIVE cpu=6546.4s(+51.3s) ws=83MB hb={"stage": "build_arb_tau:start", "ts": "2026-09-28 22:29:46", "age_s": 6905.4}
[2026-09-29 00:25:51] pid=12188 ACTIVE cpu=6590.4s(+44.0s) ws=73MB hb={"stage": "build_arb_tau:start", "ts": "2026-09-28 22:29:46", "age_s": 6965.4}
[2026-09-29 00:26:51] pid=12188 ACTIVE cpu=6641.1s(+50.7s) ws=66MB hb={"stage": "build_arb_tau:start", "ts": "2026-09-28 22:29:46", "age_s": 7025.4}
[2026-09-29 00:27:51] pid=12188 ACTIVE cpu=6689.8s(+48.7s) ws=59MB hb={"stage": "build_arb_tau:start", "ts": "2026-09-28 22:29:46", "age_s": 7085.5}
[2026-09-29 00:28:51] pid=12188 ACTIVE cpu=6743.9s(+54.1s) ws=55MB hb={"stage": "build_arb_tau:start", "ts": "2026-09-28 22:29:46", "age_s": 7145.5}
[2026-09-29 00:29:51] pid=12188 ACTIVE cpu=6794.2s(+50.3s) ws=50MB hb={"stage": "build_arb_tau:start", "ts": "2026-09-28 22:29:46", "age_s": 7205.5}
[2026-09-29 00:30:51] pid=12188 ACTIVE cpu=6848.8s(+54.6s) ws=549MB hb={"stage": "build_arb_tau:done", "ts": "2026-09-29 00:30:47", "age_s": 4.5}
[2026-09-29 00:31:51] pid=12188 ACTIVE cpu=6903.7s(+54.9s) ws=17MB hb={"stage": "build_arb_tau:start", "ts": "2026-09-29 00:30:54", "age_s": 57.5}
[2026-09-29 00:32:51] pid=12188 ACTIVE cpu=6955.8s(+52.1s) ws=17MB hb={"stage": "build_arb_tau:start", "ts": "2026-09-29 00:30:54", "age_s": 117.5}
[2026-09-29 00:33:51] pid=12188 ACTIVE cpu=7011.5s(+55.7s) ws=17MB hb={"stage": "build_arb_tau:start", "ts": "2026-09-29 00:30:54", "age_s": 177.5}
[2026-09-29 00:34:51] pid=12188 ACTIVE cpu=7057.3s(+45.8s) ws=18MB hb={"stage": "build_arb_tau:start", "ts": "2026-09-29 00:30:54", "age_s": 237.5}
[2026-09-29 00:35:51] pid=12188 ACTIVE cpu=7114.3s(+57.0s) ws=19MB hb={"stage": "build_arb_tau:start", "ts": "2026-09-29 00:30:54", "age_s": 297.5}
[2026-09-29 00:36:51] pid=12188 ACTIVE cpu=7172.4s(+58.1s) ws=143MB hb={"stage": "build_arb_tau:start", "ts": "2026-09-29 00:30:54", "age_s": 357.5}
[2026-09-29 00:37:51] pid=12188 ACTIVE cpu=7232.3s(+59.9s) ws=150MB hb={"stage": "build_arb_tau:start", "ts": "2026-09-29 00:30:54", "age_s": 417.5}
[2026-09-29 00:38:51] pid=12188 ACTIVE cpu=7284.6s(+52.3s) ws=156MB hb={"stage": "build_arb_tau:start", "ts": "2026-09-29 00:30:54", "age_s": 477.5}
[2026-09-29 00:39:51] pid=12188 ACTIVE cpu=7341.5s(+56.9s) ws=162MB hb={"stage": "build_arb_tau:start", "ts": "2026-09-29 00:30:54", "age_s": 537.5}
[2026-09-29 00:40:51] pid=12188 ACTIVE cpu=7396.3s(+54.8s) ws=168MB hb={"stage": "build_arb_tau:start", "ts": "2026-09-29 00:30:54", "age_s": 597.5}
[2026-09-29 00:41:51] pid=12188 ACTIVE cpu=7454.7s(+58.5s) ws=169MB hb={"stage": "build_arb_tau:start", "ts": "2026-09-29 00:30:54", "age_s": 657.5}
[2026-09-29 00:42:51] pid=12188 ACTIVE cpu=7512.4s(+57.7s) ws=167MB hb={"stage": "build_arb_tau:start", "ts": "2026-09-29 00:30:54", "age_s": 717.5}
[2026-09-29 00:43:51] pid=12188 ACTIVE cpu=7571.6s(+59.2s) ws=148MB hb={"stage": "build_arb_tau:start", "ts": "2026-09-29 00:30:54", "age_s": 777.5}
[2026-09-29 00:44:51] pid=12188 ACTIVE cpu=7630.7s(+59.1s) ws=131MB hb={"stage": "build_arb_tau:start", "ts": "2026-09-29 00:30:54", "age_s": 837.5}
[2026-09-29 00:45:51] pid=12188 ACTIVE cpu=7689.9s(+59.1s) ws=118MB hb={"stage": "build_arb_tau:start", "ts": "2026-09-29 00:30:54", "age_s": 897.5}
[2026-09-29 01:16:19] WATCHDOG start pid=1420 interval=60s
[2026-09-29 01:17:19] pid=1420 ACTIVE cpu=66.1s(+66.1s) ws=37MB hb={"stage": "build_arb_tau:start", "ts": "2026-09-29 01:16:11", "age_s": 68.7}
[2026-09-29 01:18:19] pid=1420 ACTIVE cpu=125.1s(+59.0s) ws=37MB hb={"stage": "build_arb_tau:start", "ts": "2026-09-29 01:16:11", "age_s": 128.7}
[2026-09-29 01:19:19] pid=1420 ACTIVE cpu=181.7s(+56.6s) ws=71MB hb={"stage": "build_arb_tau:start", "ts": "2026-09-29 01:16:11", "age_s": 188.7}
[2026-09-29 01:20:19] pid=1420 ACTIVE cpu=239.1s(+57.5s) ws=76MB hb={"stage": "build_arb_tau:start", "ts": "2026-09-29 01:16:11", "age_s": 248.7}
[2026-09-29 01:21:19] pid=1420 ACTIVE cpu=297.4s(+58.3s) ws=55MB hb={"stage": "build_arb_tau:start", "ts": "2026-09-29 01:16:11", "age_s": 308.8}
[2026-09-29 01:22:19] pid=1420 ACTIVE cpu=354.1s(+56.7s) ws=61MB hb={"stage": "build_arb_tau:start", "ts": "2026-09-29 01:16:11", "age_s": 368.8}
[2026-09-29 01:23:19] pid=1420 ACTIVE cpu=410.5s(+56.4s) ws=67MB hb={"stage": "build_arb_tau:start", "ts": "2026-09-29 01:16:11", "age_s": 428.8}
[2026-09-29 01:24:19] pid=1420 ACTIVE cpu=469.5s(+59.0s) ws=73MB hb={"stage": "build_arb_tau:start", "ts": "2026-09-29 01:16:11", "age_s": 488.8}
[2026-09-29 01:25:19] pid=1420 ACTIVE cpu=525.3s(+55.8s) ws=70MB hb={"stage": "build_arb_tau:start", "ts": "2026-09-29 01:16:11", "age_s": 548.8}
[2026-09-29 01:26:19] pid=1420 ACTIVE cpu=584.0s(+58.8s) ws=68MB hb={"stage": "build_arb_tau:start", "ts": "2026-09-29 01:16:11", "age_s": 608.8}
[2026-09-29 01:27:19] pid=1420 ACTIVE cpu=642.7s(+58.6s) ws=68MB hb={"stage": "build_arb_tau:start", "ts": "2026-09-29 01:16:11", "age_s": 668.8}
[2026-09-29 01:28:19] pid=1420 ACTIVE cpu=701.0s(+58.3s) ws=63MB hb={"stage": "build_arb_tau:start", "ts": "2026-09-29 01:16:11", "age_s": 728.8}
[2026-09-29 01:29:19] pid=1420 ACTIVE cpu=759.3s(+58.4s) ws=64MB hb={"stage": "build_arb_tau:start", "ts": "2026-09-29 01:16:11", "age_s": 788.8}
[2026-09-29 01:30:19] pid=1420 ACTIVE cpu=819.3s(+59.9s) ws=72MB hb={"stage": "build_arb_tau:start", "ts": "2026-09-29 01:16:11", "age_s": 848.8}
[2026-09-29 01:31:19] pid=1420 ACTIVE cpu=879.2s(+60.0s) ws=81MB hb={"stage": "build_arb_tau:start", "ts": "2026-09-29 01:16:11", "age_s": 908.8}
[2026-09-29 01:32:19] pid=1420 ACTIVE cpu=939.1s(+59.9s) ws=78MB hb={"stage": "build_arb_tau:start", "ts": "2026-09-29 01:16:11", "age_s": 968.8}
[2026-09-29 01:33:19] pid=1420 ACTIVE cpu=999.0s(+59.9s) ws=57MB hb={"stage": "build_arb_tau:start", "ts": "2026-09-29 01:16:11", "age_s": 1028.8}
[2026-09-29 01:34:19] pid=1420 ACTIVE cpu=1058.9s(+60.0s) ws=39MB hb={"stage": "build_arb_tau:start", "ts": "2026-09-29 01:16:11", "age_s": 1088.8}
[2026-09-29 01:35:19] pid=1420 ACTIVE cpu=1118.9s(+59.9s) ws=39MB hb={"stage": "build_arb_tau:start", "ts": "2026-09-29 01:16:11", "age_s": 1148.8}
[2026-09-29 01:36:19] pid=1420 ACTIVE cpu=1178.9s(+60.0s) ws=47MB hb={"stage": "build_arb_tau:start", "ts": "2026-09-29 01:16:11", "age_s": 1208.8}
[2026-09-29 01:37:19] pid=1420 ACTIVE cpu=1238.7s(+59.8s) ws=38MB hb={"stage": "build_arb_tau:start", "ts": "2026-09-29 01:16:11", "age_s": 1268.8}
[2026-09-29 01:38:19] pid=1420 ACTIVE cpu=1298.6s(+59.9s) ws=30MB hb={"stage": "build_arb_tau:start", "ts": "2026-09-29 01:16:11", "age_s": 1328.8}
[2026-09-29 01:39:19] pid=1420 ACTIVE cpu=1358.0s(+59.4s) ws=37MB hb={"stage": "build_arb_tau:start", "ts": "2026-09-29 01:16:11", "age_s": 1388.8}
[2026-09-29 01:40:19] pid=1420 ACTIVE cpu=1418.0s(+60.0s) ws=44MB hb={"stage": "build_arb_tau:start", "ts": "2026-09-29 01:16:11", "age_s": 1448.8}
[2026-09-29 01:41:19] pid=1420 ACTIVE cpu=1478.0s(+60.0s) ws=32MB hb={"stage": "build_arb_tau:start", "ts": "2026-09-29 01:16:11", "age_s": 1508.8}
[2026-09-29 01:42:19] pid=1420 ACTIVE cpu=1537.7s(+59.8s) ws=30MB hb={"stage": "build_arb_tau:start", "ts": "2026-09-29 01:16:11", "age_s": 1568.8}
[2026-09-29 01:43:19] pid=1420 ACTIVE cpu=1597.7s(+60.0s) ws=39MB hb={"stage": "build_arb_tau:start", "ts": "2026-09-29 01:16:11", "age_s": 1628.8}
[2026-09-29 01:44:19] pid=1420 ACTIVE cpu=1657.7s(+60.0s) ws=38MB hb={"stage": "build_arb_tau:start", "ts": "2026-09-29 01:16:11", "age_s": 1688.8}
[2026-09-29 01:45:19] pid=1420 ACTIVE cpu=1717.6s(+59.9s) ws=28MB hb={"stage": "build_arb_tau:start", "ts": "2026-09-29 01:16:11", "age_s": 1748.8}
[2026-09-29 01:46:19] pid=1420 ACTIVE cpu=1777.6s(+60.0s) ws=33MB hb={"stage": "build_arb_tau:start", "ts": "2026-09-29 01:16:11", "age_s": 1808.8}
[2026-09-29 01:47:19] pid=1420 ACTIVE cpu=1837.6s(+60.0s) ws=42MB hb={"stage": "build_arb_tau:start", "ts": "2026-09-29 01:16:11", "age_s": 1868.8}
[2026-09-29 01:48:19] pid=1420 ACTIVE cpu=1897.5s(+60.0s) ws=33MB hb={"stage": "build_arb_tau:start", "ts": "2026-09-29 01:16:11", "age_s": 1928.8}
[2026-09-29 01:49:19] pid=1420 ACTIVE cpu=1957.5s(+60.0s) ws=28MB hb={"stage": "build_arb_tau:start", "ts": "2026-09-29 01:16:11", "age_s": 1988.8}
[2026-09-29 01:50:19] pid=1420 ACTIVE cpu=2017.5s(+59.9s) ws=37MB hb={"stage": "build_arb_tau:start", "ts": "2026-09-29 01:16:11", "age_s": 2048.8}
[2026-09-29 01:51:19] pid=1420 ACTIVE cpu=2077.4s(+60.0s) ws=37MB hb={"stage": "build_arb_tau:start", "ts": "2026-09-29 01:16:11", "age_s": 2108.8}
[2026-09-29 01:52:19] pid=1420 ACTIVE cpu=2137.3s(+59.9s) ws=29MB hb={"stage": "build_arb_tau:start", "ts": "2026-09-29 01:16:11", "age_s": 2168.8}
[2026-09-29 01:53:19] pid=1420 ACTIVE cpu=2197.2s(+59.9s) ws=33MB hb={"stage": "build_arb_tau:start", "ts": "2026-09-29 01:16:11", "age_s": 2228.8}
[2026-09-29 01:54:19] pid=1420 ACTIVE cpu=2257.1s(+59.9s) ws=41MB hb={"stage": "build_arb_tau:start", "ts": "2026-09-29 01:16:11", "age_s": 2288.8}
[2026-09-29 01:55:19] pid=1420 ACTIVE cpu=2317.0s(+60.0s) ws=35MB hb={"stage": "build_arb_tau:start", "ts": "2026-09-29 01:16:11", "age_s": 2348.8}
[2026-09-29 01:56:19] pid=1420 ACTIVE cpu=2377.0s(+60.0s) ws=26MB hb={"stage": "build_arb_tau:start", "ts": "2026-09-29 01:16:11", "age_s": 2408.8}
[2026-09-29 01:57:19] pid=1420 ACTIVE cpu=2436.9s(+59.9s) ws=35MB hb={"stage": "build_arb_tau:start", "ts": "2026-09-29 01:16:11", "age_s": 2468.8}
[2026-09-29 01:58:19] pid=1420 ACTIVE cpu=2497.0s(+60.0s) ws=43MB hb={"stage": "build_arb_tau:start", "ts": "2026-09-29 01:16:11", "age_s": 2528.8}
[2026-09-29 01:59:19] pid=1420 ACTIVE cpu=2556.9s(+60.0s) ws=30MB hb={"stage": "build_arb_tau:start", "ts": "2026-09-29 01:16:11", "age_s": 2588.8}
[2026-09-29 02:00:19] pid=1420 ACTIVE cpu=2616.9s(+59.9s) ws=30MB hb={"stage": "build_arb_tau:start", "ts": "2026-09-29 01:16:11", "age_s": 2648.8}
[2026-09-29 02:01:19] pid=1420 ACTIVE cpu=2676.9s(+60.0s) ws=38MB hb={"stage": "build_arb_tau:start", "ts": "2026-09-29 01:16:11", "age_s": 2708.8}
[2026-09-29 02:02:19] pid=1420 ACTIVE cpu=2736.8s(+59.9s) ws=36MB hb={"stage": "build_arb_tau:start", "ts": "2026-09-29 01:16:11", "age_s": 2768.8}
[2026-09-29 02:03:19] pid=1420 ACTIVE cpu=2796.8s(+60.0s) ws=26MB hb={"stage": "build_arb_tau:start", "ts": "2026-09-29 01:16:11", "age_s": 2828.8}
[2026-09-29 02:04:19] pid=1420 ACTIVE cpu=2856.8s(+60.0s) ws=35MB hb={"stage": "build_arb_tau:start", "ts": "2026-09-29 01:16:11", "age_s": 2888.8}
[2026-09-29 02:05:19] pid=1420 ACTIVE cpu=2916.7s(+59.9s) ws=40MB hb={"stage": "build_arb_tau:start", "ts": "2026-09-29 01:16:11", "age_s": 2948.8}
[2026-09-29 02:06:19] pid=1420 ACTIVE cpu=2976.7s(+60.0s) ws=28MB hb={"stage": "build_arb_tau:start", "ts": "2026-09-29 01:16:11", "age_s": 3008.8}
[2026-09-29 02:07:19] pid=1420 ACTIVE cpu=3036.6s(+59.9s) ws=31MB hb={"stage": "build_arb_tau:start", "ts": "2026-09-29 01:16:11", "age_s": 3068.8}
[2026-09-29 02:08:19] pid=1420 ACTIVE cpu=3096.6s(+60.0s) ws=39MB hb={"stage": "build_arb_tau:start", "ts": "2026-09-29 01:16:11", "age_s": 3128.8}
[2026-09-29 02:09:19] pid=1420 ACTIVE cpu=3156.5s(+60.0s) ws=37MB hb={"stage": "build_arb_tau:start", "ts": "2026-09-29 01:16:11", "age_s": 3188.8}
[2026-09-29 02:10:19] pid=1420 ACTIVE cpu=3216.5s(+60.0s) ws=26MB hb={"stage": "build_arb_tau:start", "ts": "2026-09-29 01:16:11", "age_s": 3248.8}
[2026-09-29 02:11:19] pid=1420 ACTIVE cpu=3276.5s(+60.0s) ws=33MB hb={"stage": "build_arb_tau:start", "ts": "2026-09-29 01:16:11", "age_s": 3308.8}
[2026-09-29 02:12:19] pid=1420 ACTIVE cpu=3336.4s(+60.0s) ws=41MB hb={"stage": "build_arb_tau:start", "ts": "2026-09-29 01:16:11", "age_s": 3368.8}
[2026-09-29 02:13:19] pid=1420 ACTIVE cpu=3396.4s(+60.0s) ws=32MB hb={"stage": "build_arb_tau:start", "ts": "2026-09-29 01:16:11", "age_s": 3428.8}
[2026-09-29 02:14:19] pid=1420 ACTIVE cpu=3456.3s(+59.9s) ws=28MB hb={"stage": "build_arb_tau:start", "ts": "2026-09-29 01:16:11", "age_s": 3488.8}
[2026-09-29 02:15:19] pid=1420 ACTIVE cpu=3516.3s(+60.0s) ws=37MB hb={"stage": "build_arb_tau:start", "ts": "2026-09-29 01:16:11", "age_s": 3548.8}
[2026-09-29 02:16:19] pid=1420 ACTIVE cpu=3576.3s(+60.0s) ws=37MB hb={"stage": "build_arb_tau:start", "ts": "2026-09-29 01:16:11", "age_s": 3608.8}
[2026-09-29 02:17:19] pid=1420 ACTIVE cpu=3636.2s(+59.9s) ws=28MB hb={"stage": "build_arb_tau:start", "ts": "2026-09-29 01:16:11", "age_s": 3668.8}
[2026-09-29 02:18:19] pid=1420 ACTIVE cpu=3696.2s(+60.0s) ws=32MB hb={"stage": "build_arb_tau:start", "ts": "2026-09-29 01:16:11", "age_s": 3728.8}
[2026-09-29 02:19:19] pid=1420 ACTIVE cpu=3756.1s(+59.9s) ws=41MB hb={"stage": "build_arb_tau:start", "ts": "2026-09-29 01:16:11", "age_s": 3788.8}
[2026-09-29 02:20:19] pid=1420 ACTIVE cpu=3816.1s(+60.0s) ws=31MB hb={"stage": "build_arb_tau:start", "ts": "2026-09-29 01:16:11", "age_s": 3848.8}
[2026-09-29 02:21:19] pid=1420 ACTIVE cpu=3876.0s(+60.0s) ws=28MB hb={"stage": "build_arb_tau:start", "ts": "2026-09-29 01:16:11", "age_s": 3908.8}
[2026-09-29 02:22:19] pid=1420 ACTIVE cpu=3936.0s(+59.9s) ws=37MB hb={"stage": "build_arb_tau:start", "ts": "2026-09-29 01:16:11", "age_s": 3968.8}
[2026-09-29 02:23:19] pid=1420 ACTIVE cpu=3995.9s(+60.0s) ws=40MB hb={"stage": "build_arb_tau:start", "ts": "2026-09-29 01:16:11", "age_s": 4028.8}
[2026-09-29 02:24:19] pid=1420 ACTIVE cpu=4055.9s(+60.0s) ws=28MB hb={"stage": "build_arb_tau:start", "ts": "2026-09-29 01:16:11", "age_s": 4088.8}
[2026-09-29 02:25:19] pid=1420 ACTIVE cpu=4115.9s(+60.0s) ws=32MB hb={"stage": "build_arb_tau:start", "ts": "2026-09-29 01:16:11", "age_s": 4148.8}
[2026-09-29 02:26:19] pid=1420 ACTIVE cpu=4175.9s(+60.0s) ws=40MB hb={"stage": "build_arb_tau:start", "ts": "2026-09-29 01:16:11", "age_s": 4208.8}
[2026-09-29 02:27:19] pid=1420 ACTIVE cpu=4235.8s(+59.9s) ws=32MB hb={"stage": "build_arb_tau:start", "ts": "2026-09-29 01:16:11", "age_s": 4268.8}
[2026-09-29 02:28:19] pid=1420 ACTIVE cpu=4295.8s(+60.0s) ws=28MB hb={"stage": "build_arb_tau:start", "ts": "2026-09-29 01:16:11", "age_s": 4328.8}
[2026-09-29 02:29:19] pid=1420 ACTIVE cpu=4355.7s(+59.9s) ws=36MB hb={"stage": "build_arb_tau:start", "ts": "2026-09-29 01:16:11", "age_s": 4388.8}
[2026-09-29 02:30:19] pid=1420 ACTIVE cpu=4415.2s(+59.5s) ws=39MB hb={"stage": "build_arb_tau:start", "ts": "2026-09-29 01:16:11", "age_s": 4448.8}
[2026-09-29 02:31:19] pid=1420 ACTIVE cpu=4475.2s(+60.0s) ws=27MB hb={"stage": "build_arb_tau:start", "ts": "2026-09-29 01:16:11", "age_s": 4508.8}
[2026-09-29 02:32:19] pid=1420 ACTIVE cpu=4535.1s(+59.9s) ws=31MB hb={"stage": "build_arb_tau:start", "ts": "2026-09-29 01:16:11", "age_s": 4568.8}
[2026-09-29 02:33:19] pid=1420 ACTIVE cpu=4595.1s(+60.0s) ws=40MB hb={"stage": "build_arb_tau:start", "ts": "2026-09-29 01:16:11", "age_s": 4628.8}
[2026-09-29 02:34:19] pid=1420 ACTIVE cpu=4655.0s(+60.0s) ws=33MB hb={"stage": "build_arb_tau:start", "ts": "2026-09-29 01:16:11", "age_s": 4688.8}
[2026-09-29 02:35:19] pid=1420 ACTIVE cpu=4715.0s(+60.0s) ws=27MB hb={"stage": "build_arb_tau:start", "ts": "2026-09-29 01:16:11", "age_s": 4748.8}
[2026-09-29 02:36:19] pid=1420 ACTIVE cpu=4775.0s(+60.0s) ws=36MB hb={"stage": "build_arb_tau:start", "ts": "2026-09-29 01:16:11", "age_s": 4808.8}
[2026-09-29 02:37:19] pid=1420 ACTIVE cpu=4834.9s(+59.9s) ws=38MB hb={"stage": "build_arb_tau:start", "ts": "2026-09-29 01:16:11", "age_s": 4868.8}
[2026-09-29 02:38:19] pid=1420 ACTIVE cpu=4894.7s(+59.8s) ws=28MB hb={"stage": "build_arb_tau:start", "ts": "2026-09-29 01:16:11", "age_s": 4928.8}
[2026-09-29 02:39:19] pid=1420 ACTIVE cpu=4954.7s(+60.0s) ws=32MB hb={"stage": "build_arb_tau:start", "ts": "2026-09-29 01:16:11", "age_s": 4988.8}
[2026-09-29 02:40:19] pid=1420 ACTIVE cpu=5014.1s(+59.4s) ws=40MB hb={"stage": "build_arb_tau:start", "ts": "2026-09-29 01:16:11", "age_s": 5048.8}
[2026-09-29 02:41:19] pid=1420 ACTIVE cpu=5074.1s(+60.0s) ws=31MB hb={"stage": "build_arb_tau:start", "ts": "2026-09-29 01:16:11", "age_s": 5108.8}
[2026-09-29 02:42:19] pid=1420 ACTIVE cpu=5132.8s(+58.7s) ws=27MB hb={"stage": "build_arb_tau:start", "ts": "2026-09-29 01:16:11", "age_s": 5168.8}
[2026-09-29 02:43:19] pid=1420 ACTIVE cpu=5192.7s(+59.9s) ws=36MB hb={"stage": "build_arb_tau:start", "ts": "2026-09-29 01:16:11", "age_s": 5228.8}
[2026-09-29 02:44:19] pid=1420 ACTIVE cpu=5252.7s(+60.0s) ws=38MB hb={"stage": "build_arb_tau:start", "ts": "2026-09-29 01:16:11", "age_s": 5288.8}
[2026-09-29 02:45:19] pid=1420 ACTIVE cpu=5312.6s(+59.9s) ws=29MB hb={"stage": "build_arb_tau:start", "ts": "2026-09-29 01:16:11", "age_s": 5348.8}
[2026-09-29 02:46:19] pid=1420 ACTIVE cpu=5372.5s(+60.0s) ws=29MB hb={"stage": "build_arb_tau:start", "ts": "2026-09-29 01:16:11", "age_s": 5408.8}
[2026-09-29 02:47:19] pid=1420 ACTIVE cpu=5432.5s(+59.9s) ws=38MB hb={"stage": "build_arb_tau:start", "ts": "2026-09-29 01:16:11", "age_s": 5468.8}
[2026-09-29 02:48:19] pid=1420 ACTIVE cpu=5492.4s(+59.9s) ws=34MB hb={"stage": "build_arb_tau:start", "ts": "2026-09-29 01:16:11", "age_s": 5528.8}
[2026-09-29 02:49:19] pid=1420 ACTIVE cpu=5552.3s(+59.9s) ws=25MB hb={"stage": "build_arb_tau:start", "ts": "2026-09-29 01:16:11", "age_s": 5588.8}
[2026-09-29 02:50:19] pid=1420 ACTIVE cpu=5612.3s(+60.0s) ws=33MB hb={"stage": "build_arb_tau:start", "ts": "2026-09-29 01:16:11", "age_s": 5648.8}
[2026-09-29 02:51:19] pid=1420 ACTIVE cpu=5672.3s(+60.0s) ws=38MB hb={"stage": "build_arb_tau:start", "ts": "2026-09-29 01:16:11", "age_s": 5708.9}
[2026-09-29 02:52:19] pid=1420 ACTIVE cpu=5732.2s(+59.9s) ws=31MB hb={"stage": "build_arb_tau:start", "ts": "2026-09-29 01:16:11", "age_s": 5768.9}
[2026-09-29 02:53:19] pid=1420 ACTIVE cpu=5792.1s(+59.9s) ws=29MB hb={"stage": "build_arb_tau:start", "ts": "2026-09-29 01:16:11", "age_s": 5828.9}
[2026-09-29 02:54:19] pid=1420 ACTIVE cpu=5852.1s(+60.0s) ws=37MB hb={"stage": "build_arb_tau:start", "ts": "2026-09-29 01:16:11", "age_s": 5888.9}
[2026-09-29 02:55:19] pid=1420 ACTIVE cpu=5912.0s(+59.9s) ws=40MB hb={"stage": "build_arb_tau:start", "ts": "2026-09-29 01:16:11", "age_s": 5948.9}
[2026-09-29 02:56:19] pid=1420 ACTIVE cpu=5972.0s(+60.0s) ws=27MB hb={"stage": "build_arb_tau:start", "ts": "2026-09-29 01:16:11", "age_s": 6008.9}
[2026-09-29 02:57:19] pid=1420 ACTIVE cpu=6031.9s(+59.9s) ws=29MB hb={"stage": "build_arb_tau:start", "ts": "2026-09-29 01:16:11", "age_s": 6068.9}
[2026-09-29 02:58:19] pid=1420 ACTIVE cpu=6091.9s(+60.0s) ws=38MB hb={"stage": "build_arb_tau:start", "ts": "2026-09-29 01:16:11", "age_s": 6128.9}
[2026-09-29 02:59:19] pid=1420 ACTIVE cpu=6150.8s(+58.9s) ws=36MB hb={"stage": "build_arb_tau:start", "ts": "2026-09-29 01:16:11", "age_s": 6188.9}
[2026-09-29 03:00:19] pid=1420 ACTIVE cpu=6210.7s(+60.0s) ws=946MB hb={"stage": "certified_ldlt:start", "ts": "2026-09-29 02:59:25", "age_s": 54.9}
[2026-09-29 03:01:19] pid=1420 ACTIVE cpu=6270.7s(+60.0s) ws=973MB hb={"stage": "certified_ldlt:start", "ts": "2026-09-29 02:59:25", "age_s": 114.9}
[2026-09-29 03:02:19] pid=1420 ACTIVE cpu=6330.6s(+59.9s) ws=816MB hb={"stage": "certified_ldlt:start", "ts": "2026-09-29 02:59:25", "age_s": 174.9}
[2026-09-29 03:03:19] pid=1420 ACTIVE cpu=6390.6s(+60.0s) ws=548MB hb={"stage": "certified_ldlt:start", "ts": "2026-09-29 02:59:25", "age_s": 234.9}
[2026-09-29 03:04:19] pid=1420 ACTIVE cpu=6450.6s(+60.0s) ws=476MB hb={"stage": "certified_ldlt:start", "ts": "2026-09-29 02:59:25", "age_s": 294.9}
[2026-09-29 03:05:19] pid=1420 ACTIVE cpu=6510.5s(+59.9s) ws=350MB hb={"stage": "certified_ldlt:start", "ts": "2026-09-29 02:59:25", "age_s": 354.9}
[2026-09-29 03:06:19] pid=1420 ACTIVE cpu=6570.5s(+60.0s) ws=387MB hb={"stage": "certified_ldlt:start", "ts": "2026-09-29 02:59:25", "age_s": 414.9}
[2026-09-29 03:07:19] pid=1420 ACTIVE cpu=6630.5s(+60.0s) ws=383MB hb={"stage": "certified_ldlt:start", "ts": "2026-09-29 02:59:25", "age_s": 474.9}
[2026-09-29 03:08:19] pid=1420 ACTIVE cpu=6690.4s(+60.0s) ws=300MB hb={"stage": "certified_ldlt:start", "ts": "2026-09-29 02:59:25", "age_s": 534.9}
[2026-09-29 03:09:19] pid=1420 ACTIVE cpu=6750.4s(+60.0s) ws=321MB hb={"stage": "certified_ldlt:start", "ts": "2026-09-29 02:59:25", "age_s": 594.9}
[2026-09-29 03:10:19] pid=1420 ACTIVE cpu=6810.3s(+59.9s) ws=275MB hb={"stage": "certified_ldlt:start", "ts": "2026-09-29 02:59:25", "age_s": 654.9}
[2026-09-29 03:11:19] pid=1420 ACTIVE cpu=6870.3s(+60.0s) ws=292MB hb={"stage": "certified_ldlt:start", "ts": "2026-09-29 02:59:25", "age_s": 714.9}
[2026-09-29 03:12:19] pid=1420 ACTIVE cpu=6930.2s(+59.9s) ws=266MB hb={"stage": "certified_ldlt:start", "ts": "2026-09-29 02:59:25", "age_s": 774.9}
[2026-09-29 03:13:19] pid=1420 ACTIVE cpu=6990.2s(+60.0s) ws=273MB hb={"stage": "certified_ldlt:start", "ts": "2026-09-29 02:59:25", "age_s": 834.9}
[2026-09-29 03:14:19] pid=1420 ACTIVE cpu=7050.2s(+60.0s) ws=277MB hb={"stage": "certified_ldlt:start", "ts": "2026-09-29 02:59:25", "age_s": 894.9}
[2026-09-29 03:15:19] pid=1420 ACTIVE cpu=7110.1s(+59.9s) ws=251MB hb={"stage": "certified_ldlt:start", "ts": "2026-09-29 02:59:25", "age_s": 954.9}
[2026-09-29 03:16:19] pid=1420 ACTIVE cpu=7170.1s(+60.0s) ws=250MB hb={"stage": "certified_ldlt:start", "ts": "2026-09-29 02:59:25", "age_s": 1014.9}
[2026-09-29 03:17:19] pid=1420 ACTIVE cpu=7230.0s(+59.9s) ws=220MB hb={"stage": "certified_ldlt:start", "ts": "2026-09-29 02:59:25", "age_s": 1074.9}
[2026-09-29 03:18:19] pid=1420 ACTIVE cpu=7290.0s(+60.0s) ws=219MB hb={"stage": "certified_ldlt:start", "ts": "2026-09-29 02:59:25", "age_s": 1134.9}
[2026-09-29 03:19:19] pid=1420 ACTIVE cpu=7350.0s(+60.0s) ws=195MB hb={"stage": "build_arb_tau:start", "ts": "2026-09-29 03:18:57", "age_s": 22.9}
[2026-09-29 03:20:19] pid=1420 ACTIVE cpu=7409.9s(+60.0s) ws=166MB hb={"stage": "build_arb_tau:start", "ts": "2026-09-29 03:18:57", "age_s": 82.9}
[2026-09-29 03:21:19] pid=1420 ACTIVE cpu=7469.9s(+60.0s) ws=106MB hb={"stage": "build_arb_tau:start", "ts": "2026-09-29 03:18:57", "age_s": 142.9}
[2026-09-29 03:22:19] pid=1420 ACTIVE cpu=7529.8s(+59.9s) ws=66MB hb={"stage": "build_arb_tau:start", "ts": "2026-09-29 03:18:57", "age_s": 202.9}
[2026-09-29 03:23:19] pid=1420 ACTIVE cpu=7589.8s(+60.0s) ws=40MB hb={"stage": "build_arb_tau:start", "ts": "2026-09-29 03:18:57", "age_s": 262.9}
[2026-09-29 03:24:19] pid=1420 ACTIVE cpu=7649.8s(+60.0s) ws=29MB hb={"stage": "build_arb_tau:start", "ts": "2026-09-29 03:18:57", "age_s": 322.9}
[2026-09-29 03:25:19] pid=1420 ACTIVE cpu=7709.7s(+59.9s) ws=22MB hb={"stage": "build_arb_tau:start", "ts": "2026-09-29 03:18:57", "age_s": 382.9}
[2026-09-29 03:26:19] pid=1420 ACTIVE cpu=7769.7s(+60.0s) ws=22MB hb={"stage": "build_arb_tau:start", "ts": "2026-09-29 03:18:57", "age_s": 442.9}
[2026-09-29 03:27:19] pid=1420 ACTIVE cpu=7829.6s(+59.9s) ws=21MB hb={"stage": "build_arb_tau:start", "ts": "2026-09-29 03:18:57", "age_s": 502.9}
[2026-09-29 03:28:19] pid=1420 ACTIVE cpu=7889.6s(+60.0s) ws=22MB hb={"stage": "build_arb_tau:start", "ts": "2026-09-29 03:18:57", "age_s": 562.9}
[2026-09-29 03:29:19] pid=1420 ACTIVE cpu=7949.5s(+59.9s) ws=22MB hb={"stage": "build_arb_tau:start", "ts": "2026-09-29 03:18:57", "age_s": 622.9}
[2026-09-29 03:30:19] pid=1420 ACTIVE cpu=8009.4s(+60.0s) ws=22MB hb={"stage": "build_arb_tau:start", "ts": "2026-09-29 03:18:57", "age_s": 682.9}
[2026-09-29 03:31:19] pid=1420 ACTIVE cpu=8068.8s(+59.3s) ws=57MB hb={"stage": "build_arb_tau:start", "ts": "2026-09-29 03:18:57", "age_s": 742.9}
[2026-09-29 03:32:19] pid=1420 ACTIVE cpu=8128.7s(+60.0s) ws=59MB hb={"stage": "build_arb_tau:start", "ts": "2026-09-29 03:18:57", "age_s": 802.9}
[2026-09-29 03:33:19] pid=1420 ACTIVE cpu=8188.5s(+59.8s) ws=49MB hb={"stage": "build_arb_tau:start", "ts": "2026-09-29 03:18:57", "age_s": 862.9}
[2026-09-29 03:34:19] pid=1420 ACTIVE cpu=8248.5s(+60.0s) ws=37MB hb={"stage": "build_arb_tau:start", "ts": "2026-09-29 03:18:57", "age_s": 922.9}
[2026-09-29 03:35:19] pid=1420 ACTIVE cpu=8308.5s(+60.0s) ws=37MB hb={"stage": "build_arb_tau:start", "ts": "2026-09-29 03:18:57", "age_s": 982.9}
[2026-09-29 03:36:19] pid=1420 ACTIVE cpu=8368.5s(+60.0s) ws=27MB hb={"stage": "build_arb_tau:start", "ts": "2026-09-29 03:18:57", "age_s": 1042.9}
[2026-09-29 03:37:19] pid=1420 ACTIVE cpu=8428.4s(+60.0s) ws=32MB hb={"stage": "build_arb_tau:start", "ts": "2026-09-29 03:18:57", "age_s": 1102.9}
[2026-09-29 03:38:19] pid=1420 ACTIVE cpu=8488.4s(+60.0s) ws=39MB hb={"stage": "build_arb_tau:start", "ts": "2026-09-29 03:18:57", "age_s": 1162.9}
[2026-09-29 03:39:19] pid=1420 ACTIVE cpu=8548.4s(+60.0s) ws=27MB hb={"stage": "build_arb_tau:start", "ts": "2026-09-29 03:18:57", "age_s": 1222.9}
[2026-09-29 03:40:19] pid=1420 ACTIVE cpu=8608.4s(+60.0s) ws=32MB hb={"stage": "build_arb_tau:start", "ts": "2026-09-29 03:18:57", "age_s": 1282.9}
[2026-09-29 03:41:19] pid=1420 ACTIVE cpu=8667.9s(+59.6s) ws=37MB hb={"stage": "build_arb_tau:start", "ts": "2026-09-29 03:18:57", "age_s": 1342.9}
[2026-09-29 03:42:19] pid=1420 ACTIVE cpu=8727.8s(+59.9s) ws=27MB hb={"stage": "build_arb_tau:start", "ts": "2026-09-29 03:18:57", "age_s": 1402.9}
[2026-09-29 03:43:19] pid=1420 ACTIVE cpu=8787.7s(+59.8s) ws=32MB hb={"stage": "build_arb_tau:start", "ts": "2026-09-29 03:18:57", "age_s": 1462.9}
[2026-09-29 03:44:19] pid=1420 ACTIVE cpu=8847.6s(+60.0s) ws=37MB hb={"stage": "build_arb_tau:start", "ts": "2026-09-29 03:18:57", "age_s": 1522.9}
[2026-09-29 03:45:19] pid=1420 ACTIVE cpu=8907.6s(+60.0s) ws=26MB hb={"stage": "build_arb_tau:start", "ts": "2026-09-29 03:18:57", "age_s": 1582.9}
[2026-09-29 03:46:19] pid=1420 ACTIVE cpu=8967.5s(+59.9s) ws=32MB hb={"stage": "build_arb_tau:start", "ts": "2026-09-29 03:18:57", "age_s": 1642.9}
[2026-09-29 03:47:19] pid=1420 ACTIVE cpu=9027.4s(+60.0s) ws=35MB hb={"stage": "build_arb_tau:start", "ts": "2026-09-29 03:18:57", "age_s": 1702.9}
[2026-09-29 03:48:19] pid=1420 ACTIVE cpu=9087.4s(+60.0s) ws=25MB hb={"stage": "build_arb_tau:start", "ts": "2026-09-29 03:18:57", "age_s": 1762.9}
[2026-09-29 03:49:19] pid=1420 ACTIVE cpu=9147.4s(+60.0s) ws=33MB hb={"stage": "build_arb_tau:start", "ts": "2026-09-29 03:18:57", "age_s": 1822.9}
[2026-09-29 03:50:19] pid=1420 ACTIVE cpu=9207.4s(+60.0s) ws=32MB hb={"stage": "build_arb_tau:start", "ts": "2026-09-29 03:18:57", "age_s": 1882.9}
[2026-09-29 03:51:19] pid=1420 ACTIVE cpu=9267.3s(+59.9s) ws=26MB hb={"stage": "build_arb_tau:start", "ts": "2026-09-29 03:18:57", "age_s": 1942.9}
[2026-09-29 03:52:19] pid=1420 ACTIVE cpu=9327.1s(+59.8s) ws=34MB hb={"stage": "build_arb_tau:start", "ts": "2026-09-29 03:18:57", "age_s": 2002.9}
[2026-09-29 03:53:19] pid=1420 ACTIVE cpu=9387.0s(+59.9s) ws=35MB hb={"stage": "build_arb_tau:start", "ts": "2026-09-29 03:18:57", "age_s": 2062.9}
[2026-09-29 03:54:19] pid=1420 ACTIVE cpu=9447.0s(+60.0s) ws=26MB hb={"stage": "build_arb_tau:start", "ts": "2026-09-29 03:18:57", "age_s": 2122.9}
[2026-09-29 03:55:19] pid=1420 ACTIVE cpu=9507.0s(+60.0s) ws=33MB hb={"stage": "build_arb_tau:start", "ts": "2026-09-29 03:18:57", "age_s": 2182.9}
[2026-09-29 03:56:19] pid=1420 ACTIVE cpu=9566.9s(+59.9s) ws=32MB hb={"stage": "build_arb_tau:start", "ts": "2026-09-29 03:18:57", "age_s": 2242.9}
[2026-09-29 03:57:19] pid=1420 ACTIVE cpu=9626.8s(+59.9s) ws=26MB hb={"stage": "build_arb_tau:start", "ts": "2026-09-29 03:18:57", "age_s": 2302.9}
[2026-09-29 03:58:19] pid=1420 ACTIVE cpu=9686.2s(+59.4s) ws=33MB hb={"stage": "build_arb_tau:start", "ts": "2026-09-29 03:18:57", "age_s": 2362.9}
[2026-09-29 03:59:19] pid=1420 ACTIVE cpu=9746.2s(+60.0s) ws=33MB hb={"stage": "build_arb_tau:start", "ts": "2026-09-29 03:18:57", "age_s": 2422.9}
[2026-09-29 04:00:19] pid=1420 ACTIVE cpu=9806.1s(+60.0s) ws=26MB hb={"stage": "build_arb_tau:start", "ts": "2026-09-29 03:18:57", "age_s": 2482.9}
[2026-09-29 04:01:19] pid=1420 ACTIVE cpu=9866.0s(+59.9s) ws=34MB hb={"stage": "build_arb_tau:start", "ts": "2026-09-29 03:18:57", "age_s": 2542.9}
[2026-09-29 04:02:19] pid=1420 ACTIVE cpu=9926.0s(+60.0s) ws=31MB hb={"stage": "build_arb_tau:start", "ts": "2026-09-29 03:18:57", "age_s": 2602.9}
[2026-09-29 04:03:19] pid=1420 ACTIVE cpu=9986.0s(+60.0s) ws=28MB hb={"stage": "build_arb_tau:start", "ts": "2026-09-29 03:18:57", "age_s": 2662.9}
[2026-09-29 04:04:19] pid=1420 ACTIVE cpu=10045.9s(+60.0s) ws=35MB hb={"stage": "build_arb_tau:start", "ts": "2026-09-29 03:18:57", "age_s": 2722.9}
[2026-09-29 04:05:19] pid=1420 ACTIVE cpu=10105.9s(+60.0s) ws=27MB hb={"stage": "build_arb_tau:start", "ts": "2026-09-29 03:18:57", "age_s": 2782.9}
[2026-09-29 04:06:19] pid=1420 ACTIVE cpu=10165.8s(+59.9s) ws=30MB hb={"stage": "build_arb_tau:start", "ts": "2026-09-29 03:18:57", "age_s": 2842.9}
[2026-09-29 04:07:19] pid=1420 ACTIVE cpu=10225.8s(+60.0s) ws=37MB hb={"stage": "build_arb_tau:start", "ts": "2026-09-29 03:18:57", "age_s": 2902.9}
[2026-09-29 04:08:19] pid=1420 ACTIVE cpu=10285.8s(+60.0s) ws=28MB hb={"stage": "build_arb_tau:start", "ts": "2026-09-29 03:18:57", "age_s": 2962.9}
[2026-09-29 04:09:19] pid=1420 ACTIVE cpu=10345.8s(+60.0s) ws=31MB hb={"stage": "build_arb_tau:start", "ts": "2026-09-29 03:18:57", "age_s": 3023.0}
[2026-09-29 04:10:19] pid=1420 ACTIVE cpu=10405.8s(+60.0s) ws=35MB hb={"stage": "build_arb_tau:start", "ts": "2026-09-29 03:18:57", "age_s": 3083.0}
[2026-09-29 04:11:19] pid=1420 ACTIVE cpu=10465.7s(+60.0s) ws=25MB hb={"stage": "build_arb_tau:start", "ts": "2026-09-29 03:18:57", "age_s": 3143.0}
[2026-09-29 04:12:19] pid=1420 ACTIVE cpu=10525.6s(+59.9s) ws=33MB hb={"stage": "build_arb_tau:start", "ts": "2026-09-29 03:18:57", "age_s": 3203.0}
[2026-09-29 04:13:19] pid=1420 ACTIVE cpu=10585.6s(+60.0s) ws=34MB hb={"stage": "build_arb_tau:start", "ts": "2026-09-29 03:18:57", "age_s": 3263.0}
[2026-09-29 04:14:19] pid=1420 ACTIVE cpu=10645.5s(+59.9s) ws=26MB hb={"stage": "build_arb_tau:start", "ts": "2026-09-29 03:18:57", "age_s": 3323.0}
[2026-09-29 04:15:19] pid=1420 ACTIVE cpu=10705.5s(+60.0s) ws=34MB hb={"stage": "build_arb_tau:start", "ts": "2026-09-29 03:18:57", "age_s": 3383.0}
[2026-09-29 04:16:19] pid=1420 ACTIVE cpu=10765.4s(+59.9s) ws=33MB hb={"stage": "build_arb_tau:start", "ts": "2026-09-29 03:18:57", "age_s": 3443.0}
[2026-09-29 04:17:19] pid=1420 ACTIVE cpu=10825.3s(+59.9s) ws=27MB hb={"stage": "build_arb_tau:start", "ts": "2026-09-29 03:18:57", "age_s": 3503.0}
[2026-09-29 04:18:19] pid=1420 ACTIVE cpu=10885.3s(+60.0s) ws=34MB hb={"stage": "build_arb_tau:start", "ts": "2026-09-29 03:18:57", "age_s": 3563.0}
[2026-09-29 04:19:19] pid=1420 ACTIVE cpu=10945.3s(+60.0s) ws=33MB hb={"stage": "build_arb_tau:start", "ts": "2026-09-29 03:18:57", "age_s": 3623.0}
[2026-09-29 04:20:19] pid=1420 ACTIVE cpu=11005.3s(+60.0s) ws=26MB hb={"stage": "build_arb_tau:start", "ts": "2026-09-29 03:18:57", "age_s": 3683.0}
[2026-09-29 04:21:19] pid=1420 ACTIVE cpu=11065.2s(+59.9s) ws=34MB hb={"stage": "build_arb_tau:start", "ts": "2026-09-29 03:18:57", "age_s": 3743.0}
[2026-09-29 04:22:19] pid=1420 ACTIVE cpu=11125.1s(+59.9s) ws=33MB hb={"stage": "build_arb_tau:start", "ts": "2026-09-29 03:18:57", "age_s": 3803.0}
[2026-09-29 04:23:19] pid=1420 ACTIVE cpu=11184.8s(+59.8s) ws=28MB hb={"stage": "build_arb_tau:start", "ts": "2026-09-29 03:18:57", "age_s": 3863.0}
[2026-09-29 04:24:19] pid=1420 ACTIVE cpu=11244.8s(+60.0s) ws=36MB hb={"stage": "build_arb_tau:start", "ts": "2026-09-29 03:18:57", "age_s": 3923.0}
[2026-09-29 04:25:19] pid=1420 ACTIVE cpu=11304.8s(+60.0s) ws=31MB hb={"stage": "build_arb_tau:start", "ts": "2026-09-29 03:18:57", "age_s": 3983.0}
[2026-09-29 04:26:19] pid=1420 ACTIVE cpu=11364.7s(+59.9s) ws=28MB hb={"stage": "build_arb_tau:start", "ts": "2026-09-29 03:18:57", "age_s": 4043.0}
[2026-09-29 04:27:19] pid=1420 ACTIVE cpu=11424.6s(+59.9s) ws=35MB hb={"stage": "build_arb_tau:start", "ts": "2026-09-29 03:18:57", "age_s": 4103.0}
[2026-09-29 04:28:19] pid=1420 ACTIVE cpu=11484.6s(+60.0s) ws=29MB hb={"stage": "build_arb_tau:start", "ts": "2026-09-29 03:18:57", "age_s": 4163.0}
[2026-09-29 04:29:19] pid=1420 ACTIVE cpu=11544.5s(+59.9s) ws=29MB hb={"stage": "build_arb_tau:start", "ts": "2026-09-29 03:18:57", "age_s": 4223.0}
[2026-09-29 04:30:19] pid=1420 ACTIVE cpu=11604.5s(+60.0s) ws=36MB hb={"stage": "build_arb_tau:start", "ts": "2026-09-29 03:18:57", "age_s": 4283.0}
[2026-09-29 04:31:19] pid=1420 ACTIVE cpu=11664.5s(+59.9s) ws=28MB hb={"stage": "build_arb_tau:start", "ts": "2026-09-29 03:18:57", "age_s": 4343.0}
[2026-09-29 04:32:19] pid=1420 ACTIVE cpu=11723.8s(+59.4s) ws=29MB hb={"stage": "build_arb_tau:start", "ts": "2026-09-29 03:18:57", "age_s": 4403.0}
[2026-09-29 04:33:19] pid=1420 ACTIVE cpu=11783.7s(+59.9s) ws=37MB hb={"stage": "build_arb_tau:start", "ts": "2026-09-29 03:18:57", "age_s": 4463.0}
[2026-09-29 04:34:19] pid=1420 ACTIVE cpu=11843.7s(+60.0s) ws=30MB hb={"stage": "build_arb_tau:start", "ts": "2026-09-29 03:18:57", "age_s": 4523.0}
[2026-09-29 04:35:19] pid=1420 ACTIVE cpu=11903.7s(+60.0s) ws=29MB hb={"stage": "build_arb_tau:start", "ts": "2026-09-29 03:18:57", "age_s": 4583.0}
[2026-09-29 04:36:19] pid=1420 ACTIVE cpu=11963.6s(+60.0s) ws=37MB hb={"stage": "build_arb_tau:start", "ts": "2026-09-29 03:18:57", "age_s": 4643.0}
[2026-09-29 04:37:19] pid=1420 ACTIVE cpu=12023.5s(+59.9s) ws=28MB hb={"stage": "build_arb_tau:start", "ts": "2026-09-29 03:18:57", "age_s": 4703.0}
[2026-09-29 04:38:19] pid=1420 ACTIVE cpu=12083.5s(+60.0s) ws=30MB hb={"stage": "build_arb_tau:start", "ts": "2026-09-29 03:18:57", "age_s": 4763.0}
[2026-09-29 04:39:19] pid=1420 ACTIVE cpu=12143.5s(+60.0s) ws=37MB hb={"stage": "build_arb_tau:start", "ts": "2026-09-29 03:18:57", "age_s": 4823.0}
[2026-09-29 04:40:19] pid=1420 ACTIVE cpu=12203.5s(+60.0s) ws=27MB hb={"stage": "build_arb_tau:start", "ts": "2026-09-29 03:18:57", "age_s": 4883.0}
[2026-09-29 04:41:19] pid=1420 ACTIVE cpu=12263.4s(+59.9s) ws=30MB hb={"stage": "build_arb_tau:start", "ts": "2026-09-29 03:18:57", "age_s": 4943.0}
[2026-09-29 04:42:19] pid=1420 ACTIVE cpu=12321.4s(+58.0s) ws=37MB hb={"stage": "build_arb_tau:start", "ts": "2026-09-29 03:18:57", "age_s": 5003.0}
[2026-09-29 04:43:19] pid=1420 ACTIVE cpu=12381.3s(+59.9s) ws=25MB hb={"stage": "build_arb_tau:start", "ts": "2026-09-29 03:18:57", "age_s": 5063.0}
[2026-09-29 04:44:19] pid=1420 ACTIVE cpu=12441.3s(+60.0s) ws=32MB hb={"stage": "build_arb_tau:start", "ts": "2026-09-29 03:18:57", "age_s": 5123.0}
[2026-09-29 04:45:19] pid=1420 ACTIVE cpu=12501.3s(+60.0s) ws=33MB hb={"stage": "build_arb_tau:start", "ts": "2026-09-29 03:18:57", "age_s": 5183.0}
[2026-09-29 04:46:19] pid=1420 ACTIVE cpu=12561.3s(+60.0s) ws=26MB hb={"stage": "build_arb_tau:start", "ts": "2026-09-29 03:18:57", "age_s": 5243.0}
[2026-09-29 04:47:19] pid=1420 ACTIVE cpu=12621.2s(+59.9s) ws=33MB hb={"stage": "build_arb_tau:start", "ts": "2026-09-29 03:18:57", "age_s": 5303.0}
[2026-09-29 04:48:19] pid=1420 ACTIVE cpu=12681.2s(+60.0s) ws=33MB hb={"stage": "build_arb_tau:start", "ts": "2026-09-29 03:18:57", "age_s": 5363.0}
[2026-09-29 04:49:19] pid=1420 ACTIVE cpu=12741.2s(+60.0s) ws=26MB hb={"stage": "build_arb_tau:start", "ts": "2026-09-29 03:18:57", "age_s": 5423.0}
[2026-09-29 04:50:19] pid=1420 ACTIVE cpu=12801.1s(+60.0s) ws=34MB hb={"stage": "build_arb_tau:start", "ts": "2026-09-29 03:18:57", "age_s": 5483.0}
[2026-09-29 04:51:19] pid=1420 ACTIVE cpu=12861.1s(+60.0s) ws=28MB hb={"stage": "build_arb_tau:start", "ts": "2026-09-29 03:18:57", "age_s": 5543.0}
[2026-09-29 04:52:19] pid=1420 ACTIVE cpu=12920.9s(+59.8s) ws=28MB hb={"stage": "build_arb_tau:start", "ts": "2026-09-29 03:18:57", "age_s": 5603.0}
[2026-09-29 04:53:19] pid=1420 ACTIVE cpu=12980.9s(+59.9s) ws=36MB hb={"stage": "build_arb_tau:start", "ts": "2026-09-29 03:18:57", "age_s": 5663.0}
[2026-09-29 04:54:19] pid=1420 ACTIVE cpu=13040.8s(+59.9s) ws=31MB hb={"stage": "build_arb_tau:start", "ts": "2026-09-29 03:18:57", "age_s": 5723.0}
[2026-09-29 04:55:20] pid=1420 ACTIVE cpu=13100.8s(+60.0s) ws=29MB hb={"stage": "build_arb_tau:start", "ts": "2026-09-29 03:18:57", "age_s": 5783.0}
[2026-09-29 04:56:20] pid=1420 ACTIVE cpu=13160.8s(+60.0s) ws=37MB hb={"stage": "build_arb_tau:start", "ts": "2026-09-29 03:18:57", "age_s": 5843.0}
[2026-09-29 04:57:20] pid=1420 ACTIVE cpu=13220.5s(+59.8s) ws=29MB hb={"stage": "build_arb_tau:start", "ts": "2026-09-29 03:18:57", "age_s": 5903.0}
[2026-09-29 04:58:20] pid=1420 ACTIVE cpu=13280.4s(+59.9s) ws=30MB hb={"stage": "build_arb_tau:start", "ts": "2026-09-29 03:18:57", "age_s": 5963.0}
[2026-09-29 04:59:20] pid=1420 ACTIVE cpu=13340.4s(+60.0s) ws=37MB hb={"stage": "build_arb_tau:start", "ts": "2026-09-29 03:18:57", "age_s": 6023.0}
[2026-09-29 05:00:20] pid=1420 ACTIVE cpu=13400.4s(+60.0s) ws=26MB hb={"stage": "build_arb_tau:start", "ts": "2026-09-29 03:18:57", "age_s": 6083.0}
[2026-09-29 05:01:20] pid=1420 ACTIVE cpu=13460.4s(+60.0s) ws=30MB hb={"stage": "build_arb_tau:start", "ts": "2026-09-29 03:18:57", "age_s": 6143.0}
[2026-09-29 05:02:20] pid=1420 ACTIVE cpu=13520.2s(+59.9s) ws=36MB hb={"stage": "build_arb_tau:start", "ts": "2026-09-29 03:18:57", "age_s": 6203.0}
[2026-09-29 05:03:20] pid=1420 ACTIVE cpu=13580.2s(+60.0s) ws=25MB hb={"stage": "build_arb_tau:start", "ts": "2026-09-29 03:18:57", "age_s": 6263.0}
[2026-09-29 05:04:20] pid=1420 ACTIVE cpu=13640.2s(+60.0s) ws=33MB hb={"stage": "build_arb_tau:start", "ts": "2026-09-29 03:18:57", "age_s": 6323.0}
[2026-09-29 05:05:20] pid=1420 ACTIVE cpu=13700.2s(+60.0s) ws=31MB hb={"stage": "build_arb_tau:start", "ts": "2026-09-29 03:18:57", "age_s": 6383.0}
[2026-09-29 05:06:20] pid=1420 ACTIVE cpu=13760.2s(+60.0s) ws=27MB hb={"stage": "build_arb_tau:start", "ts": "2026-09-29 03:18:57", "age_s": 6443.0}
[2026-09-29 05:07:20] pid=1420 ACTIVE cpu=13820.0s(+59.8s) ws=34MB hb={"stage": "build_arb_tau:start", "ts": "2026-09-29 03:18:57", "age_s": 6503.0}
[2026-09-29 05:08:20] pid=1420 ACTIVE cpu=13880.0s(+60.0s) ws=31MB hb={"stage": "build_arb_tau:start", "ts": "2026-09-29 03:18:57", "age_s": 6563.0}
[2026-09-29 05:09:20] pid=1420 ACTIVE cpu=13940.0s(+60.0s) ws=28MB hb={"stage": "build_arb_tau:start", "ts": "2026-09-29 03:18:57", "age_s": 6623.0}
[2026-09-29 05:10:20] pid=1420 ACTIVE cpu=14000.0s(+60.0s) ws=35MB hb={"stage": "build_arb_tau:start", "ts": "2026-09-29 03:18:57", "age_s": 6683.0}
[2026-09-29 05:11:20] pid=1420 ACTIVE cpu=14060.0s(+60.0s) ws=26MB hb={"stage": "build_arb_tau:start", "ts": "2026-09-29 03:18:57", "age_s": 6743.0}
[2026-09-29 05:12:20] pid=1420 ACTIVE cpu=14119.8s(+59.8s) ws=30MB hb={"stage": "build_arb_tau:start", "ts": "2026-09-29 03:18:57", "age_s": 6803.0}
[2026-09-29 05:13:20] pid=1420 ACTIVE cpu=14179.8s(+60.0s) ws=37MB hb={"stage": "build_arb_tau:start", "ts": "2026-09-29 03:18:57", "age_s": 6863.0}
[2026-09-29 05:14:20] pid=1420 ACTIVE cpu=14239.7s(+59.9s) ws=29MB hb={"stage": "build_arb_tau:start", "ts": "2026-09-29 03:18:57", "age_s": 6923.0}
[2026-09-29 05:15:20] pid=1420 ACTIVE cpu=14295.1s(+55.4s) ws=28MB hb={"stage": "build_arb_tau:start", "ts": "2026-09-29 03:18:57", "age_s": 6983.0}
[2026-09-29 05:16:20] pid=1420 ACTIVE cpu=14355.0s(+60.0s) ws=36MB hb={"stage": "build_arb_tau:start", "ts": "2026-09-29 03:18:57", "age_s": 7043.0}
[2026-09-29 05:17:20] pid=1420 ACTIVE cpu=14414.9s(+59.8s) ws=28MB hb={"stage": "build_arb_tau:start", "ts": "2026-09-29 03:18:57", "age_s": 7103.0}
[2026-09-29 05:18:20] pid=1420 ACTIVE cpu=14474.9s(+60.0s) ws=30MB hb={"stage": "build_arb_tau:start", "ts": "2026-09-29 03:18:57", "age_s": 7163.0}
[2026-09-29 05:19:20] pid=1420 ACTIVE cpu=14534.9s(+60.0s) ws=37MB hb={"stage": "build_arb_tau:start", "ts": "2026-09-29 03:18:57", "age_s": 7223.0}
[2026-09-29 05:20:20] pid=1420 ACTIVE cpu=14594.9s(+60.0s) ws=26MB hb={"stage": "build_arb_tau:start", "ts": "2026-09-29 03:18:57", "age_s": 7283.0}
[2026-09-29 05:21:20] pid=1420 ACTIVE cpu=14654.8s(+60.0s) ws=31MB hb={"stage": "build_arb_tau:start", "ts": "2026-09-29 03:18:57", "age_s": 7343.0}
[2026-09-29 05:22:20] pid=1420 ACTIVE cpu=14714.7s(+59.8s) ws=38MB hb={"stage": "build_arb_tau:start", "ts": "2026-09-29 03:18:57", "age_s": 7403.0}
[2026-09-29 05:23:20] pid=1420 ACTIVE cpu=14774.7s(+60.0s) ws=26MB hb={"stage": "build_arb_tau:start", "ts": "2026-09-29 03:18:57", "age_s": 7463.0}
[2026-09-29 05:24:20] pid=1420 ACTIVE cpu=14834.7s(+60.0s) ws=33MB hb={"stage": "build_arb_tau:start", "ts": "2026-09-29 03:18:57", "age_s": 7523.0}
[2026-09-29 05:25:20] pid=1420 ACTIVE cpu=14894.7s(+60.0s) ws=36MB hb={"stage": "build_arb_tau:start", "ts": "2026-09-29 03:18:57", "age_s": 7583.0}
[2026-09-29 05:26:20] pid=1420 ACTIVE cpu=14954.6s(+60.0s) ws=25MB hb={"stage": "build_arb_tau:start", "ts": "2026-09-29 03:18:57", "age_s": 7643.0}
[2026-09-29 05:27:20] pid=1420 ACTIVE cpu=15014.4s(+59.8s) ws=33MB hb={"stage": "build_arb_tau:start", "ts": "2026-09-29 03:18:57", "age_s": 7703.0}
[2026-09-29 05:28:20] pid=1420 ACTIVE cpu=15074.4s(+60.0s) ws=38MB hb={"stage": "build_arb_tau:start", "ts": "2026-09-29 03:18:57", "age_s": 7763.0}
[2026-09-29 05:29:20] pid=1420 ACTIVE cpu=15134.4s(+59.9s) ws=26MB hb={"stage": "build_arb_tau:start", "ts": "2026-09-29 03:18:57", "age_s": 7823.0}
[2026-09-29 05:30:20] pid=1420 ACTIVE cpu=15194.4s(+60.0s) ws=32MB hb={"stage": "build_arb_tau:start", "ts": "2026-09-29 03:18:57", "age_s": 7883.0}
[2026-09-29 05:31:20] pid=1420 ACTIVE cpu=15254.3s(+60.0s) ws=36MB hb={"stage": "build_arb_tau:start", "ts": "2026-09-29 03:18:57", "age_s": 7943.0}
[2026-09-29 05:32:20] pid=1420 ACTIVE cpu=15314.2s(+59.9s) ws=25MB hb={"stage": "build_arb_tau:start", "ts": "2026-09-29 03:18:57", "age_s": 8003.0}
[2026-09-29 05:33:20] pid=1420 ACTIVE cpu=15373.6s(+59.3s) ws=32MB hb={"stage": "build_arb_tau:start", "ts": "2026-09-29 03:18:57", "age_s": 8063.0}
[2026-09-29 05:34:20] pid=1420 ACTIVE cpu=15433.5s(+60.0s) ws=39MB hb={"stage": "build_arb_tau:start", "ts": "2026-09-29 03:18:57", "age_s": 8123.0}
[2026-09-29 05:35:20] pid=1420 ACTIVE cpu=15493.5s(+59.9s) ws=25MB hb={"stage": "build_arb_tau:start", "ts": "2026-09-29 03:18:57", "age_s": 8183.0}
[2026-09-29 05:36:20] pid=1420 ACTIVE cpu=15553.5s(+60.0s) ws=32MB hb={"stage": "build_arb_tau:start", "ts": "2026-09-29 03:18:57", "age_s": 8243.0}
[2026-09-29 05:37:20] pid=1420 ACTIVE cpu=15613.3s(+59.9s) ws=33MB hb={"stage": "build_arb_tau:start", "ts": "2026-09-29 03:18:57", "age_s": 8303.0}
[2026-09-29 05:38:20] pid=1420 ACTIVE cpu=15673.3s(+59.9s) ws=26MB hb={"stage": "build_arb_tau:start", "ts": "2026-09-29 03:18:57", "age_s": 8363.0}
[2026-09-29 05:39:20] pid=1420 ACTIVE cpu=15733.3s(+60.0s) ws=33MB hb={"stage": "build_arb_tau:start", "ts": "2026-09-29 03:18:57", "age_s": 8423.0}
[2026-09-29 05:40:20] pid=1420 ACTIVE cpu=15793.3s(+60.0s) ws=30MB hb={"stage": "build_arb_tau:start", "ts": "2026-09-29 03:18:57", "age_s": 8483.0}
[2026-09-29 05:41:20] pid=1420 ACTIVE cpu=15853.2s(+59.9s) ws=27MB hb={"stage": "build_arb_tau:start", "ts": "2026-09-29 03:18:57", "age_s": 8543.1}
[2026-09-29 05:42:20] pid=1420 ACTIVE cpu=15913.1s(+59.9s) ws=35MB hb={"stage": "build_arb_tau:start", "ts": "2026-09-29 03:18:57", "age_s": 8603.1}
[2026-09-29 05:43:20] pid=1420 ACTIVE cpu=15972.6s(+59.5s) ws=29MB hb={"stage": "build_arb_tau:start", "ts": "2026-09-29 03:18:57", "age_s": 8663.1}
[2026-09-29 05:44:20] pid=1420 ACTIVE cpu=16032.6s(+60.0s) ws=29MB hb={"stage": "build_arb_tau:start", "ts": "2026-09-29 03:18:57", "age_s": 8723.1}
[2026-09-29 05:45:20] pid=1420 ACTIVE cpu=16092.6s(+60.0s) ws=36MB hb={"stage": "build_arb_tau:start", "ts": "2026-09-29 03:18:57", "age_s": 8783.1}
[2026-09-29 05:46:20] pid=1420 ACTIVE cpu=16152.6s(+60.0s) ws=25MB hb={"stage": "build_arb_tau:start", "ts": "2026-09-29 03:18:57", "age_s": 8843.1}
[2026-09-29 05:47:20] pid=1420 ACTIVE cpu=16212.5s(+60.0s) ws=30MB hb={"stage": "build_arb_tau:start", "ts": "2026-09-29 03:18:57", "age_s": 8903.1}
[2026-09-29 05:48:20] pid=1420 ACTIVE cpu=16272.5s(+59.9s) ws=37MB hb={"stage": "build_arb_tau:start", "ts": "2026-09-29 03:18:57", "age_s": 8963.1}
[2026-09-29 05:49:20] pid=1420 ACTIVE cpu=16332.4s(+60.0s) ws=26MB hb={"stage": "build_arb_tau:start", "ts": "2026-09-29 03:18:57", "age_s": 9023.1}
[2026-09-29 05:50:20] pid=1420 ACTIVE cpu=16392.3s(+59.9s) ws=32MB hb={"stage": "build_arb_tau:start", "ts": "2026-09-29 03:18:57", "age_s": 9083.1}
[2026-09-29 05:51:20] pid=1420 ACTIVE cpu=16452.3s(+60.0s) ws=35MB hb={"stage": "build_arb_tau:start", "ts": "2026-09-29 03:18:57", "age_s": 9143.1}
[2026-09-29 05:52:20] pid=1420 ACTIVE cpu=16512.2s(+59.9s) ws=25MB hb={"stage": "build_arb_tau:start", "ts": "2026-09-29 03:18:57", "age_s": 9203.1}
[2026-09-29 05:53:20] pid=1420 ACTIVE cpu=16572.2s(+59.9s) ws=33MB hb={"stage": "build_arb_tau:start", "ts": "2026-09-29 03:18:57", "age_s": 9263.1}
[2026-09-29 05:54:20] pid=1420 ACTIVE cpu=16631.9s(+59.8s) ws=38MB hb={"stage": "build_arb_tau:start", "ts": "2026-09-29 03:18:57", "age_s": 9323.1}
[2026-09-29 05:55:20] pid=1420 ACTIVE cpu=16691.9s(+60.0s) ws=26MB hb={"stage": "build_arb_tau:start", "ts": "2026-09-29 03:18:57", "age_s": 9383.1}
[2026-09-29 05:56:20] pid=1420 ACTIVE cpu=16751.9s(+60.0s) ws=33MB hb={"stage": "build_arb_tau:start", "ts": "2026-09-29 03:18:57", "age_s": 9443.1}
[2026-09-29 05:57:20] pid=1420 ACTIVE cpu=16811.8s(+60.0s) ws=34MB hb={"stage": "build_arb_tau:start", "ts": "2026-09-29 03:18:57", "age_s": 9503.1}
[2026-09-29 05:58:20] pid=1420 ACTIVE cpu=16871.7s(+59.9s) ws=27MB hb={"stage": "build_arb_tau:start", "ts": "2026-09-29 03:18:57", "age_s": 9563.1}
[2026-09-29 05:59:20] pid=1420 ACTIVE cpu=16931.7s(+60.0s) ws=34MB hb={"stage": "build_arb_tau:start", "ts": "2026-09-29 03:18:57", "age_s": 9623.1}
[2026-09-29 06:00:20] pid=1420 ACTIVE cpu=16991.7s(+60.0s) ws=29MB hb={"stage": "build_arb_tau:start", "ts": "2026-09-29 03:18:57", "age_s": 9683.1}
[2026-09-29 06:01:20] pid=1420 ACTIVE cpu=17051.7s(+60.0s) ws=28MB hb={"stage": "build_arb_tau:start", "ts": "2026-09-29 03:18:57", "age_s": 9743.1}
[2026-09-29 06:02:20] pid=1420 ACTIVE cpu=17111.7s(+60.0s) ws=35MB hb={"stage": "build_arb_tau:start", "ts": "2026-09-29 03:18:57", "age_s": 9803.1}
[2026-09-29 06:03:20] pid=1420 ACTIVE cpu=17171.6s(+59.9s) ws=28MB hb={"stage": "build_arb_tau:start", "ts": "2026-09-29 03:18:57", "age_s": 9863.1}
[2026-09-29 06:04:20] pid=1420 ACTIVE cpu=17231.6s(+60.0s) ws=29MB hb={"stage": "build_arb_tau:start", "ts": "2026-09-29 03:18:57", "age_s": 9923.1}
[2026-09-29 06:05:20] pid=1420 ACTIVE cpu=17291.5s(+60.0s) ws=36MB hb={"stage": "build_arb_tau:start", "ts": "2026-09-29 03:18:57", "age_s": 9983.1}
[2026-09-29 06:06:20] pid=1420 ACTIVE cpu=17351.5s(+60.0s) ws=24MB hb={"stage": "build_arb_tau:start", "ts": "2026-09-29 03:18:57", "age_s": 10043.1}
[2026-09-29 06:07:20] pid=1420 ACTIVE cpu=17411.4s(+59.9s) ws=31MB hb={"stage": "build_arb_tau:start", "ts": "2026-09-29 03:18:57", "age_s": 10103.1}
[2026-09-29 06:08:20] pid=1420 ACTIVE cpu=17471.3s(+59.9s) ws=35MB hb={"stage": "build_arb_tau:start", "ts": "2026-09-29 03:18:57", "age_s": 10163.1}
[2026-09-29 06:09:20] pid=1420 ACTIVE cpu=17531.3s(+60.0s) ws=26MB hb={"stage": "build_arb_tau:start", "ts": "2026-09-29 03:18:57", "age_s": 10223.1}
[2026-09-29 06:10:20] pid=1420 ACTIVE cpu=17591.3s(+60.0s) ws=34MB hb={"stage": "build_arb_tau:start", "ts": "2026-09-29 03:18:57", "age_s": 10283.1}
[2026-09-29 06:11:20] pid=1420 ACTIVE cpu=17651.3s(+60.0s) ws=30MB hb={"stage": "build_arb_tau:start", "ts": "2026-09-29 03:18:57", "age_s": 10343.1}
[2026-09-29 06:12:20] pid=1420 ACTIVE cpu=17711.2s(+59.9s) ws=27MB hb={"stage": "build_arb_tau:start", "ts": "2026-09-29 03:18:57", "age_s": 10403.1}
[2026-09-29 06:13:20] pid=1420 ACTIVE cpu=17771.0s(+59.8s) ws=35MB hb={"stage": "build_arb_tau:start", "ts": "2026-09-29 03:18:57", "age_s": 10463.1}
[2026-09-29 06:14:20] pid=1420 ACTIVE cpu=17831.0s(+60.0s) ws=32MB hb={"stage": "build_arb_tau:start", "ts": "2026-09-29 03:18:57", "age_s": 10523.1}
[2026-09-29 06:15:20] pid=1420 ACTIVE cpu=17891.0s(+60.0s) ws=29MB hb={"stage": "build_arb_tau:start", "ts": "2026-09-29 03:18:57", "age_s": 10583.1}
[2026-09-29 06:16:20] pid=1420 ACTIVE cpu=17951.0s(+60.0s) ws=36MB hb={"stage": "build_arb_tau:start", "ts": "2026-09-29 03:18:57", "age_s": 10643.1}
[2026-09-29 06:17:20] pid=1420 ACTIVE cpu=18010.9s(+59.9s) ws=29MB hb={"stage": "build_arb_tau:start", "ts": "2026-09-29 03:18:57", "age_s": 10703.1}
[2026-09-29 06:18:20] pid=1420 ACTIVE cpu=18070.8s(+59.9s) ws=30MB hb={"stage": "build_arb_tau:start", "ts": "2026-09-29 03:18:57", "age_s": 10763.1}
[2026-09-29 06:19:20] pid=1420 ACTIVE cpu=18130.8s(+60.0s) ws=36MB hb={"stage": "build_arb_tau:start", "ts": "2026-09-29 03:18:57", "age_s": 10823.1}
[2026-09-29 06:20:20] pid=1420 ACTIVE cpu=18190.8s(+60.0s) ws=25MB hb={"stage": "build_arb_tau:start", "ts": "2026-09-29 03:18:57", "age_s": 10883.1}
[2026-09-29 06:21:20] pid=1420 ACTIVE cpu=18250.7s(+60.0s) ws=30MB hb={"stage": "build_arb_tau:start", "ts": "2026-09-29 03:18:57", "age_s": 10943.1}
[2026-09-29 06:22:20] pid=1420 ACTIVE cpu=18310.7s(+59.9s) ws=35MB hb={"stage": "build_arb_tau:start", "ts": "2026-09-29 03:18:57", "age_s": 11003.1}
[2026-09-29 06:23:20] pid=1420 ACTIVE cpu=18370.6s(+59.9s) ws=27MB hb={"stage": "build_arb_tau:start", "ts": "2026-09-29 03:18:57", "age_s": 11063.1}
[2026-09-29 06:24:20] pid=1420 ACTIVE cpu=18430.5s(+60.0s) ws=35MB hb={"stage": "build_arb_tau:start", "ts": "2026-09-29 03:18:57", "age_s": 11123.1}
[2026-09-29 06:25:20] pid=1420 ACTIVE cpu=18490.5s(+60.0s) ws=32MB hb={"stage": "build_arb_tau:start", "ts": "2026-09-29 03:18:57", "age_s": 11183.1}
[2026-09-29 06:26:20] pid=1420 ACTIVE cpu=18550.5s(+60.0s) ws=26MB hb={"stage": "build_arb_tau:start", "ts": "2026-09-29 03:18:57", "age_s": 11243.1}
[2026-09-29 06:27:20] pid=1420 ACTIVE cpu=18610.4s(+59.9s) ws=34MB hb={"stage": "build_arb_tau:start", "ts": "2026-09-29 03:18:57", "age_s": 11303.1}
[2026-09-29 06:28:20] pid=1420 ACTIVE cpu=18670.3s(+59.9s) ws=31MB hb={"stage": "build_arb_tau:start", "ts": "2026-09-29 03:18:57", "age_s": 11363.1}
[2026-09-29 06:29:20] pid=1420 ACTIVE cpu=18730.2s(+59.9s) ws=27MB hb={"stage": "build_arb_tau:start", "ts": "2026-09-29 03:18:57", "age_s": 11423.1}
[2026-09-29 06:30:20] pid=1420 ACTIVE cpu=18790.2s(+60.0s) ws=34MB hb={"stage": "build_arb_tau:start", "ts": "2026-09-29 03:18:57", "age_s": 11483.1}
[2026-09-29 06:31:20] pid=1420 ACTIVE cpu=18850.1s(+60.0s) ws=27MB hb={"stage": "build_arb_tau:start", "ts": "2026-09-29 03:18:57", "age_s": 11543.1}
[2026-09-29 06:32:20] pid=1420 ACTIVE cpu=18910.0s(+59.9s) ws=28MB hb={"stage": "build_arb_tau:start", "ts": "2026-09-29 03:18:57", "age_s": 11603.1}
[2026-09-29 06:33:20] pid=1420 ACTIVE cpu=18969.9s(+59.9s) ws=36MB hb={"stage": "build_arb_tau:start", "ts": "2026-09-29 03:18:57", "age_s": 11663.1}
[2026-09-29 06:34:20] pid=1420 ACTIVE cpu=19029.2s(+59.3s) ws=27MB hb={"stage": "build_arb_tau:start", "ts": "2026-09-29 03:18:57", "age_s": 11723.1}
[2026-09-29 06:35:20] pid=1420 ACTIVE cpu=19089.1s(+60.0s) ws=30MB hb={"stage": "build_arb_tau:start", "ts": "2026-09-29 03:18:57", "age_s": 11783.1}
[2026-09-29 06:36:20] pid=1420 ACTIVE cpu=19149.1s(+60.0s) ws=35MB hb={"stage": "build_arb_tau:start", "ts": "2026-09-29 03:18:57", "age_s": 11843.1}
[2026-09-29 06:37:20] pid=1420 ACTIVE cpu=19209.0s(+59.9s) ws=24MB hb={"stage": "build_arb_tau:start", "ts": "2026-09-29 03:18:57", "age_s": 11903.1}
[2026-09-29 06:38:20] pid=1420 ACTIVE cpu=19269.0s(+59.9s) ws=32MB hb={"stage": "build_arb_tau:start", "ts": "2026-09-29 03:18:57", "age_s": 11963.1}
[2026-09-29 06:39:20] pid=1420 ACTIVE cpu=19328.9s(+59.9s) ws=34MB hb={"stage": "build_arb_tau:start", "ts": "2026-09-29 03:18:57", "age_s": 12023.1}
[2026-09-29 06:40:20] pid=1420 ACTIVE cpu=19388.9s(+60.0s) ws=25MB hb={"stage": "build_arb_tau:start", "ts": "2026-09-29 03:18:57", "age_s": 12083.1}
[2026-09-29 06:41:20] pid=1420 ACTIVE cpu=19448.9s(+60.0s) ws=34MB hb={"stage": "build_arb_tau:start", "ts": "2026-09-29 03:18:57", "age_s": 12143.1}
[2026-09-29 06:42:20] pid=1420 ACTIVE cpu=19508.9s(+60.0s) ws=31MB hb={"stage": "build_arb_tau:start", "ts": "2026-09-29 03:18:57", "age_s": 12203.1}
[2026-09-29 06:43:20] pid=1420 ACTIVE cpu=19568.8s(+60.0s) ws=27MB hb={"stage": "build_arb_tau:start", "ts": "2026-09-29 03:18:57", "age_s": 12263.1}
[2026-09-29 06:44:20] pid=1420 ACTIVE cpu=19628.3s(+59.5s) ws=34MB hb={"stage": "build_arb_tau:start", "ts": "2026-09-29 03:18:57", "age_s": 12323.1}
[2026-09-29 06:45:20] pid=1420 ACTIVE cpu=19688.3s(+60.0s) ws=28MB hb={"stage": "build_arb_tau:start", "ts": "2026-09-29 03:18:57", "age_s": 12383.1}
[2026-09-29 06:46:20] pid=1420 ACTIVE cpu=19748.3s(+60.0s) ws=28MB hb={"stage": "build_arb_tau:start", "ts": "2026-09-29 03:18:57", "age_s": 12443.1}
[2026-09-29 06:47:20] pid=1420 ACTIVE cpu=19808.2s(+60.0s) ws=36MB hb={"stage": "build_arb_tau:start", "ts": "2026-09-29 03:18:57", "age_s": 12503.1}
[2026-09-29 06:48:20] pid=1420 ACTIVE cpu=19868.2s(+60.0s) ws=25MB hb={"stage": "build_arb_tau:start", "ts": "2026-09-29 03:18:57", "age_s": 12563.1}
[2026-09-29 06:49:20] pid=1420 ACTIVE cpu=19928.2s(+59.9s) ws=31MB hb={"stage": "build_arb_tau:start", "ts": "2026-09-29 03:18:57", "age_s": 12623.1}
[2026-09-29 06:50:20] pid=1420 ACTIVE cpu=19988.2s(+60.0s) ws=34MB hb={"stage": "build_arb_tau:start", "ts": "2026-09-29 03:18:57", "age_s": 12683.1}
[2026-09-29 06:51:20] pid=1420 ACTIVE cpu=20048.1s(+60.0s) ws=24MB hb={"stage": "build_arb_tau:start", "ts": "2026-09-29 03:18:57", "age_s": 12743.1}
[2026-09-29 06:52:20] pid=1420 ACTIVE cpu=20108.0s(+59.9s) ws=32MB hb={"stage": "build_arb_tau:start", "ts": "2026-09-29 03:18:57", "age_s": 12803.1}
[2026-09-29 06:53:20] pid=1420 ACTIVE cpu=20168.0s(+60.0s) ws=33MB hb={"stage": "build_arb_tau:start", "ts": "2026-09-29 03:18:57", "age_s": 12863.1}
[2026-09-29 06:54:20] pid=1420 ACTIVE cpu=20227.9s(+59.9s) ws=25MB hb={"stage": "build_arb_tau:start", "ts": "2026-09-29 03:18:57", "age_s": 12923.1}
[2026-09-29 06:55:20] pid=1420 ACTIVE cpu=20287.9s(+60.0s) ws=32MB hb={"stage": "build_arb_tau:start", "ts": "2026-09-29 03:18:57", "age_s": 12983.1}
[2026-09-29 06:56:20] pid=1420 ACTIVE cpu=20347.9s(+60.0s) ws=30MB hb={"stage": "build_arb_tau:start", "ts": "2026-09-29 03:18:57", "age_s": 13043.1}
[2026-09-29 06:57:20] pid=1420 ACTIVE cpu=20407.8s(+59.9s) ws=27MB hb={"stage": "build_arb_tau:start", "ts": "2026-09-29 03:18:57", "age_s": 13103.1}
[2026-09-29 06:58:20] pid=1420 ACTIVE cpu=20467.8s(+60.0s) ws=34MB hb={"stage": "build_arb_tau:start", "ts": "2026-09-29 03:18:57", "age_s": 13163.1}
[2026-09-29 06:59:20] pid=1420 ACTIVE cpu=20527.8s(+60.0s) ws=28MB hb={"stage": "build_arb_tau:start", "ts": "2026-09-29 03:18:57", "age_s": 13223.1}
[2026-09-29 07:00:20] pid=1420 ACTIVE cpu=20587.8s(+60.0s) ws=28MB hb={"stage": "build_arb_tau:start", "ts": "2026-09-29 03:18:57", "age_s": 13283.1}
[2026-09-29 07:01:20] pid=1420 ACTIVE cpu=20647.8s(+60.0s) ws=35MB hb={"stage": "build_arb_tau:start", "ts": "2026-09-29 03:18:57", "age_s": 13343.1}
[2026-09-29 07:02:20] pid=1420 ACTIVE cpu=20707.7s(+59.9s) ws=24MB hb={"stage": "build_arb_tau:start", "ts": "2026-09-29 03:18:57", "age_s": 13403.1}
[2026-09-29 07:03:20] pid=1420 ACTIVE cpu=20767.7s(+60.0s) ws=30MB hb={"stage": "build_arb_tau:start", "ts": "2026-09-29 03:18:57", "age_s": 13463.1}
[2026-09-29 07:04:20] pid=1420 ACTIVE cpu=20827.6s(+59.9s) ws=33MB hb={"stage": "build_arb_tau:start", "ts": "2026-09-29 03:18:57", "age_s": 13523.1}
[2026-09-29 07:05:20] pid=1420 ACTIVE cpu=20887.6s(+60.0s) ws=24MB hb={"stage": "build_arb_tau:start", "ts": "2026-09-29 03:18:57", "age_s": 13583.1}
[2026-09-29 07:06:20] pid=1420 ACTIVE cpu=20947.6s(+60.0s) ws=32MB hb={"stage": "build_arb_tau:start", "ts": "2026-09-29 03:18:57", "age_s": 13643.1}
[2026-09-29 07:07:20] pid=1420 ACTIVE cpu=21007.5s(+59.9s) ws=28MB hb={"stage": "build_arb_tau:start", "ts": "2026-09-29 03:18:57", "age_s": 13703.1}
[2026-09-29 07:08:20] pid=1420 ACTIVE cpu=21067.5s(+60.0s) ws=27MB hb={"stage": "build_arb_tau:start", "ts": "2026-09-29 03:18:57", "age_s": 13763.1}
[2026-09-29 07:09:20] pid=1420 ACTIVE cpu=21127.3s(+59.9s) ws=34MB hb={"stage": "build_arb_tau:start", "ts": "2026-09-29 03:18:57", "age_s": 13823.1}
[2026-09-29 07:10:20] pid=1420 ACTIVE cpu=21187.3s(+60.0s) ws=26MB hb={"stage": "build_arb_tau:start", "ts": "2026-09-29 03:18:57", "age_s": 13883.1}
[2026-09-29 07:11:20] pid=1420 ACTIVE cpu=21247.3s(+60.0s) ws=28MB hb={"stage": "build_arb_tau:start", "ts": "2026-09-29 03:18:57", "age_s": 13943.1}
[2026-09-29 07:12:20] pid=1420 ACTIVE cpu=21307.1s(+59.8s) ws=35MB hb={"stage": "build_arb_tau:start", "ts": "2026-09-29 03:18:57", "age_s": 14003.1}
[2026-09-29 07:13:20] pid=1420 ACTIVE cpu=21367.1s(+60.0s) ws=24MB hb={"stage": "build_arb_tau:start", "ts": "2026-09-29 03:18:57", "age_s": 14063.1}
[2026-09-29 07:14:20] pid=1420 ACTIVE cpu=21426.9s(+59.8s) ws=30MB hb={"stage": "build_arb_tau:start", "ts": "2026-09-29 03:18:57", "age_s": 14123.1}
[2026-09-29 07:15:20] pid=1420 ACTIVE cpu=21486.9s(+60.0s) ws=34MB hb={"stage": "build_arb_tau:start", "ts": "2026-09-29 03:18:57", "age_s": 14183.1}
[2026-09-29 07:16:20] pid=1420 ACTIVE cpu=21546.8s(+60.0s) ws=23MB hb={"stage": "build_arb_tau:start", "ts": "2026-09-29 03:18:57", "age_s": 14243.2}
[2026-09-29 07:17:20] pid=1420 ACTIVE cpu=21606.8s(+60.0s) ws=30MB hb={"stage": "build_arb_tau:start", "ts": "2026-09-29 03:18:57", "age_s": 14303.2}
[2026-09-29 07:18:20] pid=1420 ACTIVE cpu=21666.8s(+60.0s) ws=31MB hb={"stage": "build_arb_tau:start", "ts": "2026-09-29 03:18:57", "age_s": 14363.2}
[2026-09-29 07:19:20] pid=1420 ACTIVE cpu=21726.6s(+59.8s) ws=25MB hb={"stage": "build_arb_tau:start", "ts": "2026-09-29 03:18:57", "age_s": 14423.2}
[2026-09-29 07:20:20] pid=1420 ACTIVE cpu=21786.6s(+60.0s) ws=32MB hb={"stage": "build_arb_tau:start", "ts": "2026-09-29 03:18:57", "age_s": 14483.2}
[2026-09-29 07:21:20] pid=1420 ACTIVE cpu=21846.6s(+60.0s) ws=26MB hb={"stage": "build_arb_tau:start", "ts": "2026-09-29 03:18:57", "age_s": 14543.2}
[2026-09-29 07:22:20] pid=1420 ACTIVE cpu=21906.5s(+59.9s) ws=27MB hb={"stage": "build_arb_tau:start", "ts": "2026-09-29 03:18:57", "age_s": 14603.2}
[2026-09-29 07:23:20] pid=1420 ACTIVE cpu=21966.4s(+60.0s) ws=34MB hb={"stage": "build_arb_tau:start", "ts": "2026-09-29 03:18:57", "age_s": 14663.2}
[2026-09-29 07:24:20] pid=1420 ACTIVE cpu=22026.3s(+59.9s) ws=28MB hb={"stage": "build_arb_tau:start", "ts": "2026-09-29 03:18:57", "age_s": 14723.2}
[2026-09-29 07:25:20] pid=1420 ACTIVE cpu=22086.3s(+60.0s) ws=28MB hb={"stage": "build_arb_tau:start", "ts": "2026-09-29 03:18:57", "age_s": 14783.2}
[2026-09-29 07:26:20] pid=1420 ACTIVE cpu=22146.2s(+60.0s) ws=35MB hb={"stage": "build_arb_tau:start", "ts": "2026-09-29 03:18:57", "age_s": 14843.2}
[2026-09-29 07:27:20] pid=1420 ACTIVE cpu=22206.2s(+59.9s) ws=25MB hb={"stage": "build_arb_tau:start", "ts": "2026-09-29 03:18:57", "age_s": 14903.2}
[2026-09-29 07:28:20] pid=1420 ACTIVE cpu=22266.2s(+60.0s) ws=29MB hb={"stage": "build_arb_tau:start", "ts": "2026-09-29 03:18:57", "age_s": 14963.2}
[2026-09-29 07:29:20] pid=1420 ACTIVE cpu=22325.9s(+59.8s) ws=34MB hb={"stage": "build_arb_tau:start", "ts": "2026-09-29 03:18:57", "age_s": 15023.2}
[2026-09-29 07:30:20] pid=1420 ACTIVE cpu=22385.9s(+59.9s) ws=23MB hb={"stage": "build_arb_tau:start", "ts": "2026-09-29 03:18:57", "age_s": 15083.2}
[2026-09-29 07:31:20] pid=1420 ACTIVE cpu=22445.8s(+60.0s) ws=30MB hb={"stage": "build_arb_tau:start", "ts": "2026-09-29 03:18:57", "age_s": 15143.2}
[2026-09-29 07:32:20] pid=1420 ACTIVE cpu=22505.8s(+59.9s) ws=31MB hb={"stage": "build_arb_tau:start", "ts": "2026-09-29 03:18:57", "age_s": 15203.2}
[2026-09-29 07:33:20] pid=1420 ACTIVE cpu=22565.7s(+60.0s) ws=24MB hb={"stage": "build_arb_tau:start", "ts": "2026-09-29 03:18:57", "age_s": 15263.2}
[2026-09-29 07:34:20] pid=1420 ACTIVE cpu=22625.6s(+59.9s) ws=32MB hb={"stage": "build_arb_tau:start", "ts": "2026-09-29 03:18:57", "age_s": 15323.2}
[2026-09-29 07:35:20] pid=1420 ACTIVE cpu=22685.1s(+59.4s) ws=31MB hb={"stage": "build_arb_tau:start", "ts": "2026-09-29 03:18:57", "age_s": 15383.2}
[2026-09-29 07:36:20] pid=1420 ACTIVE cpu=22745.0s(+60.0s) ws=24MB hb={"stage": "build_arb_tau:start", "ts": "2026-09-29 03:18:57", "age_s": 15443.2}
[2026-09-29 07:37:20] pid=1420 ACTIVE cpu=22805.0s(+59.9s) ws=31MB hb={"stage": "build_arb_tau:start", "ts": "2026-09-29 03:18:57", "age_s": 15503.2}
[2026-09-29 07:38:20] pid=1420 ACTIVE cpu=22864.9s(+60.0s) ws=30MB hb={"stage": "build_arb_tau:start", "ts": "2026-09-29 03:18:57", "age_s": 15563.2}
[2026-09-29 07:39:20] pid=1420 ACTIVE cpu=22924.9s(+60.0s) ws=24MB hb={"stage": "build_arb_tau:start", "ts": "2026-09-29 03:18:57", "age_s": 15623.2}
[2026-09-29 07:40:20] pid=1420 ACTIVE cpu=22984.8s(+59.9s) ws=31MB hb={"stage": "build_arb_tau:start", "ts": "2026-09-29 03:18:57", "age_s": 15683.2}
[2026-09-29 07:41:20] pid=1420 ACTIVE cpu=23044.8s(+60.0s) ws=25MB hb={"stage": "build_arb_tau:start", "ts": "2026-09-29 03:18:57", "age_s": 15743.2}
[2026-09-29 07:42:20] pid=1420 ACTIVE cpu=23104.3s(+59.5s) ws=24MB hb={"stage": "build_arb_tau:start", "ts": "2026-09-29 03:18:57", "age_s": 15803.2}
[2026-09-29 07:43:20] pid=1420 ACTIVE cpu=23164.2s(+60.0s) ws=30MB hb={"stage": "build_arb_tau:start", "ts": "2026-09-29 03:18:57", "age_s": 15863.2}
[2026-09-29 07:44:20] pid=1420 ACTIVE cpu=23224.2s(+60.0s) ws=28MB hb={"stage": "build_arb_tau:start", "ts": "2026-09-29 03:18:57", "age_s": 15923.2}
[2026-09-29 07:45:20] pid=1420 ACTIVE cpu=23265.3s(+41.1s) ws=1768MB hb={"stage": "certified_ldlt:start", "ts": "2026-09-29 07:44:58", "age_s": 22.2}
[2026-09-29 07:46:20] pid=1420 ACTIVE cpu=23325.3s(+60.0s) ws=1827MB hb={"stage": "certified_ldlt:start", "ts": "2026-09-29 07:44:58", "age_s": 82.2}
[2026-09-29 07:47:20] pid=1420 ACTIVE cpu=23385.2s(+59.9s) ws=1539MB hb={"stage": "certified_ldlt:start", "ts": "2026-09-29 07:44:58", "age_s": 142.2}
[2026-09-29 07:48:20] pid=1420 ACTIVE cpu=23445.2s(+60.0s) ws=897MB hb={"stage": "certified_ldlt:start", "ts": "2026-09-29 07:44:58", "age_s": 202.2}
[2026-09-29 07:49:20] pid=1420 ACTIVE cpu=23505.2s(+60.0s) ws=650MB hb={"stage": "certified_ldlt:start", "ts": "2026-09-29 07:44:58", "age_s": 262.2}
[2026-09-29 07:50:20] pid=1420 ACTIVE cpu=23565.2s(+60.0s) ws=570MB hb={"stage": "certified_ldlt:start", "ts": "2026-09-29 07:44:58", "age_s": 322.2}
[2026-09-29 07:51:20] pid=1420 ACTIVE cpu=23625.1s(+60.0s) ws=398MB hb={"stage": "certified_ldlt:start", "ts": "2026-09-29 07:44:58", "age_s": 382.2}
[2026-09-29 07:52:20] pid=1420 ACTIVE cpu=23684.9s(+59.8s) ws=437MB hb={"stage": "certified_ldlt:start", "ts": "2026-09-29 07:44:58", "age_s": 442.2}
[2026-09-29 07:53:20] pid=1420 ACTIVE cpu=23744.8s(+59.8s) ws=475MB hb={"stage": "certified_ldlt:start", "ts": "2026-09-29 07:44:58", "age_s": 502.2}
[2026-09-29 07:54:20] pid=1420 ACTIVE cpu=23804.7s(+59.9s) ws=394MB hb={"stage": "certified_ldlt:start", "ts": "2026-09-29 07:44:58", "age_s": 562.2}
[2026-09-29 07:55:20] pid=1420 ACTIVE cpu=23864.7s(+60.0s) ws=432MB hb={"stage": "certified_ldlt:start", "ts": "2026-09-29 07:44:58", "age_s": 622.2}
[2026-09-29 07:56:20] pid=1420 ACTIVE cpu=23924.7s(+60.0s) ws=394MB hb={"stage": "certified_ldlt:start", "ts": "2026-09-29 07:44:58", "age_s": 682.2}
[2026-09-29 07:57:20] pid=1420 ACTIVE cpu=23984.5s(+59.9s) ws=427MB hb={"stage": "certified_ldlt:start", "ts": "2026-09-29 07:44:58", "age_s": 742.2}
[2026-09-29 07:58:20] pid=1420 ACTIVE cpu=24044.5s(+60.0s) ws=422MB hb={"stage": "certified_ldlt:start", "ts": "2026-09-29 07:44:58", "age_s": 802.2}
[2026-09-29 07:59:20] pid=1420 ACTIVE cpu=24104.5s(+60.0s) ws=453MB hb={"stage": "certified_ldlt:start", "ts": "2026-09-29 07:44:58", "age_s": 862.2}
[2026-09-29 08:00:20] pid=1420 ACTIVE cpu=24164.5s(+59.9s) ws=424MB hb={"stage": "certified_ldlt:start", "ts": "2026-09-29 07:44:58", "age_s": 922.2}
[2026-09-29 08:01:20] pid=1420 ACTIVE cpu=24224.4s(+60.0s) ws=451MB hb={"stage": "certified_ldlt:start", "ts": "2026-09-29 07:44:58", "age_s": 982.2}
[2026-09-29 08:02:20] pid=1420 ACTIVE cpu=24284.3s(+59.9s) ws=429MB hb={"stage": "certified_ldlt:start", "ts": "2026-09-29 07:44:58", "age_s": 1042.2}
[2026-09-29 08:03:20] pid=1420 ACTIVE cpu=24344.3s(+60.0s) ws=453MB hb={"stage": "certified_ldlt:start", "ts": "2026-09-29 07:44:58", "age_s": 1102.2}
[2026-09-29 08:04:20] pid=1420 ACTIVE cpu=24404.2s(+59.9s) ws=435MB hb={"stage": "certified_ldlt:start", "ts": "2026-09-29 07:44:58", "age_s": 1162.2}
[2026-09-29 08:05:20] pid=1420 ACTIVE cpu=24464.0s(+59.8s) ws=432MB hb={"stage": "certified_ldlt:start", "ts": "2026-09-29 07:44:58", "age_s": 1222.2}
[2026-09-29 08:06:20] pid=1420 ACTIVE cpu=24524.0s(+60.0s) ws=441MB hb={"stage": "certified_ldlt:start", "ts": "2026-09-29 07:44:58", "age_s": 1282.2}
[2026-09-29 08:07:20] pid=1420 ACTIVE cpu=24583.9s(+59.9s) ws=427MB hb={"stage": "certified_ldlt:start", "ts": "2026-09-29 07:44:58", "age_s": 1342.2}
[2026-09-29 08:08:20] pid=1420 ACTIVE cpu=24643.8s(+59.9s) ws=447MB hb={"stage": "certified_ldlt:start", "ts": "2026-09-29 07:44:58", "age_s": 1402.2}
[2026-09-29 08:09:20] pid=1420 ACTIVE cpu=24703.8s(+60.0s) ws=432MB hb={"stage": "certified_ldlt:start", "ts": "2026-09-29 07:44:58", "age_s": 1462.2}
[2026-09-29 08:10:20] pid=1420 ACTIVE cpu=24763.7s(+59.9s) ws=449MB hb={"stage": "certified_ldlt:start", "ts": "2026-09-29 07:44:58", "age_s": 1522.2}
[2026-09-29 08:11:20] pid=1420 ACTIVE cpu=24823.7s(+60.0s) ws=433MB hb={"stage": "certified_ldlt:start", "ts": "2026-09-29 07:44:58", "age_s": 1582.2}
[2026-09-29 08:12:20] pid=1420 ACTIVE cpu=24883.6s(+59.9s) ws=448MB hb={"stage": "certified_ldlt:start", "ts": "2026-09-29 07:44:58", "age_s": 1642.2}
[2026-09-29 08:13:20] pid=1420 ACTIVE cpu=24943.6s(+60.0s) ws=435MB hb={"stage": "certified_ldlt:start", "ts": "2026-09-29 07:44:58", "age_s": 1702.2}
[2026-09-29 08:14:20] pid=1420 ACTIVE cpu=25003.5s(+59.9s) ws=449MB hb={"stage": "certified_ldlt:start", "ts": "2026-09-29 07:44:58", "age_s": 1762.2}
[2026-09-29 08:15:20] pid=1420 ACTIVE cpu=25060.9s(+57.4s) ws=434MB hb={"stage": "certified_ldlt:start", "ts": "2026-09-29 07:44:58", "age_s": 1822.2}
[2026-09-29 08:16:20] pid=1420 ACTIVE cpu=25120.9s(+60.0s) ws=446MB hb={"stage": "certified_ldlt:start", "ts": "2026-09-29 07:44:58", "age_s": 1882.2}
[2026-09-29 08:17:20] pid=1420 ACTIVE cpu=25180.9s(+60.0s) ws=429MB hb={"stage": "certified_ldlt:start", "ts": "2026-09-29 07:44:58", "age_s": 1942.2}
[2026-09-29 08:18:20] pid=1420 ACTIVE cpu=25240.8s(+60.0s) ws=439MB hb={"stage": "certified_ldlt:start", "ts": "2026-09-29 07:44:58", "age_s": 2002.2}
[2026-09-29 08:19:20] pid=1420 ACTIVE cpu=25300.4s(+59.6s) ws=424MB hb={"stage": "certified_ldlt:start", "ts": "2026-09-29 07:44:58", "age_s": 2062.2}
[2026-09-29 08:20:20] pid=1420 ACTIVE cpu=25358.4s(+58.0s) ws=432MB hb={"stage": "certified_ldlt:start", "ts": "2026-09-29 07:44:58", "age_s": 2122.2}
[2026-09-29 08:21:20] pid=1420 ACTIVE cpu=25418.2s(+59.8s) ws=416MB hb={"stage": "certified_ldlt:start", "ts": "2026-09-29 07:44:58", "age_s": 2182.2}
[2026-09-29 08:22:20] pid=1420 ACTIVE cpu=25477.1s(+58.9s) ws=428MB hb={"stage": "certified_ldlt:start", "ts": "2026-09-29 07:44:58", "age_s": 2242.2}
[2026-09-29 08:23:20] pid=1420 ACTIVE cpu=25535.7s(+58.6s) ws=441MB hb={"stage": "certified_ldlt:start", "ts": "2026-09-29 07:44:58", "age_s": 2302.2}
[2026-09-29 08:24:20] pid=1420 ACTIVE cpu=25594.2s(+58.5s) ws=454MB hb={"stage": "certified_ldlt:start", "ts": "2026-09-29 07:44:58", "age_s": 2362.2}
[2026-09-29 08:25:20] pid=1420 ACTIVE cpu=25653.0s(+58.8s) ws=444MB hb={"stage": "certified_ldlt:start", "ts": "2026-09-29 07:44:58", "age_s": 2422.2}
[2026-09-29 08:26:20] pid=1420 ACTIVE cpu=25712.0s(+59.0s) ws=458MB hb={"stage": "certified_ldlt:start", "ts": "2026-09-29 07:44:58", "age_s": 2482.2}
[2026-09-29 08:27:20] pid=1420 ACTIVE cpu=25771.2s(+59.3s) ws=471MB hb={"stage": "certified_ldlt:start", "ts": "2026-09-29 07:44:58", "age_s": 2542.2}
[2026-09-29 08:28:20] pid=1420 ACTIVE cpu=25828.9s(+57.7s) ws=482MB hb={"stage": "certified_ldlt:start", "ts": "2026-09-29 07:44:58", "age_s": 2602.2}
[2026-09-29 08:29:20] pid=1420 ACTIVE cpu=25887.2s(+58.3s) ws=490MB hb={"stage": "certified_ldlt:start", "ts": "2026-09-29 07:44:58", "age_s": 2662.2}
[2026-09-29 08:30:20] pid=1420 ACTIVE cpu=25946.4s(+59.2s) ws=500MB hb={"stage": "certified_ldlt:start", "ts": "2026-09-29 07:44:58", "age_s": 2722.2}
[2026-09-29 08:31:20] pid=1420 ACTIVE cpu=26005.5s(+59.1s) ws=459MB hb={"stage": "certified_ldlt:start", "ts": "2026-09-29 07:44:58", "age_s": 2782.2}
[2026-09-29 08:32:20] pid=1420 ACTIVE cpu=26063.5s(+58.0s) ws=470MB hb={"stage": "certified_ldlt:start", "ts": "2026-09-29 07:44:58", "age_s": 2842.2}
[2026-09-29 08:33:20] pid=1420 ACTIVE cpu=26123.2s(+59.7s) ws=475MB hb={"stage": "certified_ldlt:start", "ts": "2026-09-29 07:44:58", "age_s": 2902.2}
[2026-09-29 08:34:20] pid=1420 ACTIVE cpu=26183.1s(+59.9s) ws=478MB hb={"stage": "certified_ldlt:start", "ts": "2026-09-29 07:44:58", "age_s": 2962.2}
[2026-09-29 08:35:20] pid=1420 ACTIVE cpu=26243.1s(+59.9s) ws=482MB hb={"stage": "certified_ldlt:start", "ts": "2026-09-29 07:44:58", "age_s": 3022.2}
[2026-09-29 08:36:20] pid=1420 ACTIVE cpu=26302.6s(+59.6s) ws=487MB hb={"stage": "certified_ldlt:start", "ts": "2026-09-29 07:44:58", "age_s": 3082.2}
[2026-09-29 08:37:20] pid=1420 ACTIVE cpu=26362.5s(+59.9s) ws=429MB hb={"stage": "certified_ldlt:start", "ts": "2026-09-29 07:44:58", "age_s": 3142.3}
[2026-09-29 08:38:20] pid=1420 ACTIVE cpu=26422.5s(+59.9s) ws=398MB hb={"stage": "certified_ldlt:start", "ts": "2026-09-29 07:44:58", "age_s": 3202.3}
[2026-09-29 08:39:20] pid=1420 ACTIVE cpu=26482.5s(+60.0s) ws=326MB hb={"stage": "certified_ldlt:start", "ts": "2026-09-29 07:44:58", "age_s": 3262.3}
[2026-09-29 08:40:20] pid=1420 ACTIVE cpu=26542.4s(+59.9s) ws=305MB hb={"stage": "certified_ldlt:start", "ts": "2026-09-29 07:44:58", "age_s": 3322.3}
[2026-09-29 08:41:20] pid=1420 ACTIVE cpu=26602.3s(+60.0s) ws=276MB hb={"stage": "certified_ldlt:start", "ts": "2026-09-29 07:44:58", "age_s": 3382.3}
[2026-09-29 08:42:20] pid=1420 ACTIVE cpu=26661.1s(+58.8s) ws=268MB hb={"stage": "certified_ldlt:start", "ts": "2026-09-29 07:44:58", "age_s": 3442.3}
[2026-09-29 08:43:20] pid=1420 ACTIVE cpu=26721.0s(+60.0s) ws=242MB hb={"stage": "certified_ldlt:start", "ts": "2026-09-29 07:44:58", "age_s": 3502.3}
[2026-09-29 08:44:20] pid=1420 ACTIVE cpu=26780.8s(+59.8s) ws=227MB hb={"stage": "certified_ldlt:start", "ts": "2026-09-29 07:44:58", "age_s": 3562.3}
[2026-09-29 08:45:20] pid=1420 ACTIVE cpu=26839.1s(+58.3s) ws=2130MB hb={"stage": "certified_ldlt:done", "ts": "2026-09-29 08:45:15", "age_s": 5.3}
[2026-09-29 08:46:20] pid=1420 ACTIVE cpu=26898.6s(+59.5s) ws=2316MB hb={"stage": "certified_ldlt:done", "ts": "2026-09-29 08:45:15", "age_s": 65.3}
[2026-09-29 08:47:20] pid=1420 ACTIVE cpu=26958.5s(+59.9s) ws=2321MB hb={"stage": "certified_ldlt:done", "ts": "2026-09-29 08:45:15", "age_s": 125.3}
[2026-09-29 08:48:20] pid=1420 ACTIVE cpu=27018.5s(+60.0s) ws=1436MB hb={"stage": "certified_ldlt:done", "ts": "2026-09-29 08:45:15", "age_s": 185.3}
[2026-09-29 08:49:20] pid=1420 ACTIVE cpu=27078.4s(+59.9s) ws=1203MB hb={"stage": "certified_ldlt:done", "ts": "2026-09-29 08:45:15", "age_s": 245.3}
[2026-09-29 08:50:20] pid=1420 ACTIVE cpu=27138.3s(+59.9s) ws=978MB hb={"stage": "certified_ldlt:done", "ts": "2026-09-29 08:45:15", "age_s": 305.3}
[2026-09-29 08:51:20] pid=1420 ACTIVE cpu=27198.3s(+60.0s) ws=753MB hb={"stage": "certified_ldlt:done", "ts": "2026-09-29 08:45:15", "age_s": 365.3}
[2026-09-29 08:52:20] pid=1420 ACTIVE cpu=27258.1s(+59.9s) ws=767MB hb={"stage": "certified_ldlt:done", "ts": "2026-09-29 08:45:15", "age_s": 425.3}
[2026-09-29 08:53:20] pid=1420 ACTIVE cpu=27318.1s(+60.0s) ws=801MB hb={"stage": "certified_ldlt:done", "ts": "2026-09-29 08:45:15", "age_s": 485.3}
[2026-09-29 08:54:20] pid=1420 ACTIVE cpu=27378.0s(+59.9s) ws=898MB hb={"stage": "certified_ldlt:done", "ts": "2026-09-29 08:45:15", "age_s": 545.3}
[2026-09-29 08:55:20] pid=1420 ACTIVE cpu=27438.0s(+60.0s) ws=785MB hb={"stage": "certified_ldlt:done", "ts": "2026-09-29 08:45:15", "age_s": 605.3}
[2026-09-29 08:56:20] pid=1420 ACTIVE cpu=27498.0s(+60.0s) ws=641MB hb={"stage": "certified_ldlt:done", "ts": "2026-09-29 08:45:15", "age_s": 665.3}
[2026-09-29 08:57:20] pid=1420 ACTIVE cpu=27557.9s(+60.0s) ws=553MB hb={"stage": "certified_ldlt:done", "ts": "2026-09-29 08:45:15", "age_s": 725.3}
[2026-09-29 08:58:20] pid=1420 ACTIVE cpu=27617.9s(+60.0s) ws=523MB hb={"stage": "certified_ldlt:done", "ts": "2026-09-29 08:45:15", "age_s": 785.3}
[2026-09-29 08:59:20] pid=1420 ACTIVE cpu=27677.9s(+60.0s) ws=495MB hb={"stage": "certified_ldlt:done", "ts": "2026-09-29 08:45:15", "age_s": 845.3}
[2026-09-29 09:00:20] pid=1420 ACTIVE cpu=27737.9s(+60.0s) ws=831MB hb={"stage": "certified_ldlt:done", "ts": "2026-09-29 08:45:15", "age_s": 905.3}
[2026-09-29 09:01:20] pid=1420 ACTIVE cpu=27797.9s(+60.0s) ws=722MB hb={"stage": "certified_ldlt:done", "ts": "2026-09-29 08:45:15", "age_s": 965.3}
[2026-09-29 09:02:20] pid=1420 ACTIVE cpu=27857.8s(+59.9s) ws=598MB hb={"stage": "certified_ldlt:done", "ts": "2026-09-29 08:45:15", "age_s": 1025.3}
[2026-09-29 09:03:20] pid=1420 ACTIVE cpu=27917.8s(+60.0s) ws=751MB hb={"stage": "certified_ldlt:done", "ts": "2026-09-29 08:45:15", "age_s": 1085.3}
[2026-09-29 09:04:20] pid=1420 ACTIVE cpu=27977.8s(+60.0s) ws=690MB hb={"stage": "certified_ldlt:done", "ts": "2026-09-29 08:45:15", "age_s": 1145.3}
[2026-09-29 09:05:20] pid=1420 ACTIVE cpu=28037.8s(+60.0s) ws=818MB hb={"stage": "certified_ldlt:done", "ts": "2026-09-29 08:45:15", "age_s": 1205.3}
[2026-09-29 09:06:20] pid=1420 ACTIVE cpu=28097.8s(+60.0s) ws=1011MB hb={"stage": "certified_ldlt:done", "ts": "2026-09-29 08:45:15", "age_s": 1265.3}
[2026-09-29 09:07:20] pid=1420 ACTIVE cpu=28157.7s(+59.9s) ws=831MB hb={"stage": "certified_ldlt:done", "ts": "2026-09-29 08:45:15", "age_s": 1325.3}
[2026-09-29 09:08:20] pid=1420 ACTIVE cpu=28217.7s(+60.0s) ws=737MB hb={"stage": "certified_ldlt:done", "ts": "2026-09-29 08:45:15", "age_s": 1385.3}
[2026-09-29 09:09:20] pid=1420 ACTIVE cpu=28277.6s(+60.0s) ws=691MB hb={"stage": "certified_ldlt:done", "ts": "2026-09-29 08:45:15", "age_s": 1445.3}
[2026-09-29 09:10:20] pid=1420 ACTIVE cpu=28337.6s(+60.0s) ws=650MB hb={"stage": "certified_ldlt:done", "ts": "2026-09-29 08:45:15", "age_s": 1505.3}
[2026-09-29 09:11:20] pid=1420 ACTIVE cpu=28397.6s(+60.0s) ws=680MB hb={"stage": "certified_ldlt:done", "ts": "2026-09-29 08:45:15", "age_s": 1565.3}
[2026-09-29 09:12:20] pid=1420 ACTIVE cpu=28457.5s(+59.9s) ws=716MB hb={"stage": "certified_ldlt:done", "ts": "2026-09-29 08:45:15", "age_s": 1625.3}
[2026-09-29 09:13:20] pid=1420 ACTIVE cpu=28517.5s(+60.0s) ws=1161MB hb={"stage": "certified_ldlt:done", "ts": "2026-09-29 08:45:15", "age_s": 1685.3}
[2026-09-29 09:14:20] pid=1420 ACTIVE cpu=28577.4s(+59.9s) ws=1141MB hb={"stage": "certified_ldlt:done", "ts": "2026-09-29 08:45:15", "age_s": 1745.3}
[2026-09-29 09:15:20] pid=1420 ACTIVE cpu=28637.4s(+60.0s) ws=1212MB hb={"stage": "certified_ldlt:done", "ts": "2026-09-29 08:45:15", "age_s": 1805.3}
[2026-09-29 09:16:20] pid=1420 ACTIVE cpu=28697.3s(+60.0s) ws=815MB hb={"stage": "certified_ldlt:done", "ts": "2026-09-29 08:45:15", "age_s": 1865.3}
[2026-09-29 09:17:20] pid=1420 ACTIVE cpu=28757.3s(+59.9s) ws=666MB hb={"stage": "certified_ldlt:done", "ts": "2026-09-29 08:45:15", "age_s": 1925.3}
[2026-09-29 09:18:20] pid=1420 ACTIVE cpu=28817.2s(+60.0s) ws=737MB hb={"stage": "certified_ldlt:done", "ts": "2026-09-29 08:45:15", "age_s": 1985.3}
[2026-09-29 09:19:20] pid=1420 ACTIVE cpu=28877.2s(+60.0s) ws=715MB hb={"stage": "certified_ldlt:done", "ts": "2026-09-29 08:45:15", "age_s": 2045.3}
[2026-09-29 09:20:20] pid=1420 ACTIVE cpu=28937.2s(+60.0s) ws=768MB hb={"stage": "certified_ldlt:done", "ts": "2026-09-29 08:45:15", "age_s": 2105.3}
[2026-09-29 09:21:20] pid=1420 ACTIVE cpu=28997.2s(+60.0s) ws=626MB hb={"stage": "certified_ldlt:done", "ts": "2026-09-29 08:45:15", "age_s": 2165.3}
[2026-09-29 09:22:20] pid=1420 ACTIVE cpu=29057.1s(+59.9s) ws=901MB hb={"stage": "certified_ldlt:done", "ts": "2026-09-29 08:45:15", "age_s": 2225.3}
[2026-09-29 09:23:20] pid=1420 ACTIVE cpu=29105.4s(+48.3s) ws=841MB hb={"stage": "certified_ldlt:done", "ts": "2026-09-29 08:45:15", "age_s": 2285.3}
[2026-09-29 09:24:20] pid=1420 ACTIVE cpu=29163.4s(+58.0s) ws=828MB hb={"stage": "certified_ldlt:done", "ts": "2026-09-29 08:45:15", "age_s": 2345.3}
[2026-09-29 09:25:20] pid=1420 ACTIVE cpu=29221.2s(+57.8s) ws=951MB hb={"stage": "certified_ldlt:done", "ts": "2026-09-29 08:45:15", "age_s": 2405.3}
[2026-09-29 09:26:20] pid=1420 ACTIVE cpu=29263.0s(+41.8s) ws=44MB hb={"stage": "build_arb_tau:start", "ts": "2026-09-29 09:26:03", "age_s": 17.3}
[2026-09-29 09:27:20] pid=1420 ACTIVE cpu=29322.8s(+59.8s) ws=45MB hb={"stage": "build_arb_tau:start", "ts": "2026-09-29 09:26:03", "age_s": 77.3}
[2026-09-29 09:28:20] pid=1420 ACTIVE cpu=29382.5s(+59.7s) ws=42MB hb={"stage": "build_arb_tau:start", "ts": "2026-09-29 09:26:03", "age_s": 137.3}
[2026-09-29 09:29:20] pid=1420 ACTIVE cpu=29439.7s(+57.2s) ws=38MB hb={"stage": "build_arb_tau:start", "ts": "2026-09-29 09:26:03", "age_s": 197.3}
[2026-09-29 09:30:20] pid=1420 ACTIVE cpu=29497.9s(+58.3s) ws=33MB hb={"stage": "build_arb_tau:start", "ts": "2026-09-29 09:26:03", "age_s": 257.3}
[2026-09-29 09:31:20] pid=1420 ACTIVE cpu=29557.9s(+60.0s) ws=147MB hb={"stage": "build_arb_tau:start", "ts": "2026-09-29 09:26:03", "age_s": 317.3}
[2026-09-29 09:32:20] pid=1420 ACTIVE cpu=29617.8s(+59.9s) ws=152MB hb={"stage": "build_arb_tau:start", "ts": "2026-09-29 09:26:03", "age_s": 377.3}
[2026-09-29 09:33:20] pid=1420 ACTIVE cpu=29677.7s(+60.0s) ws=160MB hb={"stage": "build_arb_tau:start", "ts": "2026-09-29 09:26:03", "age_s": 437.3}
[2026-09-29 09:34:20] pid=1420 ACTIVE cpu=29735.8s(+58.1s) ws=168MB hb={"stage": "build_arb_tau:start", "ts": "2026-09-29 09:26:03", "age_s": 497.3}
[2026-09-29 09:35:20] pid=1420 ACTIVE cpu=29793.8s(+58.0s) ws=175MB hb={"stage": "build_arb_tau:start", "ts": "2026-09-29 09:26:03", "age_s": 557.3}
[2026-09-29 09:36:20] pid=1420 ACTIVE cpu=29853.8s(+60.0s) ws=177MB hb={"stage": "build_arb_tau:start", "ts": "2026-09-29 09:26:03", "age_s": 617.3}
[2026-09-29 09:37:20] pid=1420 ACTIVE cpu=29913.6s(+59.9s) ws=182MB hb={"stage": "build_arb_tau:start", "ts": "2026-09-29 09:26:03", "age_s": 677.3}
[2026-09-29 09:38:20] pid=1420 ACTIVE cpu=29973.6s(+60.0s) ws=163MB hb={"stage": "build_arb_tau:start", "ts": "2026-09-29 09:26:03", "age_s": 737.3}
[2026-09-29 09:39:20] pid=1420 ACTIVE cpu=30033.5s(+59.9s) ws=145MB hb={"stage": "build_arb_tau:start", "ts": "2026-09-29 09:26:03", "age_s": 797.3}
[2026-09-29 09:40:20] pid=1420 ACTIVE cpu=30093.5s(+60.0s) ws=86MB hb={"stage": "build_arb_tau:start", "ts": "2026-09-29 09:26:03", "age_s": 857.3}
[2026-09-29 09:41:20] pid=1420 ACTIVE cpu=30153.5s(+60.0s) ws=84MB hb={"stage": "build_arb_tau:start", "ts": "2026-09-29 09:26:03", "age_s": 917.3}
[2026-09-29 09:42:20] pid=1420 ACTIVE cpu=30213.4s(+59.9s) ws=81MB hb={"stage": "build_arb_tau:start", "ts": "2026-09-29 09:26:03", "age_s": 977.3}
[2026-09-29 09:43:20] pid=1420 ACTIVE cpu=30273.4s(+60.0s) ws=71MB hb={"stage": "build_arb_tau:start", "ts": "2026-09-29 09:26:03", "age_s": 1037.3}
[2026-09-29 09:44:20] pid=1420 ACTIVE cpu=30333.3s(+60.0s) ws=54MB hb={"stage": "build_arb_tau:start", "ts": "2026-09-29 09:26:03", "age_s": 1097.3}
[2026-09-29 09:45:20] pid=1420 ACTIVE cpu=30393.3s(+60.0s) ws=50MB hb={"stage": "build_arb_tau:start", "ts": "2026-09-29 09:26:03", "age_s": 1157.3}
[2026-09-29 09:46:20] pid=1420 ACTIVE cpu=30453.3s(+60.0s) ws=40MB hb={"stage": "build_arb_tau:start", "ts": "2026-09-29 09:26:03", "age_s": 1217.3}
[2026-09-29 09:47:20] pid=1420 ACTIVE cpu=30513.0s(+59.7s) ws=40MB hb={"stage": "build_arb_tau:start", "ts": "2026-09-29 09:26:03", "age_s": 1277.4}
[2026-09-29 09:48:20] pid=1420 ACTIVE cpu=30572.8s(+59.8s) ws=41MB hb={"stage": "build_arb_tau:start", "ts": "2026-09-29 09:26:03", "age_s": 1337.5}
[2026-09-29 09:49:20] pid=1420 ACTIVE cpu=30632.8s(+60.0s) ws=36MB hb={"stage": "build_arb_tau:start", "ts": "2026-09-29 09:26:03", "age_s": 1397.5}
[2026-09-29 09:50:20] pid=1420 ACTIVE cpu=30692.8s(+60.0s) ws=39MB hb={"stage": "build_arb_tau:start", "ts": "2026-09-29 09:26:03", "age_s": 1457.5}
[2026-09-29 09:51:20] pid=1420 ACTIVE cpu=30752.8s(+60.0s) ws=39MB hb={"stage": "build_arb_tau:start", "ts": "2026-09-29 09:26:03", "age_s": 1517.5}
[2026-09-29 09:52:20] pid=1420 ACTIVE cpu=30812.7s(+59.9s) ws=38MB hb={"stage": "build_arb_tau:start", "ts": "2026-09-29 09:26:03", "age_s": 1577.5}
[2026-09-29 09:53:20] pid=1420 ACTIVE cpu=30872.5s(+59.8s) ws=40MB hb={"stage": "build_arb_tau:start", "ts": "2026-09-29 09:26:03", "age_s": 1637.5}
[2026-09-29 09:54:20] pid=1420 ACTIVE cpu=30932.5s(+60.0s) ws=39MB hb={"stage": "build_arb_tau:start", "ts": "2026-09-29 09:26:03", "age_s": 1697.5}
[2026-09-29 09:55:20] pid=1420 ACTIVE cpu=30992.4s(+60.0s) ws=41MB hb={"stage": "build_arb_tau:start", "ts": "2026-09-29 09:26:03", "age_s": 1757.5}
[2026-09-29 09:56:20] pid=1420 ACTIVE cpu=31052.4s(+60.0s) ws=37MB hb={"stage": "build_arb_tau:start", "ts": "2026-09-29 09:26:03", "age_s": 1817.5}
[2026-09-29 09:57:20] pid=1420 ACTIVE cpu=31112.3s(+60.0s) ws=39MB hb={"stage": "build_arb_tau:start", "ts": "2026-09-29 09:26:03", "age_s": 1877.5}
[2026-09-29 09:58:20] pid=1420 ACTIVE cpu=31172.3s(+59.9s) ws=38MB hb={"stage": "build_arb_tau:start", "ts": "2026-09-29 09:26:03", "age_s": 1937.5}
[2026-09-29 09:59:20] pid=1420 ACTIVE cpu=31232.2s(+60.0s) ws=37MB hb={"stage": "build_arb_tau:start", "ts": "2026-09-29 09:26:03", "age_s": 1997.5}
[2026-09-29 10:00:20] pid=1420 ACTIVE cpu=31286.6s(+54.3s) ws=41MB hb={"stage": "build_arb_tau:start", "ts": "2026-09-29 09:26:03", "age_s": 2057.5}
[2026-09-29 10:01:20] pid=1420 ACTIVE cpu=31344.9s(+58.3s) ws=36MB hb={"stage": "build_arb_tau:start", "ts": "2026-09-29 09:26:03", "age_s": 2117.5}
[2026-09-29 10:02:20] pid=1420 ACTIVE cpu=31404.7s(+59.7s) ws=39MB hb={"stage": "build_arb_tau:start", "ts": "2026-09-29 09:26:03", "age_s": 2177.5}
[2026-09-29 10:03:20] pid=1420 ACTIVE cpu=31464.4s(+59.7s) ws=46MB hb={"stage": "build_arb_tau:start", "ts": "2026-09-29 09:26:03", "age_s": 2237.6}
[2026-09-29 10:04:20] pid=1420 ACTIVE cpu=31523.5s(+59.1s) ws=53MB hb={"stage": "build_arb_tau:start", "ts": "2026-09-29 09:26:03", "age_s": 2297.6}
[2026-09-29 10:05:20] pid=1420 ACTIVE cpu=31579.4s(+55.9s) ws=59MB hb={"stage": "build_arb_tau:start", "ts": "2026-09-29 09:26:03", "age_s": 2357.6}
[2026-09-29 10:06:20] pid=1420 ACTIVE cpu=31635.6s(+56.3s) ws=58MB hb={"stage": "build_arb_tau:start", "ts": "2026-09-29 09:26:03", "age_s": 2417.6}
[2026-09-29 10:07:20] pid=1420 ACTIVE cpu=31691.4s(+55.7s) ws=60MB hb={"stage": "build_arb_tau:start", "ts": "2026-09-29 09:26:03", "age_s": 2477.6}
[2026-09-29 10:08:20] pid=1420 ACTIVE cpu=31750.4s(+59.0s) ws=68MB hb={"stage": "build_arb_tau:start", "ts": "2026-09-29 09:26:03", "age_s": 2537.6}
[2026-09-29 10:09:20] pid=1420 ACTIVE cpu=31807.8s(+57.4s) ws=75MB hb={"stage": "build_arb_tau:start", "ts": "2026-09-29 09:26:03", "age_s": 2597.6}
[2026-09-29 10:10:20] pid=1420 ACTIVE cpu=31866.3s(+58.5s) ws=73MB hb={"stage": "build_arb_tau:start", "ts": "2026-09-29 09:26:03", "age_s": 2657.6}
[2026-09-29 10:11:20] pid=1420 ACTIVE cpu=31924.5s(+58.2s) ws=67MB hb={"stage": "build_arb_tau:start", "ts": "2026-09-29 09:26:03", "age_s": 2717.6}
[2026-09-29 10:12:20] pid=1420 ACTIVE cpu=31982.2s(+57.7s) ws=74MB hb={"stage": "build_arb_tau:start", "ts": "2026-09-29 09:26:03", "age_s": 2777.6}
[2026-09-29 10:13:20] pid=1420 ACTIVE cpu=32038.2s(+56.0s) ws=79MB hb={"stage": "build_arb_tau:start", "ts": "2026-09-29 09:26:03", "age_s": 2837.6}
[2026-09-29 10:14:20] pid=1420 ACTIVE cpu=32096.0s(+57.8s) ws=79MB hb={"stage": "build_arb_tau:start", "ts": "2026-09-29 09:26:03", "age_s": 2897.6}
[2026-09-29 10:15:20] pid=1420 ACTIVE cpu=32154.5s(+58.4s) ws=75MB hb={"stage": "build_arb_tau:start", "ts": "2026-09-29 09:26:03", "age_s": 2957.6}
[2026-09-29 10:16:20] pid=1420 ACTIVE cpu=32211.9s(+57.4s) ws=74MB hb={"stage": "build_arb_tau:start", "ts": "2026-09-29 09:26:03", "age_s": 3017.6}
[2026-09-29 10:17:20] pid=1420 ACTIVE cpu=32270.1s(+58.2s) ws=79MB hb={"stage": "build_arb_tau:start", "ts": "2026-09-29 09:26:03", "age_s": 3077.6}
[2026-09-29 10:18:20] pid=1420 ACTIVE cpu=32328.2s(+58.1s) ws=81MB hb={"stage": "build_arb_tau:start", "ts": "2026-09-29 09:26:03", "age_s": 3137.6}
[2026-09-29 10:19:20] pid=1420 ACTIVE cpu=32385.9s(+57.8s) ws=78MB hb={"stage": "build_arb_tau:start", "ts": "2026-09-29 09:26:03", "age_s": 3197.6}
[2026-09-29 10:20:20] pid=1420 ACTIVE cpu=32442.7s(+56.8s) ws=85MB hb={"stage": "build_arb_tau:start", "ts": "2026-09-29 09:26:03", "age_s": 3257.6}
[2026-09-29 10:21:20] pid=1420 ACTIVE cpu=32502.7s(+60.0s) ws=83MB hb={"stage": "build_arb_tau:start", "ts": "2026-09-29 09:26:03", "age_s": 3317.6}
[2026-09-29 10:22:20] pid=1420 ACTIVE cpu=32560.5s(+57.8s) ws=75MB hb={"stage": "build_arb_tau:start", "ts": "2026-09-29 09:26:03", "age_s": 3377.6}
[2026-09-29 10:23:20] pid=1420 ACTIVE cpu=32618.6s(+58.1s) ws=78MB hb={"stage": "build_arb_tau:start", "ts": "2026-09-29 09:26:03", "age_s": 3437.6}
[2026-09-29 10:24:20] pid=1420 ACTIVE cpu=32678.5s(+59.9s) ws=80MB hb={"stage": "build_arb_tau:start", "ts": "2026-09-29 09:26:03", "age_s": 3497.6}
[2026-09-29 10:25:20] pid=1420 ACTIVE cpu=32738.5s(+60.0s) ws=83MB hb={"stage": "build_arb_tau:start", "ts": "2026-09-29 09:26:03", "age_s": 3557.6}
[2026-09-29 10:26:20] pid=1420 ACTIVE cpu=32798.4s(+60.0s) ws=88MB hb={"stage": "build_arb_tau:start", "ts": "2026-09-29 09:26:03", "age_s": 3617.6}
[2026-09-29 10:27:20] pid=1420 ACTIVE cpu=32858.1s(+59.6s) ws=90MB hb={"stage": "build_arb_tau:start", "ts": "2026-09-29 09:26:03", "age_s": 3677.6}
[2026-09-29 10:28:20] pid=1420 ACTIVE cpu=32917.9s(+59.9s) ws=68MB hb={"stage": "build_arb_tau:start", "ts": "2026-09-29 09:26:03", "age_s": 3737.6}
[2026-09-29 10:29:20] pid=1420 ACTIVE cpu=32977.9s(+59.9s) ws=54MB hb={"stage": "build_arb_tau:start", "ts": "2026-09-29 09:26:03", "age_s": 3797.6}
[2026-09-29 10:30:20] pid=1420 ACTIVE cpu=33037.8s(+60.0s) ws=48MB hb={"stage": "build_arb_tau:start", "ts": "2026-09-29 09:26:03", "age_s": 3857.6}
[2026-09-29 10:31:20] pid=1420 ACTIVE cpu=33097.8s(+59.9s) ws=46MB hb={"stage": "build_arb_tau:start", "ts": "2026-09-29 09:26:03", "age_s": 3917.6}
[2026-09-29 10:32:20] pid=1420 ACTIVE cpu=33155.0s(+57.2s) ws=39MB hb={"stage": "build_arb_tau:start", "ts": "2026-09-29 09:26:03", "age_s": 3977.6}
[2026-09-29 10:33:20] pid=1420 ACTIVE cpu=33213.0s(+58.1s) ws=44MB hb={"stage": "build_arb_tau:start", "ts": "2026-09-29 09:26:03", "age_s": 4037.6}
[2026-09-29 10:34:20] pid=1420 ACTIVE cpu=33273.0s(+60.0s) ws=47MB hb={"stage": "build_arb_tau:start", "ts": "2026-09-29 09:26:03", "age_s": 4097.6}
[2026-09-29 10:35:20] pid=1420 ACTIVE cpu=33332.2s(+59.2s) ws=54MB hb={"stage": "build_arb_tau:start", "ts": "2026-09-29 09:26:03", "age_s": 4157.6}
[2026-09-29 10:36:20] pid=1420 ACTIVE cpu=33392.2s(+59.9s) ws=62MB hb={"stage": "build_arb_tau:start", "ts": "2026-09-29 09:26:03", "age_s": 4217.6}
[2026-09-29 10:37:20] pid=1420 ACTIVE cpu=33449.1s(+56.9s) ws=67MB hb={"stage": "build_arb_tau:start", "ts": "2026-09-29 09:26:03", "age_s": 4277.6}
[2026-09-29 10:38:20] pid=1420 ACTIVE cpu=33508.2s(+59.1s) ws=75MB hb={"stage": "build_arb_tau:start", "ts": "2026-09-29 09:26:03", "age_s": 4337.6}
[2026-09-29 10:39:20] pid=1420 ACTIVE cpu=33566.0s(+57.8s) ws=79MB hb={"stage": "build_arb_tau:start", "ts": "2026-09-29 09:26:03", "age_s": 4397.6}
[2026-09-29 10:40:20] pid=1420 ACTIVE cpu=33625.8s(+59.8s) ws=83MB hb={"stage": "build_arb_tau:start", "ts": "2026-09-29 09:26:03", "age_s": 4457.6}
[2026-09-29 10:41:20] pid=1420 ACTIVE cpu=33685.8s(+60.0s) ws=80MB hb={"stage": "build_arb_tau:start", "ts": "2026-09-29 09:26:03", "age_s": 4517.6}
[2026-09-29 10:42:20] pid=1420 ACTIVE cpu=33744.4s(+58.6s) ws=83MB hb={"stage": "build_arb_tau:start", "ts": "2026-09-29 09:26:03", "age_s": 4577.6}
[2026-09-29 10:43:20] pid=1420 ACTIVE cpu=33804.0s(+59.7s) ws=91MB hb={"stage": "build_arb_tau:start", "ts": "2026-09-29 09:26:03", "age_s": 4637.6}
[2026-09-29 10:44:20] pid=1420 ACTIVE cpu=33864.0s(+59.9s) ws=92MB hb={"stage": "build_arb_tau:start", "ts": "2026-09-29 09:26:03", "age_s": 4697.6}
[2026-09-29 10:45:20] pid=1420 ACTIVE cpu=33923.9s(+60.0s) ws=83MB hb={"stage": "build_arb_tau:start", "ts": "2026-09-29 09:26:03", "age_s": 4757.6}
[2026-09-29 10:46:20] pid=1420 ACTIVE cpu=33983.9s(+59.9s) ws=90MB hb={"stage": "build_arb_tau:start", "ts": "2026-09-29 09:26:03", "age_s": 4817.6}
[2026-09-29 10:47:20] pid=1420 ACTIVE cpu=34043.7s(+59.9s) ws=98MB hb={"stage": "build_arb_tau:start", "ts": "2026-09-29 09:26:03", "age_s": 4877.6}
[2026-09-29 10:48:20] pid=1420 ACTIVE cpu=34103.6s(+59.9s) ws=71MB hb={"stage": "build_arb_tau:start", "ts": "2026-09-29 09:26:03", "age_s": 4937.6}
[2026-09-29 10:49:20] pid=1420 ACTIVE cpu=34163.0s(+59.4s) ws=57MB hb={"stage": "build_arb_tau:start", "ts": "2026-09-29 09:26:03", "age_s": 4997.6}
[2026-09-29 10:50:20] pid=1420 ACTIVE cpu=34223.0s(+60.0s) ws=49MB hb={"stage": "build_arb_tau:start", "ts": "2026-09-29 09:26:03", "age_s": 5057.6}
[2026-09-29 10:51:20] pid=1420 ACTIVE cpu=34282.9s(+59.9s) ws=44MB hb={"stage": "build_arb_tau:start", "ts": "2026-09-29 09:26:03", "age_s": 5117.6}
[2026-09-29 10:52:20] pid=1420 ACTIVE cpu=34340.5s(+57.6s) ws=42MB hb={"stage": "build_arb_tau:start", "ts": "2026-09-29 09:26:03", "age_s": 5177.6}
[2026-09-29 10:53:20] pid=1420 ACTIVE cpu=34397.4s(+56.9s) ws=42MB hb={"stage": "build_arb_tau:start", "ts": "2026-09-29 09:26:03", "age_s": 5237.6}
[2026-09-29 10:54:20] pid=1420 ACTIVE cpu=34454.3s(+56.8s) ws=49MB hb={"stage": "build_arb_tau:start", "ts": "2026-09-29 09:26:03", "age_s": 5297.6}
[2026-09-29 10:55:20] pid=1420 ACTIVE cpu=34512.9s(+58.7s) ws=55MB hb={"stage": "build_arb_tau:start", "ts": "2026-09-29 09:26:03", "age_s": 5357.6}
[2026-09-29 10:56:20] pid=1420 ACTIVE cpu=34571.9s(+59.0s) ws=58MB hb={"stage": "build_arb_tau:start", "ts": "2026-09-29 09:26:03", "age_s": 5417.6}
[2026-09-29 10:57:20] pid=1420 ACTIVE cpu=34628.0s(+56.1s) ws=60MB hb={"stage": "build_arb_tau:start", "ts": "2026-09-29 09:26:03", "age_s": 5477.6}
[2026-09-29 10:58:20] pid=1420 ACTIVE cpu=34685.9s(+58.0s) ws=64MB hb={"stage": "build_arb_tau:start", "ts": "2026-09-29 09:26:03", "age_s": 5537.6}
[2026-09-29 10:59:20] pid=1420 ACTIVE cpu=34744.6s(+58.7s) ws=64MB hb={"stage": "build_arb_tau:start", "ts": "2026-09-29 09:26:03", "age_s": 5597.6}
[2026-09-29 11:00:20] pid=1420 ACTIVE cpu=34794.9s(+50.3s) ws=66MB hb={"stage": "build_arb_tau:start", "ts": "2026-09-29 09:26:03", "age_s": 5657.7}
[2026-09-29 11:01:20] pid=1420 ACTIVE cpu=34852.2s(+57.3s) ws=67MB hb={"stage": "build_arb_tau:start", "ts": "2026-09-29 09:26:03", "age_s": 5717.7}
[2026-09-29 11:02:20] pid=1420 ACTIVE cpu=34910.2s(+58.0s) ws=72MB hb={"stage": "build_arb_tau:start", "ts": "2026-09-29 09:26:03", "age_s": 5777.7}
[2026-09-29 11:03:20] pid=1420 ACTIVE cpu=34967.9s(+57.7s) ws=79MB hb={"stage": "build_arb_tau:start", "ts": "2026-09-29 09:26:03", "age_s": 5837.7}
[2026-09-29 11:04:20] pid=1420 ACTIVE cpu=35026.6s(+58.7s) ws=85MB hb={"stage": "build_arb_tau:start", "ts": "2026-09-29 09:26:03", "age_s": 5897.7}
[2026-09-29 11:05:20] pid=1420 ACTIVE cpu=35085.3s(+58.7s) ws=77MB hb={"stage": "build_arb_tau:start", "ts": "2026-09-29 09:26:03", "age_s": 5957.7}
[2026-09-29 11:06:20] pid=1420 ACTIVE cpu=35145.2s(+59.8s) ws=76MB hb={"stage": "build_arb_tau:start", "ts": "2026-09-29 09:26:03", "age_s": 6017.7}
[2026-09-29 11:07:20] pid=1420 ACTIVE cpu=35205.0s(+59.8s) ws=79MB hb={"stage": "build_arb_tau:start", "ts": "2026-09-29 09:26:03", "age_s": 6077.7}
[2026-09-29 11:08:20] pid=1420 ACTIVE cpu=35264.7s(+59.7s) ws=86MB hb={"stage": "build_arb_tau:start", "ts": "2026-09-29 09:26:03", "age_s": 6137.7}
[2026-09-29 11:09:20] pid=1420 ACTIVE cpu=35324.4s(+59.7s) ws=89MB hb={"stage": "build_arb_tau:start", "ts": "2026-09-29 09:26:03", "age_s": 6197.7}
[2026-09-29 11:10:20] pid=1420 ACTIVE cpu=35383.5s(+59.1s) ws=84MB hb={"stage": "build_arb_tau:start", "ts": "2026-09-29 09:26:03", "age_s": 6257.7}
[2026-09-29 11:11:20] pid=1420 ACTIVE cpu=35439.8s(+56.2s) ws=87MB hb={"stage": "build_arb_tau:start", "ts": "2026-09-29 09:26:03", "age_s": 6317.7}
[2026-09-29 11:12:20] pid=1420 ACTIVE cpu=35497.9s(+58.2s) ws=94MB hb={"stage": "build_arb_tau:start", "ts": "2026-09-29 09:26:03", "age_s": 6377.7}
[2026-09-29 11:13:20] pid=1420 ACTIVE cpu=35557.5s(+59.5s) ws=93MB hb={"stage": "build_arb_tau:start", "ts": "2026-09-29 09:26:03", "age_s": 6437.7}
[2026-09-29 11:14:20] pid=1420 ACTIVE cpu=35617.4s(+59.9s) ws=91MB hb={"stage": "build_arb_tau:start", "ts": "2026-09-29 09:26:03", "age_s": 6497.7}
[2026-09-29 11:15:20] pid=1420 ACTIVE cpu=35676.9s(+59.5s) ws=87MB hb={"stage": "build_arb_tau:start", "ts": "2026-09-29 09:26:03", "age_s": 6557.7}
[2026-09-29 11:16:20] pid=1420 ACTIVE cpu=35734.0s(+57.1s) ws=85MB hb={"stage": "build_arb_tau:start", "ts": "2026-09-29 09:26:03", "age_s": 6617.7}
[2026-09-29 11:17:20] pid=1420 ACTIVE cpu=35793.9s(+59.9s) ws=93MB hb={"stage": "build_arb_tau:start", "ts": "2026-09-29 09:26:03", "age_s": 6677.7}
[2026-09-29 11:18:20] pid=1420 ACTIVE cpu=35853.8s(+59.9s) ws=96MB hb={"stage": "build_arb_tau:start", "ts": "2026-09-29 09:26:03", "age_s": 6737.7}
[2026-09-29 11:19:20] pid=1420 ACTIVE cpu=35911.6s(+57.8s) ws=86MB hb={"stage": "build_arb_tau:start", "ts": "2026-09-29 09:26:03", "age_s": 6797.7}
[2026-09-29 11:20:20] pid=1420 ACTIVE cpu=35971.5s(+59.9s) ws=87MB hb={"stage": "build_arb_tau:start", "ts": "2026-09-29 09:26:03", "age_s": 6857.7}
[2026-09-29 11:21:20] pid=1420 ACTIVE cpu=36029.7s(+58.2s) ws=91MB hb={"stage": "build_arb_tau:start", "ts": "2026-09-29 09:26:03", "age_s": 6917.7}
[2026-09-29 11:22:20] pid=1420 ACTIVE cpu=36087.5s(+57.7s) ws=97MB hb={"stage": "build_arb_tau:start", "ts": "2026-09-29 09:26:03", "age_s": 6977.7}
[2026-09-29 11:23:20] pid=1420 ACTIVE cpu=36147.3s(+59.9s) ws=101MB hb={"stage": "build_arb_tau:start", "ts": "2026-09-29 09:26:03", "age_s": 7037.7}
[2026-09-29 11:24:20] pid=1420 ACTIVE cpu=36207.3s(+60.0s) ws=93MB hb={"stage": "build_arb_tau:start", "ts": "2026-09-29 09:26:03", "age_s": 7097.7}
[2026-09-29 11:25:20] pid=1420 ACTIVE cpu=36267.1s(+59.8s) ws=90MB hb={"stage": "build_arb_tau:start", "ts": "2026-09-29 09:26:03", "age_s": 7157.7}
[2026-09-29 11:26:20] pid=1420 ACTIVE cpu=36327.0s(+60.0s) ws=97MB hb={"stage": "build_arb_tau:start", "ts": "2026-09-29 09:26:03", "age_s": 7217.7}
[2026-09-29 11:27:20] pid=1420 ACTIVE cpu=36386.9s(+59.9s) ws=99MB hb={"stage": "build_arb_tau:start", "ts": "2026-09-29 09:26:03", "age_s": 7277.7}
[2026-09-29 11:28:20] pid=1420 ACTIVE cpu=36446.8s(+59.9s) ws=74MB hb={"stage": "build_arb_tau:start", "ts": "2026-09-29 09:26:03", "age_s": 7337.7}
[2026-09-29 11:29:20] pid=1420 ACTIVE cpu=36506.8s(+60.0s) ws=62MB hb={"stage": "build_arb_tau:start", "ts": "2026-09-29 09:26:03", "age_s": 7397.7}
[2026-09-29 11:30:20] pid=1420 ACTIVE cpu=36566.8s(+60.0s) ws=46MB hb={"stage": "build_arb_tau:start", "ts": "2026-09-29 09:26:03", "age_s": 7457.7}
[2026-09-29 11:31:20] pid=1420 ACTIVE cpu=36626.7s(+59.9s) ws=38MB hb={"stage": "build_arb_tau:start", "ts": "2026-09-29 09:26:03", "age_s": 7517.7}
[2026-09-29 11:32:20] pid=1420 ACTIVE cpu=36686.6s(+59.9s) ws=40MB hb={"stage": "build_arb_tau:start", "ts": "2026-09-29 09:26:03", "age_s": 7577.7}
[2026-09-29 11:33:20] pid=1420 ACTIVE cpu=36745.1s(+58.6s) ws=38MB hb={"stage": "build_arb_tau:start", "ts": "2026-09-29 09:26:03", "age_s": 7637.7}
[2026-09-29 11:34:20] pid=1420 ACTIVE cpu=36801.7s(+56.6s) ws=40MB hb={"stage": "build_arb_tau:start", "ts": "2026-09-29 09:26:03", "age_s": 7697.7}
[2026-09-29 11:35:20] pid=1420 ACTIVE cpu=36859.9s(+58.2s) ws=37MB hb={"stage": "build_arb_tau:start", "ts": "2026-09-29 09:26:03", "age_s": 7757.7}
[2026-09-29 11:36:20] pid=1420 ACTIVE cpu=36919.6s(+59.6s) ws=36MB hb={"stage": "build_arb_tau:start", "ts": "2026-09-29 09:26:03", "age_s": 7817.7}
[2026-09-29 11:37:20] pid=1420 ACTIVE cpu=36979.5s(+59.9s) ws=36MB hb={"stage": "build_arb_tau:start", "ts": "2026-09-29 09:26:03", "age_s": 7877.7}
[2026-09-29 11:38:20] pid=1420 ACTIVE cpu=37039.4s(+59.9s) ws=45MB hb={"stage": "build_arb_tau:start", "ts": "2026-09-29 09:26:03", "age_s": 7937.7}
[2026-09-29 11:39:20] pid=1420 ACTIVE cpu=37098.7s(+59.3s) ws=51MB hb={"stage": "build_arb_tau:start", "ts": "2026-09-29 09:26:03", "age_s": 7997.7}
[2026-09-29 11:40:20] pid=1420 ACTIVE cpu=37156.5s(+57.8s) ws=58MB hb={"stage": "build_arb_tau:start", "ts": "2026-09-29 09:26:03", "age_s": 8057.7}
[2026-09-29 11:41:20] pid=1420 ACTIVE cpu=37216.4s(+60.0s) ws=59MB hb={"stage": "build_arb_tau:start", "ts": "2026-09-29 09:26:03", "age_s": 8117.7}
[2026-09-29 11:42:20] pid=1420 ACTIVE cpu=37276.3s(+59.9s) ws=66MB hb={"stage": "build_arb_tau:start", "ts": "2026-09-29 09:26:03", "age_s": 8177.7}
[2026-09-29 11:43:20] pid=1420 ACTIVE cpu=37336.2s(+59.9s) ws=72MB hb={"stage": "build_arb_tau:start", "ts": "2026-09-29 09:26:03", "age_s": 8237.7}
[2026-09-29 11:44:20] pid=1420 ACTIVE cpu=37396.0s(+59.8s) ws=80MB hb={"stage": "build_arb_tau:start", "ts": "2026-09-29 09:26:03", "age_s": 8297.7}
[2026-09-29 11:45:20] pid=1420 ACTIVE cpu=37455.9s(+59.9s) ws=89MB hb={"stage": "build_arb_tau:start", "ts": "2026-09-29 09:26:03", "age_s": 8357.7}
[2026-09-29 11:46:20] pid=1420 ACTIVE cpu=37515.9s(+59.9s) ws=89MB hb={"stage": "build_arb_tau:start", "ts": "2026-09-29 09:26:03", "age_s": 8417.7}
[2026-09-29 11:47:20] pid=1420 ACTIVE cpu=37573.8s(+57.9s) ws=81MB hb={"stage": "build_arb_tau:start", "ts": "2026-09-29 09:26:03", "age_s": 8477.7}
[2026-09-29 11:48:20] pid=1420 ACTIVE cpu=37633.5s(+59.8s) ws=66MB hb={"stage": "build_arb_tau:start", "ts": "2026-09-29 09:26:03", "age_s": 8537.7}
[2026-09-29 11:49:20] pid=1420 ACTIVE cpu=37693.4s(+59.9s) ws=47MB hb={"stage": "build_arb_tau:start", "ts": "2026-09-29 09:26:03", "age_s": 8597.7}
[2026-09-29 11:50:20] pid=1420 ACTIVE cpu=37750.8s(+57.4s) ws=49MB hb={"stage": "build_arb_tau:start", "ts": "2026-09-29 09:26:03", "age_s": 8657.7}
[2026-09-29 11:51:20] pid=1420 ACTIVE cpu=37810.8s(+59.9s) ws=41MB hb={"stage": "build_arb_tau:start", "ts": "2026-09-29 09:26:03", "age_s": 8717.7}
[2026-09-29 11:52:20] pid=1420 ACTIVE cpu=37870.6s(+59.8s) ws=38MB hb={"stage": "build_arb_tau:start", "ts": "2026-09-29 09:26:03", "age_s": 8777.7}
[2026-09-29 11:53:20] pid=1420 ACTIVE cpu=37930.5s(+59.9s) ws=42MB hb={"stage": "build_arb_tau:start", "ts": "2026-09-29 09:26:03", "age_s": 8837.7}
[2026-09-29 11:54:20] pid=1420 ACTIVE cpu=37990.4s(+59.9s) ws=49MB hb={"stage": "build_arb_tau:start", "ts": "2026-09-29 09:26:03", "age_s": 8897.7}
[2026-09-29 11:55:20] pid=1420 ACTIVE cpu=38050.3s(+59.9s) ws=54MB hb={"stage": "build_arb_tau:start", "ts": "2026-09-29 09:26:03", "age_s": 8957.7}
[2026-09-29 11:56:20] pid=1420 ACTIVE cpu=38110.3s(+60.0s) ws=62MB hb={"stage": "build_arb_tau:start", "ts": "2026-09-29 09:26:03", "age_s": 9017.7}
[2026-09-29 11:57:20] pid=1420 ACTIVE cpu=38170.2s(+59.8s) ws=69MB hb={"stage": "build_arb_tau:start", "ts": "2026-09-29 09:26:03", "age_s": 9077.7}
[2026-09-29 11:58:20] pid=1420 ACTIVE cpu=38230.1s(+59.9s) ws=59MB hb={"stage": "build_arb_tau:start", "ts": "2026-09-29 09:26:03", "age_s": 9137.7}
[2026-09-29 11:59:20] pid=1420 ACTIVE cpu=38290.0s(+60.0s) ws=48MB hb={"stage": "build_arb_tau:start", "ts": "2026-09-29 09:26:03", "age_s": 9197.7}
[2026-09-29 12:00:20] pid=1420 ACTIVE cpu=38349.9s(+59.9s) ws=41MB hb={"stage": "build_arb_tau:start", "ts": "2026-09-29 09:26:03", "age_s": 9257.7}
[2026-09-29 12:01:20] pid=1420 ACTIVE cpu=38409.9s(+60.0s) ws=36MB hb={"stage": "build_arb_tau:start", "ts": "2026-09-29 09:26:03", "age_s": 9317.7}
[2026-09-29 12:02:20] pid=1420 ACTIVE cpu=38468.9s(+59.0s) ws=41MB hb={"stage": "build_arb_tau:start", "ts": "2026-09-29 09:26:03", "age_s": 9377.7}
[2026-09-29 12:03:20] pid=1420 ACTIVE cpu=38528.8s(+59.9s) ws=36MB hb={"stage": "build_arb_tau:start", "ts": "2026-09-29 09:26:03", "age_s": 9437.7}
[2026-09-29 12:04:20] pid=1420 ACTIVE cpu=38588.7s(+59.9s) ws=35MB hb={"stage": "build_arb_tau:start", "ts": "2026-09-29 09:26:03", "age_s": 9497.7}
[2026-09-29 12:05:20] pid=1420 ACTIVE cpu=38648.5s(+59.8s) ws=37MB hb={"stage": "build_arb_tau:start", "ts": "2026-09-29 09:26:03", "age_s": 9557.7}
[2026-09-29 12:06:20] pid=1420 ACTIVE cpu=38708.5s(+60.0s) ws=35MB hb={"stage": "build_arb_tau:start", "ts": "2026-09-29 09:26:03", "age_s": 9617.7}
[2026-09-29 12:07:20] pid=1420 ACTIVE cpu=38768.4s(+59.9s) ws=38MB hb={"stage": "build_arb_tau:start", "ts": "2026-09-29 09:26:03", "age_s": 9677.7}
[2026-09-29 12:08:20] pid=1420 ACTIVE cpu=38828.3s(+59.9s) ws=35MB hb={"stage": "build_arb_tau:start", "ts": "2026-09-29 09:26:03", "age_s": 9737.7}
[2026-09-29 12:09:20] pid=1420 ACTIVE cpu=38888.2s(+59.9s) ws=36MB hb={"stage": "build_arb_tau:start", "ts": "2026-09-29 09:26:03", "age_s": 9797.7}
[2026-09-29 12:10:20] pid=1420 ACTIVE cpu=38948.1s(+59.9s) ws=33MB hb={"stage": "build_arb_tau:start", "ts": "2026-09-29 09:26:03", "age_s": 9857.8}
[2026-09-29 12:11:20] pid=1420 ACTIVE cpu=39008.1s(+59.9s) ws=33MB hb={"stage": "build_arb_tau:start", "ts": "2026-09-29 09:26:03", "age_s": 9917.8}
[2026-09-29 12:12:20] pid=1420 ACTIVE cpu=39067.2s(+59.1s) ws=36MB hb={"stage": "build_arb_tau:start", "ts": "2026-09-29 09:26:03", "age_s": 9977.8}
[2026-09-29 12:13:20] pid=1420 ACTIVE cpu=39127.0s(+59.8s) ws=44MB hb={"stage": "build_arb_tau:start", "ts": "2026-09-29 09:26:03", "age_s": 10037.8}
[2026-09-29 12:14:20] pid=1420 ACTIVE cpu=39186.1s(+59.1s) ws=48MB hb={"stage": "build_arb_tau:start", "ts": "2026-09-29 09:26:03", "age_s": 10097.8}
[2026-09-29 12:15:20] pid=1420 ACTIVE cpu=39244.6s(+58.6s) ws=56MB hb={"stage": "build_arb_tau:start", "ts": "2026-09-29 09:26:03", "age_s": 10157.8}
[2026-09-29 12:16:20] pid=1420 ACTIVE cpu=39304.5s(+59.9s) ws=64MB hb={"stage": "build_arb_tau:start", "ts": "2026-09-29 09:26:03", "age_s": 10217.8}
[2026-09-29 12:17:20] pid=1420 ACTIVE cpu=39364.3s(+59.7s) ws=62MB hb={"stage": "build_arb_tau:start", "ts": "2026-09-29 09:26:03", "age_s": 10277.8}
[2026-09-29 12:18:20] pid=1420 ACTIVE cpu=39424.1s(+59.9s) ws=65MB hb={"stage": "build_arb_tau:start", "ts": "2026-09-29 09:26:03", "age_s": 10337.8}
[2026-09-29 12:19:20] pid=1420 ACTIVE cpu=39484.0s(+59.9s) ws=69MB hb={"stage": "build_arb_tau:start", "ts": "2026-09-29 09:26:03", "age_s": 10397.8}
[2026-09-29 12:20:20] pid=1420 ACTIVE cpu=39543.9s(+59.9s) ws=70MB hb={"stage": "build_arb_tau:start", "ts": "2026-09-29 09:26:03", "age_s": 10457.8}
[2026-09-29 12:21:20] pid=1420 ACTIVE cpu=39603.8s(+59.9s) ws=71MB hb={"stage": "build_arb_tau:start", "ts": "2026-09-29 09:26:03", "age_s": 10517.8}
[2026-09-29 12:22:20] pid=1420 ACTIVE cpu=39663.5s(+59.7s) ws=72MB hb={"stage": "build_arb_tau:start", "ts": "2026-09-29 09:26:03", "age_s": 10577.8}
[2026-09-29 12:23:20] pid=1420 ACTIVE cpu=39723.2s(+59.6s) ws=78MB hb={"stage": "build_arb_tau:start", "ts": "2026-09-29 09:26:03", "age_s": 10637.8}
[2026-09-29 12:24:20] pid=1420 ACTIVE cpu=39783.1s(+59.9s) ws=84MB hb={"stage": "build_arb_tau:start", "ts": "2026-09-29 09:26:03", "age_s": 10697.8}
[2026-09-29 12:25:20] pid=1420 ACTIVE cpu=39842.9s(+59.8s) ws=83MB hb={"stage": "build_arb_tau:start", "ts": "2026-09-29 09:26:03", "age_s": 10757.8}
[2026-09-29 12:26:20] pid=1420 ACTIVE cpu=39902.8s(+59.9s) ws=87MB hb={"stage": "build_arb_tau:start", "ts": "2026-09-29 09:26:03", "age_s": 10817.8}
[2026-09-29 12:27:20] pid=1420 ACTIVE cpu=39961.8s(+59.0s) ws=87MB hb={"stage": "build_arb_tau:start", "ts": "2026-09-29 09:26:03", "age_s": 10877.8}
[2026-09-29 12:28:20] pid=1420 ACTIVE cpu=40021.2s(+59.5s) ws=84MB hb={"stage": "build_arb_tau:start", "ts": "2026-09-29 09:26:03", "age_s": 10937.8}
[2026-09-29 12:29:20] pid=1420 ACTIVE cpu=40078.7s(+57.5s) ws=87MB hb={"stage": "build_arb_tau:start", "ts": "2026-09-29 09:26:03", "age_s": 10997.8}
[2026-09-29 12:30:20] pid=1420 ACTIVE cpu=40131.4s(+52.7s) ws=85MB hb={"stage": "build_arb_tau:start", "ts": "2026-09-29 09:26:03", "age_s": 11057.8}
[2026-09-29 12:31:20] pid=1420 ACTIVE cpu=40188.1s(+56.7s) ws=85MB hb={"stage": "build_arb_tau:start", "ts": "2026-09-29 09:26:03", "age_s": 11117.8}
[2026-09-29 12:32:20] pid=1420 ACTIVE cpu=40242.7s(+54.5s) ws=84MB hb={"stage": "build_arb_tau:start", "ts": "2026-09-29 09:26:03", "age_s": 11177.8}
[2026-09-29 12:33:20] pid=1420 ACTIVE cpu=40296.3s(+53.7s) ws=80MB hb={"stage": "build_arb_tau:start", "ts": "2026-09-29 09:26:03", "age_s": 11237.8}
[2026-09-29 12:34:20] pid=1420 ACTIVE cpu=40352.5s(+56.2s) ws=82MB hb={"stage": "build_arb_tau:start", "ts": "2026-09-29 09:26:03", "age_s": 11297.8}
[2026-09-29 12:35:20] pid=1420 ACTIVE cpu=40411.0s(+58.5s) ws=82MB hb={"stage": "build_arb_tau:start", "ts": "2026-09-29 09:26:03", "age_s": 11357.8}
[2026-09-29 12:36:20] pid=1420 ACTIVE cpu=40466.8s(+55.8s) ws=80MB hb={"stage": "build_arb_tau:start", "ts": "2026-09-29 09:26:03", "age_s": 11417.8}
[2026-09-29 12:37:20] pid=1420 ACTIVE cpu=40522.2s(+55.4s) ws=82MB hb={"stage": "build_arb_tau:start", "ts": "2026-09-29 09:26:03", "age_s": 11477.8}
[2026-09-29 12:38:20] pid=1420 ACTIVE cpu=40579.3s(+57.1s) ws=87MB hb={"stage": "build_arb_tau:start", "ts": "2026-09-29 09:26:03", "age_s": 11537.8}
[2026-09-29 12:39:20] pid=1420 ACTIVE cpu=40638.0s(+58.8s) ws=87MB hb={"stage": "build_arb_tau:start", "ts": "2026-09-29 09:26:03", "age_s": 11597.8}
[2026-09-29 12:40:20] pid=1420 ACTIVE cpu=40695.7s(+57.6s) ws=90MB hb={"stage": "build_arb_tau:start", "ts": "2026-09-29 09:26:03", "age_s": 11657.8}
[2026-09-29 12:41:20] pid=1420 ACTIVE cpu=40753.5s(+57.8s) ws=87MB hb={"stage": "build_arb_tau:start", "ts": "2026-09-29 09:26:03", "age_s": 11717.8}
[2026-09-29 12:42:20] pid=1420 ACTIVE cpu=40809.0s(+55.5s) ws=79MB hb={"stage": "build_arb_tau:start", "ts": "2026-09-29 09:26:03", "age_s": 11777.8}
[2026-09-29 12:43:20] pid=1420 ACTIVE cpu=40867.3s(+58.3s) ws=78MB hb={"stage": "build_arb_tau:start", "ts": "2026-09-29 09:26:03", "age_s": 11837.8}
[2026-09-29 12:44:20] pid=1420 ACTIVE cpu=40923.1s(+55.8s) ws=79MB hb={"stage": "build_arb_tau:start", "ts": "2026-09-29 09:26:03", "age_s": 11897.8}
[2026-09-29 12:45:20] pid=1420 ACTIVE cpu=40979.2s(+56.1s) ws=74MB hb={"stage": "build_arb_tau:start", "ts": "2026-09-29 09:26:03", "age_s": 11957.8}
[2026-09-29 12:46:20] pid=1420 ACTIVE cpu=41032.3s(+53.2s) ws=80MB hb={"stage": "build_arb_tau:start", "ts": "2026-09-29 09:26:03", "age_s": 12017.8}
[2026-09-29 12:47:20] pid=1420 ACTIVE cpu=41090.4s(+58.0s) ws=87MB hb={"stage": "build_arb_tau:start", "ts": "2026-09-29 09:26:03", "age_s": 12077.8}
[2026-09-29 12:48:20] pid=1420 ACTIVE cpu=41149.2s(+58.9s) ws=82MB hb={"stage": "build_arb_tau:start", "ts": "2026-09-29 09:26:03", "age_s": 12137.8}
[2026-09-29 12:49:20] pid=1420 ACTIVE cpu=41208.2s(+58.9s) ws=82MB hb={"stage": "build_arb_tau:start", "ts": "2026-09-29 09:26:03", "age_s": 12197.8}
[2026-09-29 12:50:20] pid=1420 ACTIVE cpu=41266.8s(+58.7s) ws=88MB hb={"stage": "build_arb_tau:start", "ts": "2026-09-29 09:26:03", "age_s": 12257.8}
[2026-09-29 12:51:20] pid=1420 ACTIVE cpu=41325.1s(+58.3s) ws=91MB hb={"stage": "build_arb_tau:start", "ts": "2026-09-29 09:26:03", "age_s": 12317.8}
[2026-09-29 12:52:20] pid=1420 ACTIVE cpu=41383.1s(+57.9s) ws=95MB hb={"stage": "build_arb_tau:start", "ts": "2026-09-29 09:26:03", "age_s": 12377.8}
[2026-09-29 12:53:20] pid=1420 ACTIVE cpu=41436.0s(+52.9s) ws=92MB hb={"stage": "build_arb_tau:start", "ts": "2026-09-29 09:26:03", "age_s": 12437.8}
[2026-09-29 12:54:20] pid=1420 ACTIVE cpu=41493.4s(+57.4s) ws=84MB hb={"stage": "build_arb_tau:start", "ts": "2026-09-29 09:26:03", "age_s": 12497.8}
[2026-09-29 12:55:20] pid=1420 ACTIVE cpu=41551.2s(+57.8s) ws=86MB hb={"stage": "build_arb_tau:start", "ts": "2026-09-29 09:26:03", "age_s": 12557.8}
[2026-09-29 12:56:20] pid=1420 ACTIVE cpu=41607.1s(+55.9s) ws=83MB hb={"stage": "build_arb_tau:start", "ts": "2026-09-29 09:26:03", "age_s": 12617.8}
[2026-09-29 12:57:20] pid=1420 ACTIVE cpu=41665.9s(+58.9s) ws=88MB hb={"stage": "build_arb_tau:start", "ts": "2026-09-29 09:26:03", "age_s": 12677.8}
[2026-09-29 12:58:20] pid=1420 ACTIVE cpu=41725.0s(+59.0s) ws=87MB hb={"stage": "build_arb_tau:start", "ts": "2026-09-29 09:26:03", "age_s": 12737.8}
[2026-09-29 12:59:20] pid=1420 ACTIVE cpu=41782.9s(+57.9s) ws=85MB hb={"stage": "build_arb_tau:start", "ts": "2026-09-29 09:26:03", "age_s": 12797.8}
[2026-09-29 13:00:20] pid=1420 ACTIVE cpu=41838.0s(+55.1s) ws=79MB hb={"stage": "build_arb_tau:start", "ts": "2026-09-29 09:26:03", "age_s": 12857.8}
[2026-09-29 13:01:20] pid=1420 ACTIVE cpu=41895.7s(+57.7s) ws=82MB hb={"stage": "build_arb_tau:start", "ts": "2026-09-29 09:26:03", "age_s": 12917.8}
[2026-09-29 13:02:20] pid=1420 ACTIVE cpu=41954.4s(+58.7s) ws=84MB hb={"stage": "build_arb_tau:start", "ts": "2026-09-29 09:26:03", "age_s": 12977.8}
[2026-09-29 13:03:20] pid=1420 ACTIVE cpu=42006.4s(+52.0s) ws=88MB hb={"stage": "build_arb_tau:start", "ts": "2026-09-29 09:26:03", "age_s": 13037.8}
[2026-09-29 13:04:20] pid=1420 ACTIVE cpu=42062.5s(+56.0s) ws=91MB hb={"stage": "build_arb_tau:start", "ts": "2026-09-29 09:26:03", "age_s": 13097.8}
[2026-09-29 13:05:20] pid=1420 ACTIVE cpu=42120.7s(+58.3s) ws=88MB hb={"stage": "build_arb_tau:start", "ts": "2026-09-29 09:26:03", "age_s": 13157.8}
[2026-09-29 13:06:20] pid=1420 ACTIVE cpu=42177.9s(+57.2s) ws=78MB hb={"stage": "build_arb_tau:start", "ts": "2026-09-29 09:26:03", "age_s": 13217.8}
[2026-09-29 13:07:20] pid=1420 ACTIVE cpu=42236.5s(+58.6s) ws=82MB hb={"stage": "build_arb_tau:start", "ts": "2026-09-29 09:26:03", "age_s": 13277.8}
[2026-09-29 13:08:20] pid=1420 ACTIVE cpu=42295.5s(+59.0s) ws=85MB hb={"stage": "build_arb_tau:start", "ts": "2026-09-29 09:26:03", "age_s": 13337.8}
[2026-09-29 13:09:20] pid=1420 ACTIVE cpu=42354.7s(+59.1s) ws=87MB hb={"stage": "build_arb_tau:start", "ts": "2026-09-29 09:26:03", "age_s": 13397.8}
[2026-09-29 13:10:20] pid=1420 ACTIVE cpu=42413.6s(+59.0s) ws=82MB hb={"stage": "build_arb_tau:start", "ts": "2026-09-29 09:26:03", "age_s": 13457.8}
[2026-09-29 13:11:20] pid=1420 ACTIVE cpu=42470.1s(+56.4s) ws=73MB hb={"stage": "build_arb_tau:start", "ts": "2026-09-29 09:26:03", "age_s": 13517.8}
[2026-09-29 13:12:20] pid=1420 ACTIVE cpu=42525.2s(+55.1s) ws=69MB hb={"stage": "build_arb_tau:start", "ts": "2026-09-29 09:26:03", "age_s": 13577.8}
[2026-09-29 13:13:20] pid=1420 ACTIVE cpu=42579.1s(+53.9s) ws=72MB hb={"stage": "build_arb_tau:start", "ts": "2026-09-29 09:26:03", "age_s": 13637.8}
[2026-09-29 13:14:20] pid=1420 ACTIVE cpu=42630.6s(+51.5s) ws=75MB hb={"stage": "build_arb_tau:start", "ts": "2026-09-29 09:26:03", "age_s": 13697.8}
[2026-09-29 13:15:20] pid=1420 ACTIVE cpu=42686.2s(+55.7s) ws=81MB hb={"stage": "build_arb_tau:start", "ts": "2026-09-29 09:26:03", "age_s": 13757.8}
[2026-09-29 13:16:20] pid=1420 ACTIVE cpu=42742.2s(+56.0s) ws=76MB hb={"stage": "build_arb_tau:start", "ts": "2026-09-29 09:26:03", "age_s": 13817.8}
[2026-09-29 13:17:20] pid=1420 ACTIVE cpu=42796.3s(+54.1s) ws=69MB hb={"stage": "build_arb_tau:start", "ts": "2026-09-29 09:26:03", "age_s": 13877.8}
[2026-09-29 13:18:20] pid=1420 ACTIVE cpu=42854.3s(+58.0s) ws=74MB hb={"stage": "build_arb_tau:start", "ts": "2026-09-29 09:26:03", "age_s": 13937.8}
[2026-09-29 13:19:20] pid=1420 ACTIVE cpu=42911.2s(+57.0s) ws=76MB hb={"stage": "build_arb_tau:start", "ts": "2026-09-29 09:26:03", "age_s": 13997.9}
[2026-09-29 13:20:20] pid=1420 ACTIVE cpu=42966.1s(+54.8s) ws=77MB hb={"stage": "build_arb_tau:start", "ts": "2026-09-29 09:26:03", "age_s": 14057.9}
[2026-09-29 13:21:20] pid=1420 ACTIVE cpu=43023.0s(+56.9s) ws=69MB hb={"stage": "build_arb_tau:start", "ts": "2026-09-29 09:26:03", "age_s": 14117.9}
[2026-09-29 13:22:20] pid=1420 ACTIVE cpu=43079.0s(+56.1s) ws=63MB hb={"stage": "build_arb_tau:start", "ts": "2026-09-29 09:26:03", "age_s": 14177.9}
[2026-09-29 13:23:20] pid=1420 ACTIVE cpu=43130.5s(+51.5s) ws=68MB hb={"stage": "build_arb_tau:start", "ts": "2026-09-29 09:26:03", "age_s": 14237.9}
[2026-09-29 13:24:20] pid=1420 ACTIVE cpu=43183.5s(+53.0s) ws=72MB hb={"stage": "build_arb_tau:start", "ts": "2026-09-29 09:26:03", "age_s": 14297.9}
[2026-09-29 13:25:20] pid=1420 ACTIVE cpu=43237.9s(+54.4s) ws=73MB hb={"stage": "build_arb_tau:start", "ts": "2026-09-29 09:26:03", "age_s": 14357.9}
[2026-09-29 13:26:20] pid=1420 ACTIVE cpu=43289.6s(+51.6s) ws=72MB hb={"stage": "build_arb_tau:start", "ts": "2026-09-29 09:26:03", "age_s": 14417.9}
[2026-09-29 13:27:20] pid=1420 ACTIVE cpu=43341.0s(+51.5s) ws=67MB hb={"stage": "build_arb_tau:start", "ts": "2026-09-29 09:26:03", "age_s": 14477.9}
[2026-09-29 13:28:20] pid=1420 ACTIVE cpu=43396.6s(+55.6s) ws=65MB hb={"stage": "build_arb_tau:start", "ts": "2026-09-29 09:26:03", "age_s": 14537.9}
[2026-09-29 13:29:20] pid=1420 ACTIVE cpu=43452.2s(+55.6s) ws=58MB hb={"stage": "build_arb_tau:start", "ts": "2026-09-29 09:26:03", "age_s": 14597.9}
[2026-09-29 13:30:20] pid=1420 ACTIVE cpu=43502.3s(+50.0s) ws=56MB hb={"stage": "build_arb_tau:start", "ts": "2026-09-29 09:26:03", "age_s": 14657.9}
[2026-09-29 13:31:20] pid=1420 ACTIVE cpu=43555.6s(+53.3s) ws=61MB hb={"stage": "build_arb_tau:start", "ts": "2026-09-29 09:26:03", "age_s": 14717.9}
[2026-09-29 13:32:20] pid=1420 ACTIVE cpu=43606.8s(+51.2s) ws=66MB hb={"stage": "build_arb_tau:start", "ts": "2026-09-29 09:26:03", "age_s": 14777.9}
[2026-09-29 13:33:20] pid=1420 ACTIVE cpu=43660.9s(+54.1s) ws=68MB hb={"stage": "build_arb_tau:start", "ts": "2026-09-29 09:26:03", "age_s": 14837.9}
[2026-09-29 13:34:20] pid=1420 ACTIVE cpu=43716.3s(+55.4s) ws=70MB hb={"stage": "build_arb_tau:start", "ts": "2026-09-29 09:26:03", "age_s": 14897.9}
[2026-09-29 13:35:20] pid=1420 ACTIVE cpu=43767.4s(+51.1s) ws=67MB hb={"stage": "build_arb_tau:start", "ts": "2026-09-29 09:26:03", "age_s": 14957.9}
[2026-09-29 13:36:20] pid=1420 ACTIVE cpu=43822.6s(+55.2s) ws=65MB hb={"stage": "build_arb_tau:start", "ts": "2026-09-29 09:26:03", "age_s": 15017.9}
[2026-09-29 13:37:20] pid=1420 ACTIVE cpu=43881.8s(+59.2s) ws=66MB hb={"stage": "build_arb_tau:start", "ts": "2026-09-29 09:26:03", "age_s": 15077.9}
[2026-09-29 13:38:20] pid=1420 ACTIVE cpu=43941.1s(+59.3s) ws=70MB hb={"stage": "build_arb_tau:start", "ts": "2026-09-29 09:26:03", "age_s": 15137.9}
[2026-09-29 13:39:20] pid=1420 ACTIVE cpu=44000.4s(+59.3s) ws=64MB hb={"stage": "build_arb_tau:start", "ts": "2026-09-29 09:26:03", "age_s": 15197.9}
[2026-09-29 13:40:20] pid=1420 ACTIVE cpu=44059.3s(+59.0s) ws=66MB hb={"stage": "build_arb_tau:start", "ts": "2026-09-29 09:26:03", "age_s": 15257.9}
[2026-09-29 13:41:20] pid=1420 ACTIVE cpu=44113.9s(+54.5s) ws=72MB hb={"stage": "build_arb_tau:start", "ts": "2026-09-29 09:26:03", "age_s": 15317.9}
[2026-09-29 13:42:20] pid=1420 ACTIVE cpu=44168.2s(+54.3s) ws=73MB hb={"stage": "build_arb_tau:start", "ts": "2026-09-29 09:26:03", "age_s": 15377.9}
[2026-09-29 13:43:20] pid=1420 ACTIVE cpu=44209.0s(+40.8s) ws=70MB hb={"stage": "build_arb_tau:start", "ts": "2026-09-29 09:26:03", "age_s": 15437.9}
[2026-09-29 13:44:20] pid=1420 ACTIVE cpu=44263.6s(+54.7s) ws=63MB hb={"stage": "build_arb_tau:start", "ts": "2026-09-29 09:26:03", "age_s": 15497.9}
[2026-09-29 13:45:20] pid=1420 ACTIVE cpu=44321.5s(+57.9s) ws=65MB hb={"stage": "build_arb_tau:start", "ts": "2026-09-29 09:26:03", "age_s": 15557.9}
[2026-09-29 13:46:20] pid=1420 ACTIVE cpu=44374.6s(+53.1s) ws=70MB hb={"stage": "build_arb_tau:start", "ts": "2026-09-29 09:26:03", "age_s": 15617.9}
[2026-09-29 13:47:20] pid=1420 ACTIVE cpu=44428.1s(+53.5s) ws=67MB hb={"stage": "build_arb_tau:start", "ts": "2026-09-29 09:26:03", "age_s": 15677.9}
[2026-09-29 13:48:20] pid=1420 ACTIVE cpu=44480.6s(+52.5s) ws=69MB hb={"stage": "build_arb_tau:start", "ts": "2026-09-29 09:26:03", "age_s": 15737.9}
[2026-09-29 13:49:20] pid=1420 ACTIVE cpu=44539.5s(+58.9s) ws=65MB hb={"stage": "build_arb_tau:start", "ts": "2026-09-29 09:26:03", "age_s": 15797.9}
[2026-09-29 13:50:20] pid=1420 ACTIVE cpu=44594.2s(+54.7s) ws=65MB hb={"stage": "build_arb_tau:start", "ts": "2026-09-29 09:26:03", "age_s": 15857.9}
[2026-09-29 13:51:20] pid=1420 ACTIVE cpu=44651.5s(+57.3s) ws=69MB hb={"stage": "build_arb_tau:start", "ts": "2026-09-29 09:26:03", "age_s": 15917.9}
[2026-09-29 13:52:20] pid=1420 ACTIVE cpu=44707.2s(+55.7s) ws=71MB hb={"stage": "build_arb_tau:start", "ts": "2026-09-29 09:26:03", "age_s": 15977.9}
[2026-09-29 13:53:20] pid=1420 ACTIVE cpu=44764.7s(+57.5s) ws=72MB hb={"stage": "build_arb_tau:start", "ts": "2026-09-29 09:26:03", "age_s": 16037.9}
[2026-09-29 13:54:20] pid=1420 ACTIVE cpu=44820.8s(+56.2s) ws=77MB hb={"stage": "build_arb_tau:start", "ts": "2026-09-29 09:26:03", "age_s": 16097.9}
[2026-09-29 13:55:20] pid=1420 ACTIVE cpu=44870.0s(+49.2s) ws=71MB hb={"stage": "build_arb_tau:start", "ts": "2026-09-29 09:26:03", "age_s": 16157.9}
[2026-09-29 13:56:20] pid=1420 ACTIVE cpu=44922.1s(+52.1s) ws=64MB hb={"stage": "build_arb_tau:start", "ts": "2026-09-29 09:26:03", "age_s": 16217.9}
[2026-09-29 13:57:20] pid=1420 ACTIVE cpu=44976.5s(+54.5s) ws=59MB hb={"stage": "build_arb_tau:start", "ts": "2026-09-29 09:26:03", "age_s": 16277.9}
[2026-09-29 13:58:20] pid=1420 ACTIVE cpu=45032.5s(+56.0s) ws=62MB hb={"stage": "build_arb_tau:start", "ts": "2026-09-29 09:26:03", "age_s": 16337.9}
[2026-09-29 13:59:20] pid=1420 ACTIVE cpu=45088.8s(+56.3s) ws=58MB hb={"stage": "build_arb_tau:start", "ts": "2026-09-29 09:26:03", "age_s": 16397.9}
[2026-09-29 14:00:20] pid=1420 ACTIVE cpu=45145.2s(+56.4s) ws=60MB hb={"stage": "build_arb_tau:start", "ts": "2026-09-29 09:26:03", "age_s": 16457.9}
[2026-09-29 14:01:20] pid=1420 ACTIVE cpu=45200.4s(+55.1s) ws=62MB hb={"stage": "build_arb_tau:start", "ts": "2026-09-29 09:26:03", "age_s": 16517.9}
[2026-09-29 14:02:20] pid=1420 ACTIVE cpu=45252.6s(+52.2s) ws=63MB hb={"stage": "build_arb_tau:start", "ts": "2026-09-29 09:26:03", "age_s": 16578.0}
[2026-09-29 14:03:20] pid=1420 ACTIVE cpu=45308.9s(+56.3s) ws=66MB hb={"stage": "build_arb_tau:start", "ts": "2026-09-29 09:26:03", "age_s": 16638.0}
[2026-09-29 14:04:20] pid=1420 ACTIVE cpu=45366.3s(+57.4s) ws=72MB hb={"stage": "build_arb_tau:start", "ts": "2026-09-29 09:26:03", "age_s": 16698.0}
[2026-09-29 14:05:20] pid=1420 ACTIVE cpu=45424.2s(+57.9s) ws=74MB hb={"stage": "build_arb_tau:start", "ts": "2026-09-29 09:26:03", "age_s": 16758.0}
[2026-09-29 14:06:20] pid=1420 ACTIVE cpu=45481.8s(+57.7s) ws=80MB hb={"stage": "build_arb_tau:start", "ts": "2026-09-29 09:26:03", "age_s": 16818.0}
[2026-09-29 14:07:20] pid=1420 ACTIVE cpu=45535.9s(+54.1s) ws=74MB hb={"stage": "build_arb_tau:start", "ts": "2026-09-29 09:26:03", "age_s": 16878.0}
[2026-09-29 14:08:20] pid=1420 ACTIVE cpu=45588.3s(+52.4s) ws=67MB hb={"stage": "build_arb_tau:start", "ts": "2026-09-29 09:26:03", "age_s": 16938.0}
[2026-09-29 14:09:20] pid=1420 ACTIVE cpu=45642.1s(+53.8s) ws=62MB hb={"stage": "build_arb_tau:start", "ts": "2026-09-29 09:26:03", "age_s": 16998.0}
[2026-09-29 14:10:20] pid=1420 ACTIVE cpu=45695.9s(+53.8s) ws=60MB hb={"stage": "build_arb_tau:start", "ts": "2026-09-29 09:26:03", "age_s": 17058.0}
[2026-09-29 14:11:20] pid=1420 ACTIVE cpu=45753.5s(+57.6s) ws=66MB hb={"stage": "build_arb_tau:start", "ts": "2026-09-29 09:26:03", "age_s": 17118.0}
[2026-09-29 14:12:20] pid=1420 ACTIVE cpu=45811.0s(+57.5s) ws=69MB hb={"stage": "build_arb_tau:start", "ts": "2026-09-29 09:26:03", "age_s": 17178.0}
[2026-09-29 14:13:20] pid=1420 ACTIVE cpu=45869.2s(+58.2s) ws=73MB hb={"stage": "build_arb_tau:start", "ts": "2026-09-29 09:26:03", "age_s": 17238.0}
[2026-09-29 14:14:20] pid=1420 ACTIVE cpu=45926.1s(+56.9s) ws=66MB hb={"stage": "build_arb_tau:start", "ts": "2026-09-29 09:26:03", "age_s": 17298.0}
[2026-09-29 14:15:20] pid=1420 ACTIVE cpu=45982.3s(+56.2s) ws=70MB hb={"stage": "build_arb_tau:start", "ts": "2026-09-29 09:26:03", "age_s": 17358.0}
[2026-09-29 14:16:20] pid=1420 ACTIVE cpu=46037.8s(+55.5s) ws=70MB hb={"stage": "build_arb_tau:start", "ts": "2026-09-29 09:26:03", "age_s": 17418.0}
[2026-09-29 14:17:20] pid=1420 ACTIVE cpu=46093.4s(+55.6s) ws=66MB hb={"stage": "build_arb_tau:start", "ts": "2026-09-29 09:26:03", "age_s": 17478.0}
[2026-09-29 14:18:20] pid=1420 ACTIVE cpu=46150.4s(+57.0s) ws=64MB hb={"stage": "build_arb_tau:start", "ts": "2026-09-29 09:26:03", "age_s": 17538.0}
[2026-09-29 14:19:21] pid=1420 ACTIVE cpu=46207.3s(+56.9s) ws=61MB hb={"stage": "build_arb_tau:start", "ts": "2026-09-29 09:26:03", "age_s": 17598.0}
[2026-09-29 14:20:21] pid=1420 ACTIVE cpu=46264.6s(+57.3s) ws=66MB hb={"stage": "build_arb_tau:start", "ts": "2026-09-29 09:26:03", "age_s": 17658.0}
[2026-09-29 14:21:21] pid=1420 ACTIVE cpu=46323.1s(+58.5s) ws=72MB hb={"stage": "build_arb_tau:start", "ts": "2026-09-29 09:26:03", "age_s": 17718.0}
[2026-09-29 14:22:21] pid=1420 ACTIVE cpu=46381.8s(+58.7s) ws=70MB hb={"stage": "build_arb_tau:start", "ts": "2026-09-29 09:26:03", "age_s": 17778.0}
[2026-09-29 14:23:21] pid=1420 ACTIVE cpu=46439.0s(+57.2s) ws=76MB hb={"stage": "build_arb_tau:start", "ts": "2026-09-29 09:26:03", "age_s": 17838.0}
[2026-09-29 14:24:21] pid=1420 ACTIVE cpu=46498.3s(+59.3s) ws=71MB hb={"stage": "build_arb_tau:start", "ts": "2026-09-29 09:26:03", "age_s": 17898.0}
[2026-09-29 14:25:21] pid=1420 ACTIVE cpu=46557.5s(+59.2s) ws=77MB hb={"stage": "build_arb_tau:start", "ts": "2026-09-29 09:26:03", "age_s": 17958.0}
[2026-09-29 14:26:21] pid=1420 ACTIVE cpu=46614.4s(+57.0s) ws=81MB hb={"stage": "build_arb_tau:start", "ts": "2026-09-29 09:26:03", "age_s": 18018.0}
[2026-09-29 14:27:21] pid=1420 ACTIVE cpu=46672.4s(+58.0s) ws=80MB hb={"stage": "build_arb_tau:start", "ts": "2026-09-29 09:26:03", "age_s": 18078.0}
[2026-09-29 14:28:21] pid=1420 ACTIVE cpu=46719.3s(+46.9s) ws=74MB hb={"stage": "build_arb_tau:start", "ts": "2026-09-29 09:26:03", "age_s": 18138.0}
[2026-09-29 14:29:21] pid=1420 ACTIVE cpu=46769.6s(+50.3s) ws=66MB hb={"stage": "build_arb_tau:start", "ts": "2026-09-29 09:26:03", "age_s": 18198.0}
[2026-09-29 14:30:21] pid=1420 ACTIVE cpu=46819.3s(+49.6s) ws=68MB hb={"stage": "build_arb_tau:start", "ts": "2026-09-29 09:26:03", "age_s": 18258.0}
[2026-09-29 14:31:21] pid=1420 ACTIVE cpu=46861.9s(+42.7s) ws=63MB hb={"stage": "build_arb_tau:start", "ts": "2026-09-29 09:26:03", "age_s": 18318.0}
[2026-09-29 14:32:21] pid=1420 ACTIVE cpu=46912.0s(+50.1s) ws=56MB hb={"stage": "build_arb_tau:start", "ts": "2026-09-29 09:26:03", "age_s": 18378.0}
[2026-09-29 14:33:21] pid=1420 ACTIVE cpu=46962.5s(+50.5s) ws=54MB hb={"stage": "build_arb_tau:start", "ts": "2026-09-29 09:26:03", "age_s": 18438.0}
[2026-09-29 14:34:21] pid=1420 ACTIVE cpu=47018.4s(+55.9s) ws=60MB hb={"stage": "build_arb_tau:start", "ts": "2026-09-29 09:26:03", "age_s": 18498.0}
[2026-09-29 14:35:21] pid=1420 ACTIVE cpu=47075.5s(+57.1s) ws=60MB hb={"stage": "build_arb_tau:start", "ts": "2026-09-29 09:26:03", "age_s": 18558.0}
[2026-09-29 14:36:21] pid=1420 ACTIVE cpu=47130.1s(+54.6s) ws=58MB hb={"stage": "build_arb_tau:start", "ts": "2026-09-29 09:26:03", "age_s": 18618.0}
[2026-09-29 14:37:21] pid=1420 ACTIVE cpu=47182.7s(+52.5s) ws=59MB hb={"stage": "build_arb_tau:start", "ts": "2026-09-29 09:26:03", "age_s": 18678.0}
[2026-09-29 14:38:21] pid=1420 ACTIVE cpu=47234.6s(+51.9s) ws=61MB hb={"stage": "build_arb_tau:start", "ts": "2026-09-29 09:26:03", "age_s": 18738.0}
[2026-09-29 14:39:21] pid=1420 ACTIVE cpu=47290.3s(+55.7s) ws=65MB hb={"stage": "build_arb_tau:start", "ts": "2026-09-29 09:26:03", "age_s": 18798.0}
[2026-09-29 14:40:21] pid=1420 ACTIVE cpu=47348.1s(+57.8s) ws=62MB hb={"stage": "build_arb_tau:start", "ts": "2026-09-29 09:26:03", "age_s": 18858.0}
[2026-09-29 14:41:21] pid=1420 ACTIVE cpu=47402.0s(+53.9s) ws=64MB hb={"stage": "build_arb_tau:start", "ts": "2026-09-29 09:26:03", "age_s": 18918.0}
[2026-09-29 14:42:21] pid=1420 ACTIVE cpu=47454.2s(+52.2s) ws=68MB hb={"stage": "build_arb_tau:start", "ts": "2026-09-29 09:26:03", "age_s": 18978.0}
[2026-09-29 14:43:21] pid=1420 ACTIVE cpu=47510.8s(+56.6s) ws=67MB hb={"stage": "build_arb_tau:start", "ts": "2026-09-29 09:26:03", "age_s": 19038.1}
[2026-09-29 14:44:21] pid=1420 ACTIVE cpu=47564.1s(+53.3s) ws=63MB hb={"stage": "build_arb_tau:start", "ts": "2026-09-29 09:26:03", "age_s": 19098.9}
[2026-09-29 14:45:21] pid=1420 ACTIVE cpu=47617.0s(+53.0s) ws=60MB hb={"stage": "build_arb_tau:start", "ts": "2026-09-29 09:26:03", "age_s": 19158.9}
[2026-09-29 14:46:21] pid=1420 ACTIVE cpu=47663.0s(+46.0s) ws=61MB hb={"stage": "build_arb_tau:start", "ts": "2026-09-29 09:26:03", "age_s": 19218.9}
[2026-09-29 14:47:21] pid=1420 ACTIVE cpu=47714.1s(+51.1s) ws=65MB hb={"stage": "build_arb_tau:start", "ts": "2026-09-29 09:26:03", "age_s": 19278.9}
[2026-09-29 14:48:21] pid=1420 ACTIVE cpu=47765.3s(+51.2s) ws=60MB hb={"stage": "build_arb_tau:start", "ts": "2026-09-29 09:26:03", "age_s": 19338.9}
[2026-09-29 14:49:21] pid=1420 ACTIVE cpu=47823.7s(+58.3s) ws=61MB hb={"stage": "build_arb_tau:start", "ts": "2026-09-29 09:26:03", "age_s": 19398.9}
[2026-09-29 14:50:21] pid=1420 ACTIVE cpu=47880.8s(+57.1s) ws=59MB hb={"stage": "build_arb_tau:start", "ts": "2026-09-29 09:26:03", "age_s": 19458.9}
[2026-09-29 14:51:21] pid=1420 ACTIVE cpu=47940.5s(+59.7s) ws=65MB hb={"stage": "build_arb_tau:start", "ts": "2026-09-29 09:26:03", "age_s": 19518.9}
[2026-09-29 14:52:21] pid=1420 ACTIVE cpu=48000.2s(+59.7s) ws=68MB hb={"stage": "build_arb_tau:start", "ts": "2026-09-29 09:26:03", "age_s": 19578.9}
[2026-09-29 14:53:21] pid=1420 ACTIVE cpu=48058.7s(+58.5s) ws=67MB hb={"stage": "build_arb_tau:start", "ts": "2026-09-29 09:26:03", "age_s": 19638.9}
[2026-09-29 14:54:21] pid=1420 ACTIVE cpu=48117.8s(+59.1s) ws=67MB hb={"stage": "build_arb_tau:start", "ts": "2026-09-29 09:26:03", "age_s": 19698.9}
[2026-09-29 14:55:21] pid=1420 ACTIVE cpu=48177.7s(+59.9s) ws=70MB hb={"stage": "build_arb_tau:start", "ts": "2026-09-29 09:26:03", "age_s": 19758.9}
[2026-09-29 14:56:21] pid=1420 ACTIVE cpu=48237.6s(+59.9s) ws=74MB hb={"stage": "build_arb_tau:start", "ts": "2026-09-29 09:26:03", "age_s": 19818.9}
[2026-09-29 14:57:21] pid=1420 ACTIVE cpu=48297.5s(+59.9s) ws=75MB hb={"stage": "build_arb_tau:start", "ts": "2026-09-29 09:26:03", "age_s": 19878.9}
[2026-09-29 14:58:21] pid=1420 ACTIVE cpu=48357.4s(+59.9s) ws=68MB hb={"stage": "build_arb_tau:start", "ts": "2026-09-29 09:26:03", "age_s": 19938.9}
[2026-09-29 14:59:21] pid=1420 ACTIVE cpu=48407.2s(+49.8s) ws=50MB hb={"stage": "build_arb_tau:start", "ts": "2026-09-29 09:26:03", "age_s": 19999.0}
[2026-09-29 15:00:21] pid=1420 ACTIVE cpu=48462.8s(+55.6s) ws=41MB hb={"stage": "build_arb_tau:start", "ts": "2026-09-29 09:26:03", "age_s": 20059.0}
[2026-09-29 15:01:21] pid=1420 ACTIVE cpu=48521.4s(+58.7s) ws=42MB hb={"stage": "build_arb_tau:start", "ts": "2026-09-29 09:26:03", "age_s": 20119.0}
[2026-09-29 15:02:21] pid=1420 ACTIVE cpu=48574.8s(+53.4s) ws=37MB hb={"stage": "build_arb_tau:start", "ts": "2026-09-29 09:26:03", "age_s": 20179.0}
[2026-09-29 15:03:21] pid=1420 ACTIVE cpu=48626.4s(+51.6s) ws=41MB hb={"stage": "build_arb_tau:start", "ts": "2026-09-29 09:26:03", "age_s": 20239.0}
[2026-09-29 15:04:21] pid=1420 ACTIVE cpu=48684.3s(+57.8s) ws=40MB hb={"stage": "build_arb_tau:start", "ts": "2026-09-29 09:26:03", "age_s": 20299.0}
[2026-09-29 15:05:21] pid=1420 ACTIVE cpu=48743.5s(+59.2s) ws=43MB hb={"stage": "build_arb_tau:start", "ts": "2026-09-29 09:26:03", "age_s": 20359.0}
[2026-09-29 15:06:21] pid=1420 ACTIVE cpu=48802.5s(+59.0s) ws=43MB hb={"stage": "build_arb_tau:start", "ts": "2026-09-29 09:26:03", "age_s": 20419.0}
[2026-09-29 15:07:21] pid=1420 ACTIVE cpu=48860.7s(+58.2s) ws=47MB hb={"stage": "build_arb_tau:start", "ts": "2026-09-29 09:26:03", "age_s": 20479.0}
[2026-09-29 15:08:21] pid=1420 ACTIVE cpu=48909.9s(+49.2s) ws=52MB hb={"stage": "build_arb_tau:start", "ts": "2026-09-29 09:26:03", "age_s": 20539.0}
[2026-09-29 15:09:21] pid=1420 ACTIVE cpu=48964.5s(+54.7s) ws=56MB hb={"stage": "build_arb_tau:start", "ts": "2026-09-29 09:26:03", "age_s": 20599.0}
[2026-09-29 15:10:21] pid=1420 ACTIVE cpu=49022.0s(+57.4s) ws=56MB hb={"stage": "build_arb_tau:start", "ts": "2026-09-29 09:26:03", "age_s": 20659.0}
[2026-09-29 15:11:21] pid=1420 ACTIVE cpu=49079.2s(+57.2s) ws=56MB hb={"stage": "build_arb_tau:start", "ts": "2026-09-29 09:26:03", "age_s": 20719.0}
[2026-09-29 15:12:22] pid=1420 ACTIVE cpu=49137.4s(+58.1s) ws=62MB hb={"stage": "build_arb_tau:start", "ts": "2026-09-29 09:26:03", "age_s": 20779.0}
[2026-09-29 15:13:22] pid=1420 ACTIVE cpu=49195.0s(+57.6s) ws=59MB hb={"stage": "build_arb_tau:start", "ts": "2026-09-29 09:26:03", "age_s": 20839.0}
[2026-09-29 15:14:22] pid=1420 ACTIVE cpu=49253.3s(+58.3s) ws=57MB hb={"stage": "build_arb_tau:start", "ts": "2026-09-29 09:26:03", "age_s": 20899.0}
[2026-09-29 15:15:22] pid=1420 ACTIVE cpu=49312.8s(+59.5s) ws=60MB hb={"stage": "build_arb_tau:start", "ts": "2026-09-29 09:26:03", "age_s": 20959.0}
[2026-09-29 15:16:22] pid=1420 ACTIVE cpu=49371.7s(+58.9s) ws=65MB hb={"stage": "build_arb_tau:start", "ts": "2026-09-29 09:26:03", "age_s": 21019.0}
[2026-09-29 15:17:22] pid=1420 ACTIVE cpu=49431.3s(+59.6s) ws=71MB hb={"stage": "build_arb_tau:start", "ts": "2026-09-29 09:26:03", "age_s": 21079.0}
[2026-09-29 15:18:22] pid=1420 ACTIVE cpu=49490.6s(+59.4s) ws=71MB hb={"stage": "build_arb_tau:start", "ts": "2026-09-29 09:26:03", "age_s": 21139.0}
[2026-09-29 15:19:22] pid=1420 ACTIVE cpu=49549.1s(+58.5s) ws=63MB hb={"stage": "build_arb_tau:start", "ts": "2026-09-29 09:26:03", "age_s": 21199.0}
[2026-09-29 15:20:22] pid=1420 ACTIVE cpu=49608.0s(+58.9s) ws=66MB hb={"stage": "build_arb_tau:start", "ts": "2026-09-29 09:26:03", "age_s": 21259.0}
[2026-09-29 15:21:22] pid=1420 ACTIVE cpu=49667.5s(+59.4s) ws=67MB hb={"stage": "build_arb_tau:start", "ts": "2026-09-29 09:26:03", "age_s": 21319.0}
[2026-09-29 15:22:22] pid=1420 ACTIVE cpu=49724.6s(+57.2s) ws=65MB hb={"stage": "build_arb_tau:start", "ts": "2026-09-29 09:26:03", "age_s": 21379.0}
[2026-09-29 15:23:22] pid=1420 ACTIVE cpu=49782.9s(+58.3s) ws=67MB hb={"stage": "build_arb_tau:start", "ts": "2026-09-29 09:26:03", "age_s": 21439.0}
[2026-09-29 15:24:22] pid=1420 ACTIVE cpu=49841.2s(+58.3s) ws=64MB hb={"stage": "build_arb_tau:start", "ts": "2026-09-29 09:26:03", "age_s": 21499.0}
[2026-09-29 15:25:22] pid=1420 ACTIVE cpu=49900.1s(+58.9s) ws=63MB hb={"stage": "build_arb_tau:start", "ts": "2026-09-29 09:26:03", "age_s": 21559.0}
[2026-09-29 15:26:22] pid=1420 ACTIVE cpu=49958.7s(+58.6s) ws=64MB hb={"stage": "build_arb_tau:start", "ts": "2026-09-29 09:26:03", "age_s": 21619.0}
[2026-09-29 15:27:22] pid=1420 ACTIVE cpu=50017.1s(+58.4s) ws=67MB hb={"stage": "build_arb_tau:start", "ts": "2026-09-29 09:26:03", "age_s": 21679.0}
[2026-09-29 15:28:22] pid=1420 ACTIVE cpu=50075.7s(+58.7s) ws=73MB hb={"stage": "build_arb_tau:start", "ts": "2026-09-29 09:26:03", "age_s": 21739.0}
[2026-09-29 15:29:22] pid=1420 ACTIVE cpu=50134.6s(+58.9s) ws=73MB hb={"stage": "build_arb_tau:start", "ts": "2026-09-29 09:26:03", "age_s": 21799.0}
[2026-09-29 15:30:22] pid=1420 ACTIVE cpu=50177.8s(+43.3s) ws=68MB hb={"stage": "build_arb_tau:start", "ts": "2026-09-29 09:26:03", "age_s": 21859.0}
[2026-09-29 15:31:22] pid=1420 ACTIVE cpu=50215.0s(+37.1s) ws=66MB hb={"stage": "build_arb_tau:start", "ts": "2026-09-29 09:26:03", "age_s": 21919.0}
[2026-09-29 15:32:22] pid=1420 ACTIVE cpu=50269.3s(+54.4s) ws=67MB hb={"stage": "build_arb_tau:start", "ts": "2026-09-29 09:26:03", "age_s": 21979.0}
[2026-09-29 15:33:22] pid=1420 ACTIVE cpu=50324.2s(+54.8s) ws=69MB hb={"stage": "build_arb_tau:start", "ts": "2026-09-29 09:26:03", "age_s": 22039.0}
[2026-09-29 15:34:22] pid=1420 ACTIVE cpu=50379.3s(+55.1s) ws=66MB hb={"stage": "build_arb_tau:start", "ts": "2026-09-29 09:26:03", "age_s": 22099.0}
[2026-09-29 15:35:22] pid=1420 ACTIVE cpu=50433.5s(+54.3s) ws=63MB hb={"stage": "build_arb_tau:start", "ts": "2026-09-29 09:26:03", "age_s": 22159.0}
[2026-09-29 15:36:22] pid=1420 ACTIVE cpu=50486.4s(+52.9s) ws=57MB hb={"stage": "build_arb_tau:start", "ts": "2026-09-29 09:26:03", "age_s": 22219.0}
[2026-09-29 15:37:22] pid=1420 ACTIVE cpu=50539.9s(+53.5s) ws=58MB hb={"stage": "build_arb_tau:start", "ts": "2026-09-29 09:26:03", "age_s": 22279.0}
[2026-09-29 15:38:22] pid=1420 ACTIVE cpu=50593.8s(+53.9s) ws=62MB hb={"stage": "build_arb_tau:start", "ts": "2026-09-29 09:26:03", "age_s": 22339.0}
[2026-09-29 15:39:22] pid=1420 ACTIVE cpu=50649.6s(+55.8s) ws=63MB hb={"stage": "build_arb_tau:start", "ts": "2026-09-29 09:26:03", "age_s": 22399.0}
[2026-09-29 15:40:22] pid=1420 ACTIVE cpu=50705.5s(+56.0s) ws=62MB hb={"stage": "build_arb_tau:start", "ts": "2026-09-29 09:26:03", "age_s": 22459.0}
[2026-09-29 15:41:22] pid=1420 ACTIVE cpu=50759.5s(+53.9s) ws=58MB hb={"stage": "build_arb_tau:start", "ts": "2026-09-29 09:26:03", "age_s": 22519.0}
[2026-09-29 15:42:22] pid=1420 ACTIVE cpu=50815.6s(+56.1s) ws=56MB hb={"stage": "build_arb_tau:start", "ts": "2026-09-29 09:26:03", "age_s": 22579.0}
[2026-09-29 15:43:22] pid=1420 ACTIVE cpu=50871.0s(+55.4s) ws=60MB hb={"stage": "build_arb_tau:start", "ts": "2026-09-29 09:26:03", "age_s": 22639.0}
[2026-09-29 15:44:22] pid=1420 ACTIVE cpu=50925.6s(+54.6s) ws=65MB hb={"stage": "build_arb_tau:start", "ts": "2026-09-29 09:26:03", "age_s": 22699.1}
[2026-09-29 15:45:22] pid=1420 ACTIVE cpu=50976.8s(+51.2s) ws=66MB hb={"stage": "build_arb_tau:start", "ts": "2026-09-29 09:26:03", "age_s": 22759.1}
[2026-09-29 15:46:22] pid=1420 ACTIVE cpu=51028.6s(+51.9s) ws=67MB hb={"stage": "build_arb_tau:start", "ts": "2026-09-29 09:26:03", "age_s": 22819.1}
[2026-09-29 15:47:22] pid=1420 ACTIVE cpu=51083.1s(+54.5s) ws=64MB hb={"stage": "build_arb_tau:start", "ts": "2026-09-29 09:26:03", "age_s": 22879.1}
[2026-09-29 15:48:22] pid=1420 ACTIVE cpu=51139.2s(+56.0s) ws=63MB hb={"stage": "build_arb_tau:start", "ts": "2026-09-29 09:26:03", "age_s": 22939.1}
[2026-09-29 15:49:22] pid=1420 ACTIVE cpu=51198.0s(+58.8s) ws=67MB hb={"stage": "build_arb_tau:start", "ts": "2026-09-29 09:26:03", "age_s": 22999.1}
[2026-09-29 15:50:22] pid=1420 ACTIVE cpu=51256.4s(+58.4s) ws=66MB hb={"stage": "build_arb_tau:start", "ts": "2026-09-29 09:26:03", "age_s": 23059.1}
[2026-09-29 15:51:22] pid=1420 ACTIVE cpu=51315.1s(+58.6s) ws=61MB hb={"stage": "build_arb_tau:start", "ts": "2026-09-29 09:26:03", "age_s": 23119.1}
[2026-09-29 15:52:22] pid=1420 ACTIVE cpu=51373.8s(+58.7s) ws=58MB hb={"stage": "build_arb_tau:start", "ts": "2026-09-29 09:26:03", "age_s": 23179.1}
[2026-09-29 15:53:22] pid=1420 ACTIVE cpu=51433.2s(+59.4s) ws=54MB hb={"stage": "build_arb_tau:start", "ts": "2026-09-29 09:26:03", "age_s": 23239.1}
[2026-09-29 15:54:22] pid=1420 ACTIVE cpu=51491.9s(+58.7s) ws=53MB hb={"stage": "build_arb_tau:start", "ts": "2026-09-29 09:26:03", "age_s": 23299.1}
[2026-09-29 15:55:22] pid=1420 ACTIVE cpu=51551.4s(+59.5s) ws=42MB hb={"stage": "build_arb_tau:start", "ts": "2026-09-29 09:26:03", "age_s": 23359.1}
[2026-09-29 15:56:22] pid=1420 ACTIVE cpu=51610.8s(+59.4s) ws=39MB hb={"stage": "build_arb_tau:start", "ts": "2026-09-29 09:26:03", "age_s": 23419.1}
[2026-09-29 15:57:22] pid=1420 ACTIVE cpu=51670.0s(+59.2s) ws=35MB hb={"stage": "build_arb_tau:start", "ts": "2026-09-29 09:26:03", "age_s": 23479.1}
[2026-09-29 15:58:22] pid=1420 ACTIVE cpu=51729.3s(+59.3s) ws=31MB hb={"stage": "build_arb_tau:start", "ts": "2026-09-29 09:26:03", "age_s": 23539.1}
[2026-09-29 15:59:22] pid=1420 ACTIVE cpu=51788.7s(+59.3s) ws=33MB hb={"stage": "build_arb_tau:start", "ts": "2026-09-29 09:26:03", "age_s": 23599.1}
[2026-09-29 16:00:22] pid=1420 ACTIVE cpu=51848.3s(+59.6s) ws=28MB hb={"stage": "build_arb_tau:start", "ts": "2026-09-29 09:26:03", "age_s": 23659.1}
[2026-09-29 16:01:22] pid=1420 ACTIVE cpu=51907.8s(+59.5s) ws=30MB hb={"stage": "build_arb_tau:start", "ts": "2026-09-29 09:26:03", "age_s": 23719.1}
[2026-09-29 16:02:22] pid=1420 ACTIVE cpu=51965.2s(+57.5s) ws=30MB hb={"stage": "build_arb_tau:start", "ts": "2026-09-29 09:26:03", "age_s": 23779.1}
[2026-09-29 16:03:22] pid=1420 ACTIVE cpu=52024.9s(+59.7s) ws=34MB hb={"stage": "build_arb_tau:start", "ts": "2026-09-29 09:26:03", "age_s": 23839.1}
[2026-09-29 16:04:22] pid=1420 ACTIVE cpu=52084.5s(+59.6s) ws=34MB hb={"stage": "build_arb_tau:start", "ts": "2026-09-29 09:26:03", "age_s": 23899.1}
[2026-09-29 16:05:22] pid=1420 ACTIVE cpu=52144.2s(+59.7s) ws=36MB hb={"stage": "build_arb_tau:start", "ts": "2026-09-29 09:26:03", "age_s": 23959.1}
[2026-09-29 16:06:22] pid=1420 ACTIVE cpu=52197.5s(+53.2s) ws=41MB hb={"stage": "build_arb_tau:start", "ts": "2026-09-29 09:26:03", "age_s": 24019.1}
[2026-09-29 16:07:22] pid=1420 ACTIVE cpu=52247.7s(+50.2s) ws=44MB hb={"stage": "build_arb_tau:start", "ts": "2026-09-29 09:26:03", "age_s": 24079.1}
[2026-09-29 16:08:22] pid=1420 ACTIVE cpu=52307.3s(+59.5s) ws=48MB hb={"stage": "build_arb_tau:start", "ts": "2026-09-29 09:26:03", "age_s": 24139.1}
[2026-09-29 16:09:22] pid=1420 ACTIVE cpu=52366.8s(+59.6s) ws=42MB hb={"stage": "build_arb_tau:start", "ts": "2026-09-29 09:26:03", "age_s": 24199.1}
[2026-09-29 16:10:22] pid=1420 ACTIVE cpu=52426.5s(+59.7s) ws=33MB hb={"stage": "build_arb_tau:start", "ts": "2026-09-29 09:26:03", "age_s": 24259.1}
[2026-09-29 16:11:22] pid=1420 ACTIVE cpu=52486.2s(+59.7s) ws=30MB hb={"stage": "build_arb_tau:start", "ts": "2026-09-29 09:26:03", "age_s": 24319.1}
[2026-09-29 16:12:22] pid=1420 ACTIVE cpu=52545.9s(+59.7s) ws=32MB hb={"stage": "build_arb_tau:start", "ts": "2026-09-29 09:26:03", "age_s": 24379.1}
[2026-09-29 16:13:22] pid=1420 ACTIVE cpu=52605.5s(+59.6s) ws=31MB hb={"stage": "build_arb_tau:start", "ts": "2026-09-29 09:26:03", "age_s": 24439.1}
[2026-09-29 16:14:22] pid=1420 ACTIVE cpu=52664.7s(+59.2s) ws=32MB hb={"stage": "build_arb_tau:start", "ts": "2026-09-29 09:26:03", "age_s": 24499.1}
[2026-09-29 16:15:22] pid=1420 ACTIVE cpu=52724.3s(+59.6s) ws=29MB hb={"stage": "build_arb_tau:start", "ts": "2026-09-29 09:26:03", "age_s": 24559.1}
[2026-09-29 16:16:22] pid=1420 ACTIVE cpu=52783.9s(+59.6s) ws=29MB hb={"stage": "build_arb_tau:start", "ts": "2026-09-29 09:26:03", "age_s": 24619.1}
[2026-09-29 16:17:22] pid=1420 ACTIVE cpu=52843.2s(+59.2s) ws=30MB hb={"stage": "build_arb_tau:start", "ts": "2026-09-29 09:26:03", "age_s": 24679.1}
[2026-09-29 16:18:22] pid=1420 ACTIVE cpu=52902.8s(+59.6s) ws=29MB hb={"stage": "build_arb_tau:start", "ts": "2026-09-29 09:26:03", "age_s": 24739.1}
[2026-09-29 16:19:22] pid=1420 ACTIVE cpu=52962.4s(+59.6s) ws=28MB hb={"stage": "build_arb_tau:start", "ts": "2026-09-29 09:26:03", "age_s": 24799.1}
[2026-09-29 16:20:22] pid=1420 ACTIVE cpu=53022.0s(+59.6s) ws=31MB hb={"stage": "build_arb_tau:start", "ts": "2026-09-29 09:26:03", "age_s": 24859.1}
[2026-09-29 16:21:22] pid=1420 ACTIVE cpu=53081.7s(+59.7s) ws=27MB hb={"stage": "build_arb_tau:start", "ts": "2026-09-29 09:26:03", "age_s": 24919.1}
[2026-09-29 16:22:22] pid=1420 ACTIVE cpu=53141.1s(+59.4s) ws=30MB hb={"stage": "build_arb_tau:start", "ts": "2026-09-29 09:26:03", "age_s": 24979.1}
[2026-09-29 16:23:22] pid=1420 ACTIVE cpu=53200.9s(+59.8s) ws=31MB hb={"stage": "build_arb_tau:start", "ts": "2026-09-29 09:26:03", "age_s": 25039.1}
[2026-09-29 16:24:22] pid=1420 ACTIVE cpu=53260.5s(+59.6s) ws=31MB hb={"stage": "build_arb_tau:start", "ts": "2026-09-29 09:26:03", "age_s": 25099.1}
[2026-09-29 16:25:22] pid=1420 ACTIVE cpu=53320.2s(+59.7s) ws=27MB hb={"stage": "build_arb_tau:start", "ts": "2026-09-29 09:26:03", "age_s": 25159.1}
[2026-09-29 16:26:22] pid=1420 ACTIVE cpu=53379.9s(+59.8s) ws=32MB hb={"stage": "build_arb_tau:start", "ts": "2026-09-29 09:26:03", "age_s": 25219.1}
[2026-09-29 16:27:22] pid=1420 ACTIVE cpu=53439.5s(+59.6s) ws=31MB hb={"stage": "build_arb_tau:start", "ts": "2026-09-29 09:26:03", "age_s": 25279.1}
[2026-09-29 16:28:22] pid=1420 ACTIVE cpu=53499.1s(+59.6s) ws=29MB hb={"stage": "build_arb_tau:start", "ts": "2026-09-29 09:26:03", "age_s": 25339.1}
[2026-09-29 16:29:22] pid=1420 ACTIVE cpu=53554.0s(+54.8s) ws=27MB hb={"stage": "build_arb_tau:start", "ts": "2026-09-29 09:26:03", "age_s": 25399.2}
[2026-09-29 16:30:22] pid=1420 ACTIVE cpu=53610.6s(+56.6s) ws=27MB hb={"stage": "build_arb_tau:start", "ts": "2026-09-29 09:26:03", "age_s": 25459.2}
[2026-09-29 16:31:22] pid=1420 ACTIVE cpu=53667.6s(+57.1s) ws=31MB hb={"stage": "build_arb_tau:start", "ts": "2026-09-29 09:26:03", "age_s": 25519.2}
[2026-09-29 16:32:22] pid=1420 ACTIVE cpu=53720.5s(+52.9s) ws=28MB hb={"stage": "build_arb_tau:start", "ts": "2026-09-29 09:26:03", "age_s": 25579.2}
[2026-09-29 16:33:22] pid=1420 ACTIVE cpu=53771.9s(+51.4s) ws=27MB hb={"stage": "build_arb_tau:start", "ts": "2026-09-29 09:26:03", "age_s": 25639.2}
[2026-09-29 16:34:22] pid=1420 ACTIVE cpu=53822.8s(+51.0s) ws=32MB hb={"stage": "build_arb_tau:start", "ts": "2026-09-29 09:26:03", "age_s": 25699.2}
[2026-09-29 16:35:22] pid=1420 ACTIVE cpu=53881.1s(+58.3s) ws=37MB hb={"stage": "build_arb_tau:start", "ts": "2026-09-29 09:26:03", "age_s": 25759.2}
[2026-09-29 16:36:22] pid=1420 ACTIVE cpu=53939.3s(+58.2s) ws=41MB hb={"stage": "build_arb_tau:start", "ts": "2026-09-29 09:26:03", "age_s": 25819.2}
[2026-09-29 16:37:22] pid=1420 ACTIVE cpu=53996.0s(+56.7s) ws=41MB hb={"stage": "build_arb_tau:start", "ts": "2026-09-29 09:26:03", "age_s": 25879.2}
[2026-09-29 16:38:22] pid=1420 ACTIVE cpu=54054.7s(+58.7s) ws=46MB hb={"stage": "build_arb_tau:start", "ts": "2026-09-29 09:26:03", "age_s": 25939.2}
[2026-09-29 16:39:22] pid=1420 ACTIVE cpu=54113.1s(+58.4s) ws=52MB hb={"stage": "build_arb_tau:start", "ts": "2026-09-29 09:26:03", "age_s": 25999.2}
[2026-09-29 16:40:22] pid=1420 ACTIVE cpu=54171.7s(+58.6s) ws=53MB hb={"stage": "build_arb_tau:start", "ts": "2026-09-29 09:26:03", "age_s": 26059.2}
[2026-09-29 16:41:22] pid=1420 ACTIVE cpu=54229.4s(+57.7s) ws=49MB hb={"stage": "build_arb_tau:start", "ts": "2026-09-29 09:26:03", "age_s": 26119.2}
[2026-09-29 16:42:22] pid=1420 ACTIVE cpu=54279.6s(+50.2s) ws=53MB hb={"stage": "build_arb_tau:start", "ts": "2026-09-29 09:26:03", "age_s": 26179.2}
[2026-09-29 16:43:22] pid=1420 ACTIVE cpu=54337.2s(+57.6s) ws=58MB hb={"stage": "build_arb_tau:start", "ts": "2026-09-29 09:26:03", "age_s": 26239.2}
[2026-09-29 16:44:22] pid=1420 ACTIVE cpu=54392.7s(+55.5s) ws=59MB hb={"stage": "build_arb_tau:start", "ts": "2026-09-29 09:26:03", "age_s": 26299.2}
[2026-09-29 16:45:22] pid=1420 ACTIVE cpu=54448.8s(+56.1s) ws=57MB hb={"stage": "build_arb_tau:start", "ts": "2026-09-29 09:26:03", "age_s": 26359.2}
[2026-09-29 16:46:22] pid=1420 ACTIVE cpu=54505.6s(+56.8s) ws=59MB hb={"stage": "build_arb_tau:start", "ts": "2026-09-29 09:26:03", "age_s": 26419.2}
[2026-09-29 16:47:22] pid=1420 ACTIVE cpu=54565.0s(+59.4s) ws=62MB hb={"stage": "build_arb_tau:start", "ts": "2026-09-29 09:26:03", "age_s": 26479.2}
[2026-09-29 16:48:22] pid=1420 ACTIVE cpu=54624.4s(+59.4s) ws=62MB hb={"stage": "build_arb_tau:start", "ts": "2026-09-29 09:26:03", "age_s": 26539.2}
[2026-09-29 16:49:22] pid=1420 ACTIVE cpu=54683.8s(+59.4s) ws=56MB hb={"stage": "build_arb_tau:start", "ts": "2026-09-29 09:26:03", "age_s": 26599.2}
[2026-09-29 16:50:22] pid=1420 ACTIVE cpu=54743.2s(+59.4s) ws=60MB hb={"stage": "build_arb_tau:start", "ts": "2026-09-29 09:26:03", "age_s": 26659.2}
[2026-09-29 16:51:22] pid=1420 ACTIVE cpu=54802.4s(+59.2s) ws=66MB hb={"stage": "build_arb_tau:start", "ts": "2026-09-29 09:26:03", "age_s": 26719.2}
[2026-09-29 16:52:22] pid=1420 ACTIVE cpu=54861.3s(+58.9s) ws=71MB hb={"stage": "build_arb_tau:start", "ts": "2026-09-29 09:26:03", "age_s": 26779.2}
[2026-09-29 16:53:22] pid=1420 ACTIVE cpu=54918.7s(+57.4s) ws=68MB hb={"stage": "build_arb_tau:start", "ts": "2026-09-29 09:26:03", "age_s": 26839.2}
[2026-09-29 16:54:22] pid=1420 ACTIVE cpu=54975.4s(+56.6s) ws=65MB hb={"stage": "build_arb_tau:start", "ts": "2026-09-29 09:26:03", "age_s": 26899.2}
[2026-09-29 16:55:22] pid=1420 ACTIVE cpu=55034.1s(+58.7s) ws=69MB hb={"stage": "build_arb_tau:start", "ts": "2026-09-29 09:26:03", "age_s": 26959.2}
[2026-09-29 16:56:22] pid=1420 ACTIVE cpu=55089.2s(+55.1s) ws=71MB hb={"stage": "build_arb_tau:start", "ts": "2026-09-29 09:26:03", "age_s": 27019.2}
[2026-09-29 16:57:22] pid=1420 ACTIVE cpu=55143.4s(+54.2s) ws=68MB hb={"stage": "build_arb_tau:start", "ts": "2026-09-29 09:26:03", "age_s": 27079.2}
[2026-09-29 16:58:22] pid=1420 ACTIVE cpu=55199.6s(+56.2s) ws=68MB hb={"stage": "build_arb_tau:start", "ts": "2026-09-29 09:26:03", "age_s": 27139.2}
[2026-09-29 16:59:22] pid=1420 ACTIVE cpu=55256.5s(+56.9s) ws=63MB hb={"stage": "build_arb_tau:start", "ts": "2026-09-29 09:26:03", "age_s": 27199.2}
[2026-09-29 17:00:22] pid=1420 ACTIVE cpu=55313.6s(+57.2s) ws=68MB hb={"stage": "build_arb_tau:start", "ts": "2026-09-29 09:26:03", "age_s": 27259.2}
[2026-09-29 17:01:22] pid=1420 ACTIVE cpu=55366.6s(+53.0s) ws=65MB hb={"stage": "build_arb_tau:start", "ts": "2026-09-29 09:26:03", "age_s": 27319.2}
[2026-09-29 17:02:22] pid=1420 ACTIVE cpu=55423.1s(+56.5s) ws=67MB hb={"stage": "build_arb_tau:start", "ts": "2026-09-29 09:26:03", "age_s": 27379.2}
[2026-09-29 17:03:22] pid=1420 ACTIVE cpu=55482.5s(+59.4s) ws=68MB hb={"stage": "build_arb_tau:start", "ts": "2026-09-29 09:26:03", "age_s": 27439.2}
[2026-09-29 17:04:22] pid=1420 ACTIVE cpu=55541.8s(+59.3s) ws=65MB hb={"stage": "build_arb_tau:start", "ts": "2026-09-29 09:26:03", "age_s": 27499.2}
[2026-09-29 17:05:22] pid=1420 ACTIVE cpu=55601.0s(+59.2s) ws=61MB hb={"stage": "build_arb_tau:start", "ts": "2026-09-29 09:26:03", "age_s": 27559.2}
[2026-09-29 17:06:22] pid=1420 ACTIVE cpu=55659.8s(+58.8s) ws=57MB hb={"stage": "build_arb_tau:start", "ts": "2026-09-29 09:26:03", "age_s": 27619.2}
[2026-09-29 17:07:22] pid=1420 ACTIVE cpu=55719.1s(+59.3s) ws=62MB hb={"stage": "build_arb_tau:start", "ts": "2026-09-29 09:26:03", "age_s": 27679.2}
[2026-09-29 17:08:22] pid=1420 ACTIVE cpu=55778.2s(+59.1s) ws=62MB hb={"stage": "build_arb_tau:start", "ts": "2026-09-29 09:26:03", "age_s": 27739.2}
[2026-09-29 17:09:22] pid=1420 ACTIVE cpu=55837.5s(+59.3s) ws=54MB hb={"stage": "build_arb_tau:start", "ts": "2026-09-29 09:26:03", "age_s": 27799.2}
[2026-09-29 17:10:22] pid=1420 ACTIVE cpu=55896.8s(+59.2s) ws=36MB hb={"stage": "build_arb_tau:start", "ts": "2026-09-29 09:26:03", "age_s": 27859.2}
[2026-09-29 17:11:22] pid=1420 ACTIVE cpu=55956.1s(+59.3s) ws=32MB hb={"stage": "build_arb_tau:start", "ts": "2026-09-29 09:26:03", "age_s": 27919.2}
[2026-09-29 17:12:22] pid=1420 ACTIVE cpu=56015.2s(+59.1s) ws=29MB hb={"stage": "build_arb_tau:start", "ts": "2026-09-29 09:26:03", "age_s": 27979.2}
[2026-09-29 17:13:22] pid=1420 ACTIVE cpu=56074.3s(+59.2s) ws=33MB hb={"stage": "build_arb_tau:start", "ts": "2026-09-29 09:26:03", "age_s": 28039.2}
[2026-09-29 17:14:22] pid=1420 ACTIVE cpu=56133.6s(+59.2s) ws=31MB hb={"stage": "build_arb_tau:start", "ts": "2026-09-29 09:26:03", "age_s": 28099.2}
[2026-09-29 17:15:22] pid=1420 ACTIVE cpu=56193.0s(+59.5s) ws=31MB hb={"stage": "build_arb_tau:start", "ts": "2026-09-29 09:26:03", "age_s": 28159.2}
[2026-09-29 17:16:22] pid=1420 ACTIVE cpu=56252.4s(+59.4s) ws=30MB hb={"stage": "build_arb_tau:start", "ts": "2026-09-29 09:26:03", "age_s": 28219.2}
[2026-09-29 17:17:22] pid=1420 ACTIVE cpu=56311.6s(+59.2s) ws=29MB hb={"stage": "build_arb_tau:start", "ts": "2026-09-29 09:26:03", "age_s": 28279.2}
[2026-09-29 17:18:22] pid=1420 ACTIVE cpu=56370.7s(+59.1s) ws=31MB hb={"stage": "build_arb_tau:start", "ts": "2026-09-29 09:26:03", "age_s": 28339.2}
[2026-09-29 17:19:22] pid=1420 ACTIVE cpu=56430.0s(+59.3s) ws=24MB hb={"stage": "build_arb_tau:start", "ts": "2026-09-29 09:26:03", "age_s": 28399.2}
[2026-09-29 17:20:22] pid=1420 ACTIVE cpu=56489.3s(+59.3s) ws=29MB hb={"stage": "build_arb_tau:start", "ts": "2026-09-29 09:26:03", "age_s": 28459.2}
[2026-09-29 17:21:22] pid=1420 ACTIVE cpu=56548.7s(+59.4s) ws=25MB hb={"stage": "build_arb_tau:start", "ts": "2026-09-29 09:26:03", "age_s": 28519.2}
[2026-09-29 17:22:22] pid=1420 ACTIVE cpu=56607.6s(+58.9s) ws=29MB hb={"stage": "build_arb_tau:start", "ts": "2026-09-29 09:26:03", "age_s": 28579.2}
[2026-09-29 17:23:22] pid=1420 ACTIVE cpu=56667.0s(+59.4s) ws=30MB hb={"stage": "build_arb_tau:start", "ts": "2026-09-29 09:26:03", "age_s": 28639.2}
[2026-09-29 17:24:22] pid=1420 ACTIVE cpu=56726.2s(+59.2s) ws=29MB hb={"stage": "build_arb_tau:start", "ts": "2026-09-29 09:26:03", "age_s": 28699.2}
[2026-09-29 17:25:22] pid=1420 ACTIVE cpu=56785.4s(+59.2s) ws=24MB hb={"stage": "build_arb_tau:start", "ts": "2026-09-29 09:26:03", "age_s": 28759.2}
[2026-09-29 17:26:22] pid=1420 ACTIVE cpu=56844.8s(+59.4s) ws=27MB hb={"stage": "build_arb_tau:start", "ts": "2026-09-29 09:26:03", "age_s": 28819.2}
[2026-09-29 17:27:22] pid=1420 ACTIVE cpu=56904.2s(+59.3s) ws=32MB hb={"stage": "build_arb_tau:start", "ts": "2026-09-29 09:26:03", "age_s": 28879.2}
[2026-09-29 17:28:22] pid=1420 ACTIVE cpu=56961.4s(+57.3s) ws=27MB hb={"stage": "build_arb_tau:start", "ts": "2026-09-29 09:26:03", "age_s": 28939.2}
[2026-09-29 17:29:22] pid=1420 ACTIVE cpu=57019.9s(+58.4s) ws=30MB hb={"stage": "build_arb_tau:start", "ts": "2026-09-29 09:26:03", "age_s": 28999.2}
[2026-09-29 17:30:22] pid=1420 ACTIVE cpu=57076.3s(+56.5s) ws=30MB hb={"stage": "build_arb_tau:start", "ts": "2026-09-29 09:26:03", "age_s": 29059.2}
[2026-09-29 17:31:22] pid=1420 ACTIVE cpu=57127.5s(+51.1s) ws=24MB hb={"stage": "build_arb_tau:start", "ts": "2026-09-29 09:26:03", "age_s": 29119.2}
[2026-09-29 17:32:22] pid=1420 ACTIVE cpu=57181.6s(+54.1s) ws=25MB hb={"stage": "build_arb_tau:start", "ts": "2026-09-29 09:26:03", "age_s": 29179.2}
[2026-09-29 17:33:22] pid=1420 ACTIVE cpu=57240.5s(+59.0s) ws=30MB hb={"stage": "build_arb_tau:start", "ts": "2026-09-29 09:26:03", "age_s": 29239.2}
[2026-09-29 17:34:22] pid=1420 ACTIVE cpu=57300.0s(+59.5s) ws=35MB hb={"stage": "build_arb_tau:start", "ts": "2026-09-29 09:26:03", "age_s": 29299.2}
[2026-09-29 17:35:22] pid=1420 ACTIVE cpu=57353.4s(+53.4s) ws=34MB hb={"stage": "build_arb_tau:start", "ts": "2026-09-29 09:26:03", "age_s": 29359.2}
[2026-09-29 17:36:22] pid=1420 ACTIVE cpu=57411.8s(+58.4s) ws=40MB hb={"stage": "build_arb_tau:start", "ts": "2026-09-29 09:26:03", "age_s": 29419.2}
[2026-09-29 17:37:22] pid=1420 ACTIVE cpu=57471.1s(+59.4s) ws=46MB hb={"stage": "build_arb_tau:start", "ts": "2026-09-29 09:26:03", "age_s": 29479.2}
[2026-09-29 17:38:22] pid=1420 ACTIVE cpu=57529.0s(+57.8s) ws=51MB hb={"stage": "build_arb_tau:start", "ts": "2026-09-29 09:26:03", "age_s": 29539.2}
[2026-09-29 17:39:22] pid=1420 ACTIVE cpu=57588.8s(+59.8s) ws=56MB hb={"stage": "build_arb_tau:start", "ts": "2026-09-29 09:26:03", "age_s": 29599.2}
[2026-09-29 17:40:22] pid=1420 ACTIVE cpu=57648.4s(+59.6s) ws=54MB hb={"stage": "build_arb_tau:start", "ts": "2026-09-29 09:26:03", "age_s": 29659.2}
[2026-09-29 17:41:22] pid=1420 ACTIVE cpu=57708.1s(+59.7s) ws=59MB hb={"stage": "build_arb_tau:start", "ts": "2026-09-29 09:26:03", "age_s": 29719.2}
[2026-09-29 17:42:22] pid=1420 ACTIVE cpu=57767.8s(+59.8s) ws=65MB hb={"stage": "build_arb_tau:start", "ts": "2026-09-29 09:26:03", "age_s": 29779.2}
[2026-09-29 17:43:22] pid=1420 ACTIVE cpu=57827.7s(+59.9s) ws=61MB hb={"stage": "build_arb_tau:start", "ts": "2026-09-29 09:26:03", "age_s": 29839.2}
[2026-09-29 17:44:22] pid=1420 ACTIVE cpu=57887.7s(+60.0s) ws=57MB hb={"stage": "build_arb_tau:start", "ts": "2026-09-29 09:26:03", "age_s": 29899.2}
[2026-09-29 17:45:22] pid=1420 ACTIVE cpu=57947.6s(+59.9s) ws=39MB hb={"stage": "build_arb_tau:start", "ts": "2026-09-29 09:26:03", "age_s": 29959.2}
[2026-09-29 17:46:22] pid=1420 ACTIVE cpu=58007.5s(+59.8s) ws=34MB hb={"stage": "build_arb_tau:start", "ts": "2026-09-29 09:26:03", "age_s": 30019.2}
[2026-09-29 17:47:22] pid=1420 ACTIVE cpu=58063.4s(+56.0s) ws=30MB hb={"stage": "build_arb_tau:start", "ts": "2026-09-29 09:26:03", "age_s": 30079.3}
[2026-09-29 17:48:22] pid=1420 ACTIVE cpu=58121.2s(+57.8s) ws=35MB hb={"stage": "build_arb_tau:start", "ts": "2026-09-29 09:26:03", "age_s": 30139.3}
[2026-09-29 17:49:22] pid=1420 ACTIVE cpu=58176.8s(+55.6s) ws=38MB hb={"stage": "build_arb_tau:start", "ts": "2026-09-29 09:26:03", "age_s": 30199.3}
[2026-09-29 17:50:22] pid=1420 ACTIVE cpu=58234.5s(+57.8s) ws=35MB hb={"stage": "build_arb_tau:start", "ts": "2026-09-29 09:26:03", "age_s": 30259.9}
[2026-09-29 17:51:23] pid=1420 ACTIVE cpu=58291.2s(+56.6s) ws=39MB hb={"stage": "build_arb_tau:start", "ts": "2026-09-29 09:26:03", "age_s": 30320.1}
[2026-09-29 17:52:23] pid=1420 ACTIVE cpu=58333.2s(+42.0s) ws=41MB hb={"stage": "build_arb_tau:start", "ts": "2026-09-29 09:26:03", "age_s": 30380.1}
[2026-09-29 17:53:23] pid=1420 ACTIVE cpu=58389.2s(+56.0s) ws=44MB hb={"stage": "build_arb_tau:start", "ts": "2026-09-29 09:26:03", "age_s": 30440.1}
[2026-09-29 17:54:23] pid=1420 ACTIVE cpu=58448.8s(+59.7s) ws=50MB hb={"stage": "build_arb_tau:start", "ts": "2026-09-29 09:26:03", "age_s": 30500.1}
[2026-09-29 17:55:23] pid=1420 ACTIVE cpu=58508.2s(+59.4s) ws=46MB hb={"stage": "build_arb_tau:start", "ts": "2026-09-29 09:26:03", "age_s": 30560.1}
[2026-09-29 17:56:23] pid=1420 ACTIVE cpu=58566.6s(+58.4s) ws=47MB hb={"stage": "build_arb_tau:start", "ts": "2026-09-29 09:26:03", "age_s": 30620.1}
[2026-09-29 17:57:23] pid=1420 ACTIVE cpu=58625.7s(+59.1s) ws=52MB hb={"stage": "build_arb_tau:start", "ts": "2026-09-29 09:26:03", "age_s": 30680.1}
[2026-09-29 17:58:23] pid=1420 ACTIVE cpu=58679.1s(+53.4s) ws=56MB hb={"stage": "build_arb_tau:start", "ts": "2026-09-29 09:26:03", "age_s": 30740.1}
[2026-09-29 17:59:23] pid=1420 ACTIVE cpu=58737.9s(+58.8s) ws=60MB hb={"stage": "build_arb_tau:start", "ts": "2026-09-29 09:26:03", "age_s": 30800.1}
[2026-09-29 18:00:23] pid=1420 ACTIVE cpu=58796.5s(+58.6s) ws=61MB hb={"stage": "build_arb_tau:start", "ts": "2026-09-29 09:26:03", "age_s": 30860.1}
[2026-09-29 18:01:23] pid=1420 ACTIVE cpu=58855.3s(+58.8s) ws=54MB hb={"stage": "build_arb_tau:start", "ts": "2026-09-29 09:26:03", "age_s": 30920.1}
[2026-09-29 18:02:23] pid=1420 ACTIVE cpu=58914.8s(+59.5s) ws=52MB hb={"stage": "build_arb_tau:start", "ts": "2026-09-29 09:26:03", "age_s": 30980.1}
[2026-09-29 18:03:23] pid=1420 ACTIVE cpu=58974.4s(+59.6s) ws=51MB hb={"stage": "build_arb_tau:start", "ts": "2026-09-29 09:26:03", "age_s": 31040.1}
[2026-09-29 18:04:23] pid=1420 ACTIVE cpu=59033.9s(+59.5s) ws=55MB hb={"stage": "build_arb_tau:start", "ts": "2026-09-29 09:26:03", "age_s": 31100.1}
[2026-09-29 18:05:23] pid=1420 ACTIVE cpu=59093.1s(+59.2s) ws=60MB hb={"stage": "build_arb_tau:start", "ts": "2026-09-29 09:26:03", "age_s": 31160.1}
[2026-09-29 18:06:23] pid=1420 ACTIVE cpu=59152.8s(+59.6s) ws=56MB hb={"stage": "build_arb_tau:start", "ts": "2026-09-29 09:26:03", "age_s": 31220.1}
[2026-09-29 18:07:23] pid=1420 ACTIVE cpu=59211.7s(+58.9s) ws=56MB hb={"stage": "build_arb_tau:start", "ts": "2026-09-29 09:26:03", "age_s": 31280.1}
[2026-09-29 18:08:23] pid=1420 ACTIVE cpu=59270.8s(+59.1s) ws=61MB hb={"stage": "build_arb_tau:start", "ts": "2026-09-29 09:26:03", "age_s": 31340.1}
[2026-09-29 18:09:23] pid=1420 ACTIVE cpu=59329.5s(+58.7s) ws=66MB hb={"stage": "build_arb_tau:start", "ts": "2026-09-29 09:26:03", "age_s": 31400.1}
[2026-09-29 18:10:23] pid=1420 ACTIVE cpu=59389.2s(+59.7s) ws=63MB hb={"stage": "build_arb_tau:start", "ts": "2026-09-29 09:26:03", "age_s": 31460.1}
[2026-09-29 18:11:23] pid=1420 ACTIVE cpu=59448.8s(+59.6s) ws=59MB hb={"stage": "build_arb_tau:start", "ts": "2026-09-29 09:26:03", "age_s": 31520.1}
[2026-09-29 18:12:23] pid=1420 ACTIVE cpu=59499.9s(+51.0s) ws=58MB hb={"stage": "build_arb_tau:start", "ts": "2026-09-29 09:26:03", "age_s": 31580.3}
[2026-09-29 18:13:23] pid=1420 ACTIVE cpu=59553.0s(+53.2s) ws=60MB hb={"stage": "build_arb_tau:start", "ts": "2026-09-29 09:26:03", "age_s": 31640.3}
[2026-09-29 18:14:23] pid=1420 ACTIVE cpu=59604.9s(+51.8s) ws=58MB hb={"stage": "build_arb_tau:start", "ts": "2026-09-29 09:26:03", "age_s": 31700.3}
[2026-09-29 18:15:23] pid=1420 ACTIVE cpu=59658.3s(+53.4s) ws=55MB hb={"stage": "build_arb_tau:start", "ts": "2026-09-29 09:26:03", "age_s": 31760.3}
[2026-09-29 18:16:23] pid=1420 ACTIVE cpu=59714.0s(+55.7s) ws=52MB hb={"stage": "build_arb_tau:start", "ts": "2026-09-29 09:26:03", "age_s": 31820.3}
[2026-09-29 18:17:23] pid=1420 ACTIVE cpu=59763.0s(+49.1s) ws=54MB hb={"stage": "build_arb_tau:start", "ts": "2026-09-29 09:26:03", "age_s": 31880.3}
[2026-09-29 18:18:23] pid=1420 ACTIVE cpu=59817.3s(+54.3s) ws=54MB hb={"stage": "build_arb_tau:start", "ts": "2026-09-29 09:26:03", "age_s": 31940.3}
[2026-09-29 18:19:23] pid=1420 ACTIVE cpu=59872.6s(+55.2s) ws=54MB hb={"stage": "build_arb_tau:start", "ts": "2026-09-29 09:26:03", "age_s": 32000.3}
[2026-09-29 18:20:23] pid=1420 ACTIVE cpu=59927.6s(+55.1s) ws=49MB hb={"stage": "build_arb_tau:start", "ts": "2026-09-29 09:26:03", "age_s": 32060.3}
[2026-09-29 18:21:23] pid=1420 ACTIVE cpu=59982.8s(+55.1s) ws=49MB hb={"stage": "build_arb_tau:start", "ts": "2026-09-29 09:26:03", "age_s": 32120.3}
[2026-09-29 18:22:23] pid=1420 ACTIVE cpu=60038.3s(+55.5s) ws=49MB hb={"stage": "build_arb_tau:start", "ts": "2026-09-29 09:26:03", "age_s": 32180.3}
[2026-09-29 18:23:23] pid=1420 ACTIVE cpu=60074.3s(+36.0s) ws=51MB hb={"stage": "build_arb_tau:start", "ts": "2026-09-29 09:26:03", "age_s": 32240.3}
[2026-09-29 18:24:23] pid=1420 ACTIVE cpu=60126.7s(+52.4s) ws=51MB hb={"stage": "build_arb_tau:start", "ts": "2026-09-29 09:26:03", "age_s": 32300.3}
[2026-09-29 18:25:23] pid=1420 ACTIVE cpu=60180.5s(+53.8s) ws=49MB hb={"stage": "build_arb_tau:start", "ts": "2026-09-29 09:26:03", "age_s": 32360.4}
[2026-09-29 18:26:23] pid=1420 ACTIVE cpu=60235.5s(+55.0s) ws=53MB hb={"stage": "build_arb_tau:start", "ts": "2026-09-29 09:26:03", "age_s": 32420.4}
[2026-09-29 18:27:23] pid=1420 ACTIVE cpu=60290.8s(+55.2s) ws=53MB hb={"stage": "build_arb_tau:start", "ts": "2026-09-29 09:26:03", "age_s": 32480.4}
[2026-09-29 18:28:23] pid=1420 ACTIVE cpu=60337.8s(+47.0s) ws=47MB hb={"stage": "build_arb_tau:start", "ts": "2026-09-29 09:26:03", "age_s": 32540.4}
[2026-09-29 18:29:23] pid=1420 ACTIVE cpu=60383.7s(+45.9s) ws=46MB hb={"stage": "build_arb_tau:start", "ts": "2026-09-29 09:26:03", "age_s": 32600.4}
[2026-09-29 18:30:23] pid=1420 ACTIVE cpu=60438.8s(+55.2s) ws=48MB hb={"stage": "build_arb_tau:start", "ts": "2026-09-29 09:26:03", "age_s": 32660.4}
[2026-09-29 18:31:23] pid=1420 ACTIVE cpu=60493.5s(+54.7s) ws=51MB hb={"stage": "build_arb_tau:start", "ts": "2026-09-29 09:26:03", "age_s": 32720.4}
[2026-09-29 18:32:23] pid=1420 ACTIVE cpu=60548.1s(+54.6s) ws=48MB hb={"stage": "build_arb_tau:start", "ts": "2026-09-29 09:26:03", "age_s": 32780.4}
[2026-09-29 18:33:23] pid=1420 ACTIVE cpu=60603.0s(+54.9s) ws=51MB hb={"stage": "build_arb_tau:start", "ts": "2026-09-29 09:26:03", "age_s": 32840.4}
[2026-09-29 18:34:23] pid=1420 ACTIVE cpu=60646.0s(+43.0s) ws=54MB hb={"stage": "build_arb_tau:start", "ts": "2026-09-29 09:26:03", "age_s": 32900.4}
[2026-09-29 18:35:23] pid=1420 ACTIVE cpu=60696.3s(+50.2s) ws=52MB hb={"stage": "build_arb_tau:start", "ts": "2026-09-29 09:26:03", "age_s": 32960.4}
[2026-09-29 18:36:23] pid=1420 ACTIVE cpu=60750.9s(+54.6s) ws=47MB hb={"stage": "build_arb_tau:start", "ts": "2026-09-29 09:26:03", "age_s": 33020.4}
[2026-09-29 18:37:23] pid=1420 ACTIVE cpu=60804.9s(+54.0s) ws=51MB hb={"stage": "build_arb_tau:start", "ts": "2026-09-29 09:26:03", "age_s": 33080.4}
[2026-09-29 18:38:23] pid=1420 ACTIVE cpu=60856.9s(+52.1s) ws=49MB hb={"stage": "build_arb_tau:start", "ts": "2026-09-29 09:26:03", "age_s": 33140.4}
[2026-09-29 18:39:23] pid=1420 ACTIVE cpu=60912.4s(+55.4s) ws=45MB hb={"stage": "build_arb_tau:start", "ts": "2026-09-29 09:26:03", "age_s": 33200.4}
[2026-09-29 18:40:23] pid=1420 ACTIVE cpu=60972.0s(+59.6s) ws=48MB hb={"stage": "build_arb_tau:start", "ts": "2026-09-29 09:26:03", "age_s": 33260.4}
[2026-09-29 18:41:23] pid=1420 ACTIVE cpu=61029.1s(+57.1s) ws=48MB hb={"stage": "build_arb_tau:start", "ts": "2026-09-29 09:26:03", "age_s": 33320.4}
[2026-09-29 18:42:23] pid=1420 ACTIVE cpu=61088.7s(+59.5s) ws=53MB hb={"stage": "build_arb_tau:start", "ts": "2026-09-29 09:26:03", "age_s": 33380.4}
[2026-09-29 18:43:23] pid=1420 ACTIVE cpu=61147.9s(+59.2s) ws=58MB hb={"stage": "build_arb_tau:start", "ts": "2026-09-29 09:26:03", "age_s": 33440.4}
[2026-09-29 18:44:23] pid=1420 ACTIVE cpu=61204.9s(+57.0s) ws=379MB hb={"stage": "build_arb_tau:done", "ts": "2026-09-29 18:44:20", "age_s": 3.4}
[2026-09-29 18:45:23] pid=1420 ACTIVE cpu=61240.8s(+35.9s) ws=3483MB hb={"stage": "certified_ldlt:start", "ts": "2026-09-29 18:45:08", "age_s": 15.4}
[2026-09-29 18:46:23] pid=1420 ACTIVE cpu=61297.5s(+56.7s) ws=3556MB hb={"stage": "certified_ldlt:start", "ts": "2026-09-29 18:45:08", "age_s": 75.4}
[2026-09-29 18:47:23] pid=1420 ACTIVE cpu=61352.3s(+54.8s) ws=3599MB hb={"stage": "certified_ldlt:start", "ts": "2026-09-29 18:45:08", "age_s": 135.6}
[2026-09-29 18:48:23] pid=1420 ACTIVE cpu=61405.6s(+53.2s) ws=3630MB hb={"stage": "certified_ldlt:start", "ts": "2026-09-29 18:45:08", "age_s": 195.8}
[2026-09-29 18:49:23] pid=1420 ACTIVE cpu=61464.7s(+59.1s) ws=3662MB hb={"stage": "certified_ldlt:start", "ts": "2026-09-29 18:45:08", "age_s": 255.8}
[2026-09-29 18:50:23] pid=1420 ACTIVE cpu=61522.1s(+57.5s) ws=3689MB hb={"stage": "certified_ldlt:start", "ts": "2026-09-29 18:45:08", "age_s": 315.8}
[2026-09-29 18:51:23] pid=1420 ACTIVE cpu=61572.2s(+50.1s) ws=3343MB hb={"stage": "certified_ldlt:start", "ts": "2026-09-29 18:45:08", "age_s": 375.8}
[2026-09-29 18:52:23] pid=1420 ACTIVE cpu=61623.6s(+51.4s) ws=2888MB hb={"stage": "certified_ldlt:start", "ts": "2026-09-29 18:45:08", "age_s": 435.8}
[2026-09-29 18:53:23] pid=1420 ACTIVE cpu=61677.2s(+53.6s) ws=2537MB hb={"stage": "certified_ldlt:start", "ts": "2026-09-29 18:45:08", "age_s": 495.8}
[2026-09-29 18:54:23] pid=1420 ACTIVE cpu=61733.4s(+56.2s) ws=2186MB hb={"stage": "certified_ldlt:start", "ts": "2026-09-29 18:45:08", "age_s": 555.8}
[2026-09-29 18:55:23] pid=1420 ACTIVE cpu=61792.7s(+59.3s) ws=1929MB hb={"stage": "certified_ldlt:start", "ts": "2026-09-29 18:45:08", "age_s": 615.8}
[2026-09-29 18:56:23] pid=1420 ACTIVE cpu=61852.1s(+59.4s) ws=1728MB hb={"stage": "certified_ldlt:start", "ts": "2026-09-29 18:45:08", "age_s": 675.8}
[2026-09-29 18:57:23] pid=1420 ACTIVE cpu=61910.9s(+58.8s) ws=1567MB hb={"stage": "certified_ldlt:start", "ts": "2026-09-29 18:45:08", "age_s": 735.8}
[2026-09-29 18:58:23] pid=1420 ACTIVE cpu=61970.2s(+59.3s) ws=1331MB hb={"stage": "certified_ldlt:start", "ts": "2026-09-29 18:45:08", "age_s": 795.8}
[2026-09-29 18:59:23] pid=1420 ACTIVE cpu=62029.6s(+59.4s) ws=900MB hb={"stage": "certified_ldlt:start", "ts": "2026-09-29 18:45:08", "age_s": 855.8}
[2026-09-29 19:00:23] pid=1420 ACTIVE cpu=62088.5s(+59.0s) ws=835MB hb={"stage": "certified_ldlt:start", "ts": "2026-09-29 18:45:08", "age_s": 915.8}
[2026-09-29 19:01:23] pid=1420 ACTIVE cpu=62148.0s(+59.4s) ws=783MB hb={"stage": "certified_ldlt:start", "ts": "2026-09-29 18:45:08", "age_s": 975.8}
[2026-09-29 19:02:23] pid=1420 ACTIVE cpu=62207.4s(+59.4s) ws=712MB hb={"stage": "certified_ldlt:start", "ts": "2026-09-29 18:45:08", "age_s": 1035.8}
[2026-09-29 19:03:23] pid=1420 ACTIVE cpu=62266.9s(+59.5s) ws=592MB hb={"stage": "certified_ldlt:start", "ts": "2026-09-29 18:45:08", "age_s": 1095.8}
[2026-09-29 19:04:23] pid=1420 ACTIVE cpu=62326.2s(+59.3s) ws=596MB hb={"stage": "certified_ldlt:start", "ts": "2026-09-29 18:45:08", "age_s": 1155.8}
[2026-09-29 19:05:23] pid=1420 ACTIVE cpu=62377.0s(+50.8s) ws=582MB hb={"stage": "certified_ldlt:start", "ts": "2026-09-29 18:45:08", "age_s": 1215.8}
[2026-09-29 19:06:23] pid=1420 ACTIVE cpu=62429.1s(+52.1s) ws=586MB hb={"stage": "certified_ldlt:start", "ts": "2026-09-29 18:45:08", "age_s": 1275.8}
[2026-09-29 19:07:23] pid=1420 ACTIVE cpu=62483.2s(+54.2s) ws=591MB hb={"stage": "certified_ldlt:start", "ts": "2026-09-29 18:45:08", "age_s": 1335.8}
[2026-09-29 19:08:23] pid=1420 ACTIVE cpu=62536.4s(+53.1s) ws=607MB hb={"stage": "certified_ldlt:start", "ts": "2026-09-29 18:45:08", "age_s": 1395.8}
[2026-09-29 19:09:23] pid=1420 ACTIVE cpu=62586.7s(+50.4s) ws=627MB hb={"stage": "certified_ldlt:start", "ts": "2026-09-29 18:45:08", "age_s": 1455.8}
[2026-09-29 19:10:23] pid=1420 ACTIVE cpu=62638.7s(+51.9s) ws=647MB hb={"stage": "certified_ldlt:start", "ts": "2026-09-29 18:45:08", "age_s": 1515.8}
[2026-09-29 19:11:23] pid=1420 ACTIVE cpu=62689.0s(+50.3s) ws=672MB hb={"stage": "certified_ldlt:start", "ts": "2026-09-29 18:45:08", "age_s": 1575.8}
[2026-09-29 19:12:23] pid=1420 ACTIVE cpu=62738.2s(+49.2s) ws=695MB hb={"stage": "certified_ldlt:start", "ts": "2026-09-29 18:45:08", "age_s": 1635.8}
[2026-09-29 19:13:23] pid=1420 ACTIVE cpu=62794.5s(+56.3s) ws=713MB hb={"stage": "certified_ldlt:start", "ts": "2026-09-29 18:45:08", "age_s": 1695.8}
[2026-09-29 19:14:23] pid=1420 ACTIVE cpu=62851.6s(+57.1s) ws=731MB hb={"stage": "certified_ldlt:start", "ts": "2026-09-29 18:45:08", "age_s": 1755.8}
[2026-09-29 19:15:23] pid=1420 ACTIVE cpu=62907.2s(+55.6s) ws=747MB hb={"stage": "certified_ldlt:start", "ts": "2026-09-29 18:45:08", "age_s": 1815.8}
[2026-09-29 19:16:23] pid=1420 ACTIVE cpu=62963.6s(+56.4s) ws=767MB hb={"stage": "certified_ldlt:start", "ts": "2026-09-29 18:45:08", "age_s": 1875.8}
[2026-09-29 19:17:23] pid=1420 ACTIVE cpu=63016.4s(+52.8s) ws=755MB hb={"stage": "certified_ldlt:start", "ts": "2026-09-29 18:45:08", "age_s": 1935.8}
[2026-09-29 19:18:23] pid=1420 ACTIVE cpu=63069.6s(+53.2s) ws=767MB hb={"stage": "certified_ldlt:start", "ts": "2026-09-29 18:45:08", "age_s": 1995.8}
[2026-09-29 19:19:23] pid=1420 ACTIVE cpu=63125.1s(+55.5s) ws=786MB hb={"stage": "certified_ldlt:start", "ts": "2026-09-29 18:45:08", "age_s": 2055.8}
[2026-09-29 19:20:23] pid=1420 ACTIVE cpu=63176.7s(+51.6s) ws=797MB hb={"stage": "certified_ldlt:start", "ts": "2026-09-29 18:45:08", "age_s": 2115.8}
[2026-09-29 19:21:23] pid=1420 ACTIVE cpu=63231.9s(+55.1s) ws=808MB hb={"stage": "certified_ldlt:start", "ts": "2026-09-29 18:45:08", "age_s": 2175.8}
[2026-09-29 19:22:23] pid=1420 ACTIVE cpu=63289.9s(+58.0s) ws=823MB hb={"stage": "certified_ldlt:start", "ts": "2026-09-29 18:45:08", "age_s": 2235.8}
[2026-09-29 19:23:23] pid=1420 ACTIVE cpu=63341.0s(+51.1s) ws=809MB hb={"stage": "certified_ldlt:start", "ts": "2026-09-29 18:45:08", "age_s": 2295.8}
[2026-09-29 19:24:23] pid=1420 ACTIVE cpu=63392.6s(+51.6s) ws=816MB hb={"stage": "certified_ldlt:start", "ts": "2026-09-29 18:45:08", "age_s": 2355.8}
[2026-09-29 19:25:23] pid=1420 ACTIVE cpu=63443.3s(+50.7s) ws=800MB hb={"stage": "certified_ldlt:start", "ts": "2026-09-29 18:45:08", "age_s": 2415.8}
[2026-09-29 19:26:23] pid=1420 ACTIVE cpu=63498.2s(+54.9s) ws=806MB hb={"stage": "certified_ldlt:start", "ts": "2026-09-29 18:45:08", "age_s": 2475.8}
[2026-09-29 19:27:23] pid=1420 ACTIVE cpu=63555.0s(+56.8s) ws=812MB hb={"stage": "certified_ldlt:start", "ts": "2026-09-29 18:45:08", "age_s": 2535.8}
[2026-09-29 19:28:23] pid=1420 ACTIVE cpu=63603.0s(+48.0s) ws=817MB hb={"stage": "certified_ldlt:start", "ts": "2026-09-29 18:45:08", "age_s": 2595.8}
[2026-09-29 19:29:23] pid=1420 ACTIVE cpu=63656.7s(+53.7s) ws=828MB hb={"stage": "certified_ldlt:start", "ts": "2026-09-29 18:45:08", "age_s": 2655.8}
[2026-09-29 19:30:23] pid=1420 ACTIVE cpu=63711.4s(+54.7s) ws=806MB hb={"stage": "certified_ldlt:start", "ts": "2026-09-29 18:45:08", "age_s": 2715.9}
[2026-09-29 19:31:23] pid=1420 ACTIVE cpu=63764.4s(+53.0s) ws=813MB hb={"stage": "certified_ldlt:start", "ts": "2026-09-29 18:45:08", "age_s": 2775.9}
[2026-09-29 19:32:23] pid=1420 ACTIVE cpu=63818.0s(+53.5s) ws=830MB hb={"stage": "certified_ldlt:start", "ts": "2026-09-29 18:45:08", "age_s": 2835.9}
[2026-09-29 19:33:23] pid=1420 ACTIVE cpu=63874.9s(+57.0s) ws=845MB hb={"stage": "certified_ldlt:start", "ts": "2026-09-29 18:45:08", "age_s": 2895.9}
[2026-09-29 19:34:23] pid=1420 ACTIVE cpu=63923.7s(+48.8s) ws=847MB hb={"stage": "certified_ldlt:start", "ts": "2026-09-29 18:45:08", "age_s": 2955.9}
[2026-09-29 19:35:23] pid=1420 ACTIVE cpu=63978.5s(+54.8s) ws=861MB hb={"stage": "certified_ldlt:start", "ts": "2026-09-29 18:45:08", "age_s": 3015.9}
[2026-09-29 19:36:23] pid=1420 ACTIVE cpu=64034.7s(+56.2s) ws=805MB hb={"stage": "certified_ldlt:start", "ts": "2026-09-29 18:45:08", "age_s": 3075.9}
[2026-09-29 19:37:23] pid=1420 ACTIVE cpu=64089.3s(+54.6s) ws=822MB hb={"stage": "certified_ldlt:start", "ts": "2026-09-29 18:45:08", "age_s": 3135.9}
[2026-09-29 19:38:23] pid=1420 ACTIVE cpu=64146.6s(+57.3s) ws=842MB hb={"stage": "certified_ldlt:start", "ts": "2026-09-29 18:45:08", "age_s": 3195.9}
[2026-09-29 19:39:23] pid=1420 ACTIVE cpu=64193.7s(+47.1s) ws=852MB hb={"stage": "certified_ldlt:start", "ts": "2026-09-29 18:45:08", "age_s": 3255.9}
[2026-09-29 19:40:23] pid=1420 ACTIVE cpu=64250.4s(+56.7s) ws=858MB hb={"stage": "certified_ldlt:start", "ts": "2026-09-29 18:45:08", "age_s": 3315.9}
[2026-09-29 19:41:23] pid=1420 ACTIVE cpu=64308.8s(+58.4s) ws=861MB hb={"stage": "certified_ldlt:start", "ts": "2026-09-29 18:45:08", "age_s": 3375.9}
[2026-09-29 19:42:23] pid=1420 ACTIVE cpu=64360.8s(+52.1s) ws=824MB hb={"stage": "certified_ldlt:start", "ts": "2026-09-29 18:45:08", "age_s": 3435.9}
[2026-09-29 19:43:23] pid=1420 ACTIVE cpu=64414.6s(+53.8s) ws=841MB hb={"stage": "certified_ldlt:start", "ts": "2026-09-29 18:45:08", "age_s": 3495.9}
[2026-09-29 19:44:23] pid=1420 ACTIVE cpu=64470.4s(+55.7s) ws=855MB hb={"stage": "certified_ldlt:start", "ts": "2026-09-29 18:45:08", "age_s": 3555.9}
[2026-09-29 19:45:23] pid=1420 ACTIVE cpu=64511.9s(+41.5s) ws=849MB hb={"stage": "certified_ldlt:start", "ts": "2026-09-29 18:45:08", "age_s": 3615.9}
[2026-09-29 19:46:23] pid=1420 ACTIVE cpu=64570.0s(+58.1s) ws=857MB hb={"stage": "certified_ldlt:start", "ts": "2026-09-29 18:45:08", "age_s": 3675.9}
[2026-09-29 19:47:23] pid=1420 ACTIVE cpu=64628.2s(+58.2s) ws=875MB hb={"stage": "certified_ldlt:start", "ts": "2026-09-29 18:45:08", "age_s": 3735.9}
[2026-09-29 19:48:23] pid=1420 ACTIVE cpu=64686.1s(+57.9s) ws=864MB hb={"stage": "certified_ldlt:start", "ts": "2026-09-29 18:45:08", "age_s": 3795.9}
[2026-09-29 19:49:23] pid=1420 ACTIVE cpu=64743.2s(+57.1s) ws=851MB hb={"stage": "certified_ldlt:start", "ts": "2026-09-29 18:45:08", "age_s": 3855.9}
[2026-09-29 19:50:23] pid=1420 ACTIVE cpu=64789.8s(+46.5s) ws=851MB hb={"stage": "certified_ldlt:start", "ts": "2026-09-29 18:45:08", "age_s": 3916.0}
[2026-09-29 19:51:23] pid=1420 ACTIVE cpu=64840.9s(+51.2s) ws=856MB hb={"stage": "certified_ldlt:start", "ts": "2026-09-29 18:45:08", "age_s": 3976.0}
[2026-09-29 19:52:23] pid=1420 ACTIVE cpu=64893.5s(+52.6s) ws=862MB hb={"stage": "certified_ldlt:start", "ts": "2026-09-29 18:45:08", "age_s": 4036.0}
[2026-09-29 19:53:23] pid=1420 ACTIVE cpu=64947.8s(+54.3s) ws=864MB hb={"stage": "certified_ldlt:start", "ts": "2026-09-29 18:45:08", "age_s": 4096.0}
[2026-09-29 19:54:23] pid=1420 ACTIVE cpu=65000.5s(+52.6s) ws=871MB hb={"stage": "certified_ldlt:start", "ts": "2026-09-29 18:45:08", "age_s": 4156.0}
[2026-09-29 19:55:23] pid=1420 ACTIVE cpu=65055.9s(+55.4s) ws=878MB hb={"stage": "certified_ldlt:start", "ts": "2026-09-29 18:45:08", "age_s": 4216.0}
[2026-09-29 19:56:23] pid=1420 ACTIVE cpu=65107.4s(+51.5s) ws=884MB hb={"stage": "certified_ldlt:start", "ts": "2026-09-29 18:45:08", "age_s": 4276.0}
[2026-09-29 19:57:23] pid=1420 ACTIVE cpu=65162.6s(+55.2s) ws=888MB hb={"stage": "certified_ldlt:start", "ts": "2026-09-29 18:45:08", "age_s": 4336.0}
[2026-09-29 19:58:23] pid=1420 ACTIVE cpu=65213.8s(+51.2s) ws=870MB hb={"stage": "certified_ldlt:start", "ts": "2026-09-29 18:45:08", "age_s": 4396.0}
[2026-09-29 19:59:24] pid=1420 ACTIVE cpu=65267.6s(+53.9s) ws=879MB hb={"stage": "certified_ldlt:start", "ts": "2026-09-29 18:45:08", "age_s": 4456.1}
[2026-09-29 20:00:24] pid=1420 ACTIVE cpu=65324.6s(+56.9s) ws=871MB hb={"stage": "certified_ldlt:start", "ts": "2026-09-29 18:45:08", "age_s": 4516.3}
[2026-09-29 20:01:24] pid=1420 ACTIVE cpu=65378.0s(+53.4s) ws=877MB hb={"stage": "certified_ldlt:start", "ts": "2026-09-29 18:45:08", "age_s": 4576.3}
[2026-09-29 20:02:24] pid=1420 ACTIVE cpu=65429.1s(+51.2s) ws=878MB hb={"stage": "certified_ldlt:start", "ts": "2026-09-29 18:45:08", "age_s": 4636.3}
[2026-09-29 20:03:24] pid=1420 ACTIVE cpu=65483.2s(+54.1s) ws=880MB hb={"stage": "certified_ldlt:start", "ts": "2026-09-29 18:45:08", "age_s": 4696.3}
[2026-09-29 20:04:24] pid=1420 ACTIVE cpu=65541.5s(+58.3s) ws=887MB hb={"stage": "certified_ldlt:start", "ts": "2026-09-29 18:45:08", "age_s": 4756.3}
[2026-09-29 20:05:24] pid=1420 ACTIVE cpu=65599.1s(+57.6s) ws=886MB hb={"stage": "certified_ldlt:start", "ts": "2026-09-29 18:45:08", "age_s": 4816.3}
[2026-09-29 20:06:24] pid=1420 ACTIVE cpu=65655.8s(+56.7s) ws=883MB hb={"stage": "certified_ldlt:start", "ts": "2026-09-29 18:45:08", "age_s": 4876.3}
[2026-09-29 20:07:24] pid=1420 ACTIVE cpu=65715.1s(+59.3s) ws=883MB hb={"stage": "certified_ldlt:start", "ts": "2026-09-29 18:45:08", "age_s": 4936.3}
[2026-09-29 20:08:24] pid=1420 ACTIVE cpu=65773.7s(+58.6s) ws=880MB hb={"stage": "certified_ldlt:start", "ts": "2026-09-29 18:45:08", "age_s": 4996.3}
[2026-09-29 20:09:24] pid=1420 ACTIVE cpu=65832.7s(+59.0s) ws=880MB hb={"stage": "certified_ldlt:start", "ts": "2026-09-29 18:45:08", "age_s": 5056.3}
[2026-09-29 20:10:24] pid=1420 ACTIVE cpu=65891.7s(+59.0s) ws=889MB hb={"stage": "certified_ldlt:start", "ts": "2026-09-29 18:45:08", "age_s": 5116.3}
[2026-09-29 20:11:24] pid=1420 ACTIVE cpu=65949.4s(+57.8s) ws=892MB hb={"stage": "certified_ldlt:start", "ts": "2026-09-29 18:45:08", "age_s": 5176.3}
[2026-09-29 20:12:24] pid=1420 ACTIVE cpu=65993.9s(+44.5s) ws=885MB hb={"stage": "certified_ldlt:start", "ts": "2026-09-29 18:45:08", "age_s": 5236.3}
[2026-09-29 20:13:24] pid=1420 ACTIVE cpu=66048.2s(+54.3s) ws=879MB hb={"stage": "certified_ldlt:start", "ts": "2026-09-29 18:45:08", "age_s": 5296.3}
[2026-09-29 20:14:24] pid=1420 ACTIVE cpu=66104.3s(+56.1s) ws=874MB hb={"stage": "certified_ldlt:start", "ts": "2026-09-29 18:45:08", "age_s": 5356.3}
[2026-09-29 20:15:24] pid=1420 ACTIVE cpu=66160.9s(+56.6s) ws=877MB hb={"stage": "certified_ldlt:start", "ts": "2026-09-29 18:45:08", "age_s": 5416.3}
[2026-09-29 20:16:24] pid=1420 ACTIVE cpu=66215.7s(+54.8s) ws=876MB hb={"stage": "certified_ldlt:start", "ts": "2026-09-29 18:45:08", "age_s": 5476.3}
[2026-09-29 20:17:25] pid=1420 ACTIVE cpu=66271.9s(+56.2s) ws=875MB hb={"stage": "certified_ldlt:start", "ts": "2026-09-29 18:45:08", "age_s": 5537.9}
[2026-09-29 20:18:25] pid=1420 ACTIVE cpu=66328.7s(+56.7s) ws=876MB hb={"stage": "certified_ldlt:start", "ts": "2026-09-29 18:45:08", "age_s": 5598.0}
[2026-09-29 20:19:25] pid=1420 ACTIVE cpu=66385.8s(+57.2s) ws=886MB hb={"stage": "certified_ldlt:start", "ts": "2026-09-29 18:45:08", "age_s": 5658.0}
[2026-09-29 20:20:25] pid=1420 ACTIVE cpu=66445.1s(+59.2s) ws=888MB hb={"stage": "certified_ldlt:start", "ts": "2026-09-29 18:45:08", "age_s": 5718.0}
[2026-09-29 20:21:25] pid=1420 ACTIVE cpu=66504.2s(+59.1s) ws=887MB hb={"stage": "certified_ldlt:start", "ts": "2026-09-29 18:45:08", "age_s": 5778.0}
[2026-09-29 20:22:25] pid=1420 ACTIVE cpu=66563.3s(+59.1s) ws=895MB hb={"stage": "certified_ldlt:start", "ts": "2026-09-29 18:45:08", "age_s": 5838.0}
[2026-09-29 20:23:25] pid=1420 ACTIVE cpu=66622.5s(+59.2s) ws=889MB hb={"stage": "certified_ldlt:start", "ts": "2026-09-29 18:45:08", "age_s": 5898.0}
[2026-09-29 20:24:25] pid=1420 ACTIVE cpu=66681.8s(+59.3s) ws=877MB hb={"stage": "certified_ldlt:start", "ts": "2026-09-29 18:45:08", "age_s": 5958.0}
[2026-09-29 20:25:25] pid=1420 ACTIVE cpu=66741.1s(+59.3s) ws=828MB hb={"stage": "certified_ldlt:start", "ts": "2026-09-29 18:45:08", "age_s": 6018.0}
[2026-09-29 20:26:25] pid=1420 ACTIVE cpu=66800.5s(+59.3s) ws=811MB hb={"stage": "certified_ldlt:start", "ts": "2026-09-29 18:45:08", "age_s": 6078.0}
[2026-09-29 20:27:25] pid=1420 ACTIVE cpu=66859.7s(+59.2s) ws=804MB hb={"stage": "certified_ldlt:start", "ts": "2026-09-29 18:45:08", "age_s": 6138.0}
[2026-09-29 20:28:25] pid=1420 ACTIVE cpu=66919.1s(+59.4s) ws=796MB hb={"stage": "certified_ldlt:start", "ts": "2026-09-29 18:45:08", "age_s": 6198.0}
[2026-09-29 20:29:25] pid=1420 ACTIVE cpu=66978.5s(+59.4s) ws=807MB hb={"stage": "certified_ldlt:start", "ts": "2026-09-29 18:45:08", "age_s": 6258.0}
[2026-09-29 20:30:25] pid=1420 ACTIVE cpu=67037.8s(+59.3s) ws=796MB hb={"stage": "certified_ldlt:start", "ts": "2026-09-29 18:45:08", "age_s": 6318.0}
[2026-09-29 20:31:25] pid=1420 ACTIVE cpu=67097.1s(+59.3s) ws=806MB hb={"stage": "certified_ldlt:start", "ts": "2026-09-29 18:45:08", "age_s": 6378.0}
[2026-09-29 20:32:25] pid=1420 ACTIVE cpu=67156.4s(+59.3s) ws=797MB hb={"stage": "certified_ldlt:start", "ts": "2026-09-29 18:45:08", "age_s": 6438.0}
[2026-09-29 20:33:25] pid=1420 ACTIVE cpu=67215.7s(+59.3s) ws=806MB hb={"stage": "certified_ldlt:start", "ts": "2026-09-29 18:45:08", "age_s": 6498.0}
[2026-09-29 20:34:25] pid=1420 ACTIVE cpu=67275.0s(+59.3s) ws=796MB hb={"stage": "certified_ldlt:start", "ts": "2026-09-29 18:45:08", "age_s": 6558.0}
[2026-09-29 20:35:25] pid=1420 ACTIVE cpu=67334.5s(+59.5s) ws=785MB hb={"stage": "certified_ldlt:start", "ts": "2026-09-29 18:45:08", "age_s": 6618.0}
[2026-09-29 20:36:25] pid=1420 ACTIVE cpu=67393.7s(+59.2s) ws=795MB hb={"stage": "certified_ldlt:start", "ts": "2026-09-29 18:45:08", "age_s": 6678.0}
[2026-09-29 20:37:25] pid=1420 ACTIVE cpu=67452.8s(+59.1s) ws=785MB hb={"stage": "certified_ldlt:start", "ts": "2026-09-29 18:45:08", "age_s": 6738.0}
[2026-09-29 20:38:25] pid=1420 ACTIVE cpu=67512.1s(+59.3s) ws=794MB hb={"stage": "certified_ldlt:start", "ts": "2026-09-29 18:45:08", "age_s": 6798.0}
[2026-09-29 20:39:25] pid=1420 ACTIVE cpu=67571.5s(+59.4s) ws=785MB hb={"stage": "certified_ldlt:start", "ts": "2026-09-29 18:45:08", "age_s": 6858.0}
[2026-09-29 20:40:25] pid=1420 ACTIVE cpu=67631.1s(+59.6s) ws=789MB hb={"stage": "certified_ldlt:start", "ts": "2026-09-29 18:45:08", "age_s": 6918.0}
[2026-09-29 20:41:25] pid=1420 ACTIVE cpu=67690.2s(+59.1s) ws=782MB hb={"stage": "certified_ldlt:start", "ts": "2026-09-29 18:45:08", "age_s": 6978.0}
[2026-09-29 20:42:25] pid=1420 ACTIVE cpu=67749.5s(+59.3s) ws=787MB hb={"stage": "certified_ldlt:start", "ts": "2026-09-29 18:45:08", "age_s": 7038.0}
[2026-09-29 20:43:25] pid=1420 ACTIVE cpu=67809.0s(+59.4s) ws=781MB hb={"stage": "certified_ldlt:start", "ts": "2026-09-29 18:45:08", "age_s": 7098.0}
[2026-09-29 20:44:25] pid=1420 ACTIVE cpu=67868.5s(+59.5s) ws=770MB hb={"stage": "certified_ldlt:start", "ts": "2026-09-29 18:45:08", "age_s": 7158.0}
[2026-09-29 20:45:26] pid=1420 ACTIVE cpu=67927.9s(+59.5s) ws=778MB hb={"stage": "certified_ldlt:start", "ts": "2026-09-29 18:45:08", "age_s": 7218.0}
[2026-09-29 20:46:26] pid=1420 ACTIVE cpu=67987.4s(+59.5s) ws=770MB hb={"stage": "certified_ldlt:start", "ts": "2026-09-29 18:45:08", "age_s": 7278.0}
[2026-09-29 20:47:26] pid=1420 ACTIVE cpu=68046.7s(+59.3s) ws=768MB hb={"stage": "certified_ldlt:start", "ts": "2026-09-29 18:45:08", "age_s": 7338.0}
[2026-09-29 20:48:26] pid=1420 ACTIVE cpu=68106.0s(+59.3s) ws=761MB hb={"stage": "certified_ldlt:start", "ts": "2026-09-29 18:45:08", "age_s": 7398.0}
[2026-09-29 20:49:26] pid=1420 ACTIVE cpu=68165.6s(+59.6s) ws=763MB hb={"stage": "certified_ldlt:start", "ts": "2026-09-29 18:45:08", "age_s": 7458.0}
[2026-09-29 20:50:26] pid=1420 ACTIVE cpu=68225.1s(+59.5s) ws=755MB hb={"stage": "certified_ldlt:start", "ts": "2026-09-29 18:45:08", "age_s": 7518.0}
[2026-09-29 20:51:26] pid=1420 ACTIVE cpu=68284.3s(+59.2s) ws=756MB hb={"stage": "certified_ldlt:start", "ts": "2026-09-29 18:45:08", "age_s": 7578.0}
[2026-09-29 20:52:26] pid=1420 ACTIVE cpu=68343.1s(+58.8s) ws=758MB hb={"stage": "certified_ldlt:start", "ts": "2026-09-29 18:45:08", "age_s": 7638.0}
[2026-09-29 20:53:26] pid=1420 ACTIVE cpu=68402.3s(+59.2s) ws=759MB hb={"stage": "certified_ldlt:start", "ts": "2026-09-29 18:45:08", "age_s": 7698.0}
[2026-09-29 20:54:26] pid=1420 ACTIVE cpu=68461.6s(+59.3s) ws=745MB hb={"stage": "certified_ldlt:start", "ts": "2026-09-29 18:45:08", "age_s": 7758.0}
[2026-09-29 20:55:26] pid=1420 ACTIVE cpu=68520.9s(+59.3s) ws=748MB hb={"stage": "certified_ldlt:start", "ts": "2026-09-29 18:45:08", "age_s": 7818.0}
[2026-09-29 20:56:26] pid=1420 ACTIVE cpu=68580.4s(+59.5s) ws=747MB hb={"stage": "certified_ldlt:start", "ts": "2026-09-29 18:45:08", "age_s": 7878.0}
[2026-09-29 20:57:26] pid=1420 ACTIVE cpu=68639.8s(+59.4s) ws=740MB hb={"stage": "certified_ldlt:start", "ts": "2026-09-29 18:45:08", "age_s": 7938.0}
[2026-09-29 20:58:26] pid=1420 ACTIVE cpu=68698.9s(+59.1s) ws=739MB hb={"stage": "certified_ldlt:start", "ts": "2026-09-29 18:45:08", "age_s": 7998.0}
[2026-09-29 20:59:26] pid=1420 ACTIVE cpu=68757.9s(+59.0s) ws=735MB hb={"stage": "certified_ldlt:start", "ts": "2026-09-29 18:45:08", "age_s": 8058.0}
[2026-09-29 21:00:26] pid=1420 ACTIVE cpu=68817.3s(+59.4s) ws=734MB hb={"stage": "certified_ldlt:start", "ts": "2026-09-29 18:45:08", "age_s": 8118.0}
[2026-09-29 21:01:26] pid=1420 ACTIVE cpu=68876.7s(+59.4s) ws=727MB hb={"stage": "certified_ldlt:start", "ts": "2026-09-29 18:45:08", "age_s": 8178.0}
[2026-09-29 21:02:26] pid=1420 ACTIVE cpu=68936.0s(+59.3s) ws=724MB hb={"stage": "certified_ldlt:start", "ts": "2026-09-29 18:45:08", "age_s": 8238.0}
[2026-09-29 21:03:26] pid=1420 ACTIVE cpu=68995.5s(+59.5s) ws=719MB hb={"stage": "certified_ldlt:start", "ts": "2026-09-29 18:45:08", "age_s": 8298.0}
[2026-09-29 21:04:26] pid=1420 ACTIVE cpu=69054.8s(+59.4s) ws=720MB hb={"stage": "certified_ldlt:start", "ts": "2026-09-29 18:45:08", "age_s": 8358.0}
[2026-09-29 21:05:26] pid=1420 ACTIVE cpu=69114.2s(+59.4s) ws=708MB hb={"stage": "certified_ldlt:start", "ts": "2026-09-29 18:45:08", "age_s": 8418.0}
[2026-09-29 21:06:26] pid=1420 ACTIVE cpu=69173.7s(+59.4s) ws=706MB hb={"stage": "certified_ldlt:start", "ts": "2026-09-29 18:45:08", "age_s": 8478.0}
[2026-09-29 21:07:26] pid=1420 ACTIVE cpu=69232.7s(+59.0s) ws=709MB hb={"stage": "certified_ldlt:start", "ts": "2026-09-29 18:45:08", "age_s": 8538.0}
[2026-09-29 21:08:26] pid=1420 ACTIVE cpu=69292.1s(+59.4s) ws=701MB hb={"stage": "certified_ldlt:start", "ts": "2026-09-29 18:45:08", "age_s": 8598.0}
[2026-09-29 21:09:26] pid=1420 ACTIVE cpu=69351.4s(+59.4s) ws=696MB hb={"stage": "certified_ldlt:start", "ts": "2026-09-29 18:45:08", "age_s": 8658.0}
[2026-09-29 21:10:26] pid=1420 ACTIVE cpu=69411.0s(+59.5s) ws=689MB hb={"stage": "certified_ldlt:start", "ts": "2026-09-29 18:45:08", "age_s": 8718.0}
[2026-09-29 21:11:26] pid=1420 ACTIVE cpu=69470.5s(+59.5s) ws=680MB hb={"stage": "certified_ldlt:start", "ts": "2026-09-29 18:45:08", "age_s": 8778.0}
[2026-09-29 21:12:26] pid=1420 ACTIVE cpu=69529.0s(+58.5s) ws=677MB hb={"stage": "certified_ldlt:start", "ts": "2026-09-29 18:45:08", "age_s": 8838.0}
[2026-09-29 21:13:26] pid=1420 ACTIVE cpu=69588.5s(+59.6s) ws=679MB hb={"stage": "certified_ldlt:start", "ts": "2026-09-29 18:45:08", "age_s": 8898.0}
[2026-09-29 21:14:26] pid=1420 ACTIVE cpu=69648.0s(+59.4s) ws=673MB hb={"stage": "certified_ldlt:start", "ts": "2026-09-29 18:45:08", "age_s": 8958.0}
[2026-09-29 21:15:26] pid=1420 ACTIVE cpu=69707.4s(+59.5s) ws=669MB hb={"stage": "certified_ldlt:start", "ts": "2026-09-29 18:45:08", "age_s": 9018.0}
[2026-09-29 21:16:26] pid=1420 ACTIVE cpu=69766.9s(+59.5s) ws=659MB hb={"stage": "certified_ldlt:start", "ts": "2026-09-29 18:45:08", "age_s": 9078.0}
[2026-09-29 21:17:26] pid=1420 ACTIVE cpu=69826.2s(+59.3s) ws=656MB hb={"stage": "certified_ldlt:start", "ts": "2026-09-29 18:45:08", "age_s": 9138.0}
[2026-09-29 21:18:26] pid=1420 ACTIVE cpu=69885.6s(+59.4s) ws=649MB hb={"stage": "certified_ldlt:start", "ts": "2026-09-29 18:45:08", "age_s": 9198.0}
[2026-09-29 21:19:26] pid=1420 ACTIVE cpu=69944.9s(+59.3s) ws=652MB hb={"stage": "certified_ldlt:start", "ts": "2026-09-29 18:45:08", "age_s": 9258.0}
[2026-09-29 21:20:26] pid=1420 ACTIVE cpu=70004.2s(+59.3s) ws=633MB hb={"stage": "certified_ldlt:start", "ts": "2026-09-29 18:45:08", "age_s": 9318.0}
[2026-09-29 21:21:26] pid=1420 ACTIVE cpu=70061.6s(+57.4s) ws=634MB hb={"stage": "certified_ldlt:start", "ts": "2026-09-29 18:45:08", "age_s": 9378.0}
[2026-09-29 21:22:26] pid=1420 ACTIVE cpu=70120.2s(+58.6s) ws=634MB hb={"stage": "certified_ldlt:start", "ts": "2026-09-29 18:45:08", "age_s": 9438.1}
[2026-09-29 21:23:26] pid=1420 ACTIVE cpu=70175.8s(+55.5s) ws=619MB hb={"stage": "certified_ldlt:start", "ts": "2026-09-29 18:45:08", "age_s": 9498.1}
[2026-09-29 21:24:26] pid=1420 ACTIVE cpu=70234.2s(+58.4s) ws=626MB hb={"stage": "certified_ldlt:start", "ts": "2026-09-29 18:45:08", "age_s": 9558.1}
[2026-09-29 21:25:26] pid=1420 ACTIVE cpu=70293.1s(+58.9s) ws=633MB hb={"stage": "certified_ldlt:start", "ts": "2026-09-29 18:45:08", "age_s": 9618.1}
[2026-09-29 21:26:26] pid=1420 ACTIVE cpu=70351.8s(+58.7s) ws=639MB hb={"stage": "certified_ldlt:start", "ts": "2026-09-29 18:45:08", "age_s": 9678.1}
[2026-09-29 21:27:26] pid=1420 ACTIVE cpu=70409.8s(+58.1s) ws=645MB hb={"stage": "certified_ldlt:start", "ts": "2026-09-29 18:45:08", "age_s": 9738.1}
[2026-09-29 21:28:26] pid=1420 ACTIVE cpu=70468.8s(+59.0s) ws=654MB hb={"stage": "build_arb_tau:start", "ts": "2026-09-29 21:27:31", "age_s": 55.1}
[2026-09-29 21:29:26] pid=1420 ACTIVE cpu=70528.1s(+59.3s) ws=644MB hb={"stage": "build_arb_tau:start", "ts": "2026-09-29 21:27:31", "age_s": 115.1}
[2026-09-29 21:30:26] pid=1420 ACTIVE cpu=70587.6s(+59.5s) ws=637MB hb={"stage": "build_arb_tau:start", "ts": "2026-09-29 21:27:31", "age_s": 175.1}
[2026-09-29 21:31:26] pid=1420 ACTIVE cpu=70644.7s(+57.0s) ws=627MB hb={"stage": "build_arb_tau:start", "ts": "2026-09-29 21:27:31", "age_s": 235.1}
[2026-09-29 21:32:26] pid=1420 ACTIVE cpu=70704.1s(+59.5s) ws=620MB hb={"stage": "build_arb_tau:start", "ts": "2026-09-29 21:27:31", "age_s": 295.1}
[2026-09-29 21:33:26] pid=1420 ACTIVE cpu=70763.4s(+59.3s) ws=587MB hb={"stage": "build_arb_tau:start", "ts": "2026-09-29 21:27:31", "age_s": 355.1}
[2026-09-29 21:34:26] pid=1420 ACTIVE cpu=70822.9s(+59.5s) ws=490MB hb={"stage": "build_arb_tau:start", "ts": "2026-09-29 21:27:31", "age_s": 415.1}
[2026-09-29 21:35:26] pid=1420 ACTIVE cpu=70882.4s(+59.5s) ws=409MB hb={"stage": "build_arb_tau:start", "ts": "2026-09-29 21:27:31", "age_s": 475.1}
[2026-09-29 21:36:26] pid=1420 ACTIVE cpu=70940.9s(+58.6s) ws=341MB hb={"stage": "build_arb_tau:start", "ts": "2026-09-29 21:27:31", "age_s": 535.1}
[2026-09-29 21:37:26] pid=1420 ACTIVE cpu=70989.1s(+48.2s) ws=286MB hb={"stage": "build_arb_tau:start", "ts": "2026-09-29 21:27:31", "age_s": 595.5}
[2026-09-29 21:38:26] pid=1420 ACTIVE cpu=71034.8s(+45.8s) ws=246MB hb={"stage": "build_arb_tau:start", "ts": "2026-09-29 21:27:31", "age_s": 655.5}
[2026-09-29 21:39:26] pid=1420 ACTIVE cpu=71084.6s(+49.7s) ws=207MB hb={"stage": "build_arb_tau:start", "ts": "2026-09-29 21:27:31", "age_s": 715.5}
[2026-09-29 21:40:26] pid=1420 ACTIVE cpu=71137.3s(+52.8s) ws=172MB hb={"stage": "build_arb_tau:start", "ts": "2026-09-29 21:27:31", "age_s": 775.5}
[2026-09-29 21:41:26] pid=1420 ACTIVE cpu=71192.3s(+55.0s) ws=146MB hb={"stage": "build_arb_tau:start", "ts": "2026-09-29 21:27:31", "age_s": 835.5}
[2026-09-29 21:42:26] pid=1420 ACTIVE cpu=71243.7s(+51.4s) ws=121MB hb={"stage": "build_arb_tau:start", "ts": "2026-09-29 21:27:31", "age_s": 895.5}
[2026-09-29 21:43:26] pid=1420 ACTIVE cpu=71286.7s(+43.0s) ws=100MB hb={"stage": "build_arb_tau:start", "ts": "2026-09-29 21:27:31", "age_s": 955.5}
[2026-09-29 21:44:26] pid=1420 ACTIVE cpu=71337.2s(+50.5s) ws=82MB hb={"stage": "build_arb_tau:start", "ts": "2026-09-29 21:27:31", "age_s": 1015.5}
[2026-09-29 21:45:26] pid=1420 ACTIVE cpu=71379.1s(+41.9s) ws=67MB hb={"stage": "build_arb_tau:start", "ts": "2026-09-29 21:27:31", "age_s": 1075.5}
[2026-09-29 21:46:26] pid=1420 ACTIVE cpu=71432.2s(+53.1s) ws=55MB hb={"stage": "build_arb_tau:start", "ts": "2026-09-29 21:27:31", "age_s": 1135.5}
[2026-09-29 21:47:26] pid=1420 ACTIVE cpu=71470.8s(+38.6s) ws=44MB hb={"stage": "build_arb_tau:start", "ts": "2026-09-29 21:27:31", "age_s": 1195.5}
[2026-09-29 21:48:26] pid=1420 ACTIVE cpu=71523.3s(+52.5s) ws=36MB hb={"stage": "build_arb_tau:start", "ts": "2026-09-29 21:27:31", "age_s": 1255.5}
[2026-09-29 21:49:26] pid=1420 ACTIVE cpu=71575.4s(+52.1s) ws=29MB hb={"stage": "build_arb_tau:start", "ts": "2026-09-29 21:27:31", "age_s": 1315.5}
[2026-09-29 21:50:26] pid=1420 ACTIVE cpu=71619.6s(+44.2s) ws=27MB hb={"stage": "build_arb_tau:start", "ts": "2026-09-29 21:27:31", "age_s": 1375.5}
[2026-09-29 21:51:26] pid=1420 ACTIVE cpu=71671.5s(+51.9s) ws=27MB hb={"stage": "build_arb_tau:start", "ts": "2026-09-29 21:27:31", "age_s": 1435.5}
[2026-09-29 21:52:26] pid=1420 ACTIVE cpu=71722.3s(+50.7s) ws=27MB hb={"stage": "build_arb_tau:start", "ts": "2026-09-29 21:27:31", "age_s": 1495.5}
[2026-09-29 21:53:26] pid=1420 ACTIVE cpu=71775.6s(+53.3s) ws=26MB hb={"stage": "build_arb_tau:start", "ts": "2026-09-29 21:27:31", "age_s": 1555.5}
[2026-09-29 21:54:26] pid=1420 ACTIVE cpu=71832.4s(+56.8s) ws=26MB hb={"stage": "build_arb_tau:start", "ts": "2026-09-29 21:27:31", "age_s": 1615.5}
[2026-09-29 21:55:26] pid=1420 ACTIVE cpu=71891.8s(+59.4s) ws=26MB hb={"stage": "build_arb_tau:start", "ts": "2026-09-29 21:27:31", "age_s": 1675.5}
[2026-09-29 21:56:26] pid=1420 ACTIVE cpu=71948.1s(+56.3s) ws=26MB hb={"stage": "build_arb_tau:start", "ts": "2026-09-29 21:27:31", "age_s": 1735.5}
[2026-09-29 21:57:26] pid=1420 ACTIVE cpu=72003.2s(+55.1s) ws=26MB hb={"stage": "build_arb_tau:start", "ts": "2026-09-29 21:27:31", "age_s": 1795.5}
[2026-09-29 21:58:26] pid=1420 ACTIVE cpu=72061.9s(+58.6s) ws=25MB hb={"stage": "build_arb_tau:start", "ts": "2026-09-29 21:27:31", "age_s": 1855.5}
[2026-09-29 21:59:26] pid=1420 ACTIVE cpu=72119.9s(+58.0s) ws=25MB hb={"stage": "build_arb_tau:start", "ts": "2026-09-29 21:27:31", "age_s": 1915.5}
[2026-09-29 22:00:26] pid=1420 ACTIVE cpu=72176.6s(+56.7s) ws=25MB hb={"stage": "build_arb_tau:start", "ts": "2026-09-29 21:27:31", "age_s": 1975.5}
[2026-09-29 22:01:26] pid=1420 ACTIVE cpu=72234.1s(+57.5s) ws=156MB hb={"stage": "build_arb_tau:start", "ts": "2026-09-29 21:27:31", "age_s": 2035.5}
[2026-09-29 22:02:26] pid=1420 ACTIVE cpu=72292.9s(+58.8s) ws=161MB hb={"stage": "build_arb_tau:start", "ts": "2026-09-29 21:27:31", "age_s": 2095.5}
[2026-09-29 22:03:26] pid=1420 ACTIVE cpu=72350.5s(+57.7s) ws=166MB hb={"stage": "build_arb_tau:start", "ts": "2026-09-29 21:27:31", "age_s": 2155.5}
[2026-09-29 22:04:26] pid=1420 ACTIVE cpu=72409.7s(+59.1s) ws=170MB hb={"stage": "build_arb_tau:start", "ts": "2026-09-29 21:27:31", "age_s": 2215.5}
[2026-09-29 22:05:26] pid=1420 ACTIVE cpu=72469.1s(+59.5s) ws=176MB hb={"stage": "build_arb_tau:start", "ts": "2026-09-29 21:27:31", "age_s": 2275.5}
[2026-09-29 22:06:26] pid=1420 ACTIVE cpu=72528.5s(+59.3s) ws=168MB hb={"stage": "build_arb_tau:start", "ts": "2026-09-29 21:27:31", "age_s": 2335.6}
[2026-09-29 22:07:26] pid=1420 ACTIVE cpu=72585.9s(+57.4s) ws=172MB hb={"stage": "build_arb_tau:start", "ts": "2026-09-29 21:27:31", "age_s": 2395.6}
[2026-09-29 22:08:26] pid=1420 ACTIVE cpu=72641.8s(+55.9s) ws=150MB hb={"stage": "build_arb_tau:start", "ts": "2026-09-29 21:27:31", "age_s": 2455.6}
[2026-09-29 22:09:26] pid=1420 ACTIVE cpu=72698.4s(+56.7s) ws=130MB hb={"stage": "build_arb_tau:start", "ts": "2026-09-29 21:27:31", "age_s": 2515.6}
[2026-09-29 22:10:26] pid=1420 ACTIVE cpu=72748.3s(+49.8s) ws=112MB hb={"stage": "build_arb_tau:start", "ts": "2026-09-29 21:27:31", "age_s": 2575.6}
[2026-09-29 22:11:26] pid=1420 ACTIVE cpu=72804.7s(+56.4s) ws=98MB hb={"stage": "build_arb_tau:start", "ts": "2026-09-29 21:27:31", "age_s": 2635.6}
[2026-09-29 22:12:26] pid=1420 ACTIVE cpu=72860.1s(+55.4s) ws=86MB hb={"stage": "build_arb_tau:start", "ts": "2026-09-29 21:27:31", "age_s": 2695.6}
[2026-09-29 22:13:26] pid=1420 ACTIVE cpu=72916.3s(+56.2s) ws=88MB hb={"stage": "build_arb_tau:start", "ts": "2026-09-29 21:27:31", "age_s": 2755.6}
[2026-09-29 22:14:26] pid=1420 ACTIVE cpu=72973.4s(+57.1s) ws=94MB hb={"stage": "build_arb_tau:start", "ts": "2026-09-29 21:27:31", "age_s": 2815.6}
[2026-09-29 22:15:26] pid=1420 ACTIVE cpu=73028.4s(+54.9s) ws=89MB hb={"stage": "build_arb_tau:start", "ts": "2026-09-29 21:27:31", "age_s": 2875.6}
[2026-09-29 22:16:26] pid=1420 ACTIVE cpu=73083.9s(+55.5s) ws=89MB hb={"stage": "build_arb_tau:start", "ts": "2026-09-29 21:27:31", "age_s": 2935.6}
[2026-09-29 22:17:26] pid=1420 ACTIVE cpu=73139.1s(+55.2s) ws=81MB hb={"stage": "build_arb_tau:start", "ts": "2026-09-29 21:27:31", "age_s": 2995.6}
[2026-09-29 22:18:26] pid=1420 ACTIVE cpu=73196.5s(+57.4s) ws=87MB hb={"stage": "build_arb_tau:start", "ts": "2026-09-29 21:27:31", "age_s": 3055.6}
[2026-09-29 22:19:26] pid=1420 ACTIVE cpu=73252.5s(+56.0s) ws=89MB hb={"stage": "build_arb_tau:start", "ts": "2026-09-29 21:27:31", "age_s": 3115.6}
[2026-09-29 22:20:26] pid=1420 ACTIVE cpu=73309.5s(+57.0s) ws=78MB hb={"stage": "build_arb_tau:start", "ts": "2026-09-29 21:27:31", "age_s": 3175.6}
[2026-09-29 22:21:26] pid=1420 ACTIVE cpu=73362.8s(+53.2s) ws=74MB hb={"stage": "build_arb_tau:start", "ts": "2026-09-29 21:27:31", "age_s": 3235.6}
[2026-09-29 22:22:26] pid=1420 ACTIVE cpu=73419.8s(+57.0s) ws=70MB hb={"stage": "build_arb_tau:start", "ts": "2026-09-29 21:27:31", "age_s": 3295.6}
[2026-09-29 22:23:26] pid=1420 ACTIVE cpu=73477.5s(+57.7s) ws=76MB hb={"stage": "build_arb_tau:start", "ts": "2026-09-29 21:27:31", "age_s": 3355.6}
[2026-09-29 22:24:26] pid=1420 ACTIVE cpu=73534.5s(+57.1s) ws=81MB hb={"stage": "build_arb_tau:start", "ts": "2026-09-29 21:27:31", "age_s": 3415.6}
[2026-09-29 22:25:26] pid=1420 ACTIVE cpu=73591.5s(+56.9s) ws=77MB hb={"stage": "build_arb_tau:start", "ts": "2026-09-29 21:27:31", "age_s": 3475.6}
[2026-09-29 22:26:26] pid=1420 ACTIVE cpu=73647.8s(+56.3s) ws=78MB hb={"stage": "build_arb_tau:start", "ts": "2026-09-29 21:27:31", "age_s": 3535.6}
[2026-09-29 22:27:26] pid=1420 ACTIVE cpu=73702.7s(+54.9s) ws=83MB hb={"stage": "build_arb_tau:start", "ts": "2026-09-29 21:27:31", "age_s": 3595.6}
[2026-09-29 22:28:26] pid=1420 ACTIVE cpu=73758.7s(+56.0s) ws=89MB hb={"stage": "build_arb_tau:start", "ts": "2026-09-29 21:27:31", "age_s": 3655.6}
[2026-09-29 22:29:26] pid=1420 ACTIVE cpu=73814.2s(+55.6s) ws=86MB hb={"stage": "build_arb_tau:start", "ts": "2026-09-29 21:27:31", "age_s": 3715.6}
[2026-09-29 22:30:26] pid=1420 ACTIVE cpu=73868.9s(+54.6s) ws=75MB hb={"stage": "build_arb_tau:start", "ts": "2026-09-29 21:27:31", "age_s": 3775.6}
[2026-09-29 22:31:26] pid=1420 ACTIVE cpu=73924.4s(+55.5s) ws=71MB hb={"stage": "build_arb_tau:start", "ts": "2026-09-29 21:27:31", "age_s": 3835.6}
[2026-09-29 22:32:26] pid=1420 ACTIVE cpu=73981.2s(+56.8s) ws=77MB hb={"stage": "build_arb_tau:start", "ts": "2026-09-29 21:27:31", "age_s": 3895.6}
[2026-09-29 22:33:26] pid=1420 ACTIVE cpu=74038.3s(+57.2s) ws=82MB hb={"stage": "build_arb_tau:start", "ts": "2026-09-29 21:27:31", "age_s": 3955.6}
[2026-09-29 22:34:26] pid=1420 ACTIVE cpu=74095.5s(+57.2s) ws=84MB hb={"stage": "build_arb_tau:start", "ts": "2026-09-29 21:27:31", "age_s": 4015.6}
[2026-09-29 22:35:26] pid=1420 ACTIVE cpu=74152.7s(+57.2s) ws=74MB hb={"stage": "build_arb_tau:start", "ts": "2026-09-29 21:27:31", "age_s": 4075.6}
[2026-09-29 22:36:26] pid=1420 ACTIVE cpu=74209.5s(+56.8s) ws=71MB hb={"stage": "build_arb_tau:start", "ts": "2026-09-29 21:27:31", "age_s": 4135.6}
[2026-09-29 22:37:26] pid=1420 ACTIVE cpu=74265.5s(+56.0s) ws=77MB hb={"stage": "build_arb_tau:start", "ts": "2026-09-29 21:27:31", "age_s": 4195.6}
[2026-09-29 22:38:26] pid=1420 ACTIVE cpu=74317.5s(+51.9s) ws=80MB hb={"stage": "build_arb_tau:start", "ts": "2026-09-29 21:27:31", "age_s": 4255.6}
[2026-09-29 22:39:26] pid=1420 ACTIVE cpu=74372.7s(+55.2s) ws=70MB hb={"stage": "build_arb_tau:start", "ts": "2026-09-29 21:27:31", "age_s": 4315.6}
[2026-09-29 22:40:26] pid=1420 ACTIVE cpu=74426.3s(+53.6s) ws=64MB hb={"stage": "build_arb_tau:start", "ts": "2026-09-29 21:27:31", "age_s": 4375.6}
[2026-09-29 22:41:26] pid=1420 ACTIVE cpu=74479.7s(+53.4s) ws=69MB hb={"stage": "build_arb_tau:start", "ts": "2026-09-29 21:27:31", "age_s": 4435.6}
[2026-09-29 22:42:26] pid=1420 ACTIVE cpu=74536.6s(+56.9s) ws=73MB hb={"stage": "build_arb_tau:start", "ts": "2026-09-29 21:27:31", "age_s": 4495.6}
[2026-09-29 22:43:26] pid=1420 ACTIVE cpu=74594.4s(+57.8s) ws=64MB hb={"stage": "build_arb_tau:start", "ts": "2026-09-29 21:27:31", "age_s": 4555.6}
[2026-09-29 22:44:26] pid=1420 ACTIVE cpu=74651.7s(+57.3s) ws=59MB hb={"stage": "build_arb_tau:start", "ts": "2026-09-29 21:27:31", "age_s": 4615.6}
[2026-09-29 22:45:26] pid=1420 ACTIVE cpu=74709.6s(+57.9s) ws=65MB hb={"stage": "build_arb_tau:start", "ts": "2026-09-29 21:27:31", "age_s": 4675.6}
[2026-09-29 22:46:26] pid=1420 ACTIVE cpu=74766.3s(+56.7s) ws=67MB hb={"stage": "build_arb_tau:start", "ts": "2026-09-29 21:27:31", "age_s": 4735.6}
[2026-09-29 22:47:26] pid=1420 ACTIVE cpu=74822.6s(+56.4s) ws=73MB hb={"stage": "build_arb_tau:start", "ts": "2026-09-29 21:27:31", "age_s": 4795.6}
[2026-09-29 22:48:26] pid=1420 ACTIVE cpu=74879.0s(+56.4s) ws=79MB hb={"stage": "build_arb_tau:start", "ts": "2026-09-29 21:27:31", "age_s": 4855.6}
[2026-09-29 22:49:26] pid=1420 ACTIVE cpu=74932.3s(+53.3s) ws=84MB hb={"stage": "build_arb_tau:start", "ts": "2026-09-29 21:27:31", "age_s": 4915.6}
[2026-09-29 22:50:26] pid=1420 ACTIVE cpu=74989.8s(+57.5s) ws=80MB hb={"stage": "build_arb_tau:start", "ts": "2026-09-29 21:27:31", "age_s": 4975.6}
[2026-09-29 22:51:26] pid=1420 ACTIVE cpu=75045.2s(+55.4s) ws=74MB hb={"stage": "build_arb_tau:start", "ts": "2026-09-29 21:27:31", "age_s": 5035.6}
[2026-09-29 22:52:26] pid=1420 ACTIVE cpu=75104.2s(+59.0s) ws=80MB hb={"stage": "build_arb_tau:start", "ts": "2026-09-29 21:27:31", "age_s": 5095.6}
[2026-09-29 22:53:26] pid=1420 ACTIVE cpu=75161.7s(+57.4s) ws=86MB hb={"stage": "build_arb_tau:start", "ts": "2026-09-29 21:27:31", "age_s": 5155.6}
[2026-09-29 22:54:26] pid=1420 ACTIVE cpu=75218.6s(+56.9s) ws=79MB hb={"stage": "build_arb_tau:start", "ts": "2026-09-29 21:27:31", "age_s": 5215.6}
[2026-09-29 22:55:26] pid=1420 ACTIVE cpu=75274.7s(+56.1s) ws=79MB hb={"stage": "build_arb_tau:start", "ts": "2026-09-29 21:27:31", "age_s": 5275.6}
[2026-09-29 22:56:26] pid=1420 ACTIVE cpu=75333.2s(+58.5s) ws=73MB hb={"stage": "build_arb_tau:start", "ts": "2026-09-29 21:27:31", "age_s": 5335.6}
[2026-09-29 22:57:26] pid=1420 ACTIVE cpu=75391.6s(+58.4s) ws=79MB hb={"stage": "build_arb_tau:start", "ts": "2026-09-29 21:27:31", "age_s": 5395.6}
[2026-09-29 22:58:26] pid=1420 ACTIVE cpu=75448.1s(+56.5s) ws=84MB hb={"stage": "build_arb_tau:start", "ts": "2026-09-29 21:27:31", "age_s": 5455.6}
[2026-09-29 22:59:26] pid=1420 ACTIVE cpu=75506.6s(+58.5s) ws=79MB hb={"stage": "build_arb_tau:start", "ts": "2026-09-29 21:27:31", "age_s": 5515.6}
[2026-09-29 23:00:26] pid=1420 ACTIVE cpu=75564.8s(+58.2s) ws=70MB hb={"stage": "build_arb_tau:start", "ts": "2026-09-29 21:27:31", "age_s": 5575.7}
[2026-09-29 23:01:26] pid=1420 ACTIVE cpu=75621.5s(+56.7s) ws=72MB hb={"stage": "build_arb_tau:start", "ts": "2026-09-29 21:27:31", "age_s": 5635.7}
[2026-09-29 23:02:26] pid=1420 ACTIVE cpu=75678.7s(+57.2s) ws=78MB hb={"stage": "build_arb_tau:start", "ts": "2026-09-29 21:27:31", "age_s": 5695.7}
[2026-09-29 23:03:26] pid=1420 ACTIVE cpu=75738.3s(+59.6s) ws=83MB hb={"stage": "build_arb_tau:start", "ts": "2026-09-29 21:27:31", "age_s": 5755.7}
[2026-09-29 23:04:26] pid=1420 ACTIVE cpu=75797.1s(+58.7s) ws=75MB hb={"stage": "build_arb_tau:start", "ts": "2026-09-29 21:27:31", "age_s": 5815.7}
[2026-09-29 23:05:26] pid=1420 ACTIVE cpu=75853.7s(+56.6s) ws=78MB hb={"stage": "build_arb_tau:start", "ts": "2026-09-29 21:27:31", "age_s": 5875.7}
[2026-09-29 23:06:26] pid=1420 ACTIVE cpu=75909.6s(+56.0s) ws=79MB hb={"stage": "build_arb_tau:start", "ts": "2026-09-29 21:27:31", "age_s": 5935.7}
[2026-09-29 23:07:26] pid=1420 ACTIVE cpu=75968.1s(+58.5s) ws=85MB hb={"stage": "build_arb_tau:start", "ts": "2026-09-29 21:27:31", "age_s": 5995.7}
[2026-09-29 23:08:26] pid=1420 ACTIVE cpu=76026.6s(+58.5s) ws=91MB hb={"stage": "build_arb_tau:start", "ts": "2026-09-29 21:27:31", "age_s": 6055.7}
[2026-09-29 23:09:26] pid=1420 ACTIVE cpu=76083.4s(+56.8s) ws=81MB hb={"stage": "build_arb_tau:start", "ts": "2026-09-29 21:27:31", "age_s": 6115.7}
[2026-09-29 23:10:26] pid=1420 ACTIVE cpu=76139.7s(+56.3s) ws=71MB hb={"stage": "build_arb_tau:start", "ts": "2026-09-29 21:27:31", "age_s": 6175.7}
[2026-09-29 23:11:26] pid=1420 ACTIVE cpu=76196.6s(+57.0s) ws=76MB hb={"stage": "build_arb_tau:start", "ts": "2026-09-29 21:27:31", "age_s": 6235.7}
[2026-09-29 23:12:26] pid=1420 ACTIVE cpu=76253.6s(+57.0s) ws=80MB hb={"stage": "build_arb_tau:start", "ts": "2026-09-29 21:27:31", "age_s": 6295.7}
[2026-09-29 23:13:26] pid=1420 ACTIVE cpu=76311.9s(+58.3s) ws=85MB hb={"stage": "build_arb_tau:start", "ts": "2026-09-29 21:27:31", "age_s": 6355.7}
[2026-09-29 23:14:26] pid=1420 ACTIVE cpu=76370.3s(+58.4s) ws=80MB hb={"stage": "build_arb_tau:start", "ts": "2026-09-29 21:27:31", "age_s": 6415.7}
[2026-09-29 23:15:26] pid=1420 ACTIVE cpu=76428.5s(+58.2s) ws=71MB hb={"stage": "build_arb_tau:start", "ts": "2026-09-29 21:27:31", "age_s": 6475.7}
[2026-09-29 23:16:26] pid=1420 ACTIVE cpu=76488.2s(+59.7s) ws=71MB hb={"stage": "build_arb_tau:start", "ts": "2026-09-29 21:27:31", "age_s": 6535.7}
[2026-09-29 23:17:26] pid=1420 ACTIVE cpu=76545.2s(+57.0s) ws=77MB hb={"stage": "build_arb_tau:start", "ts": "2026-09-29 21:27:31", "age_s": 6595.7}
[2026-09-29 23:18:26] pid=1420 ACTIVE cpu=76604.1s(+58.9s) ws=83MB hb={"stage": "build_arb_tau:start", "ts": "2026-09-29 21:27:31", "age_s": 6655.7}
[2026-09-29 23:19:26] pid=1420 ACTIVE cpu=76662.2s(+58.1s) ws=87MB hb={"stage": "build_arb_tau:start", "ts": "2026-09-29 21:27:31", "age_s": 6715.7}
[2026-09-29 23:20:26] pid=1420 ACTIVE cpu=76719.7s(+57.5s) ws=82MB hb={"stage": "build_arb_tau:start", "ts": "2026-09-29 21:27:31", "age_s": 6775.7}
[2026-09-29 23:21:26] pid=1420 ACTIVE cpu=76779.1s(+59.4s) ws=76MB hb={"stage": "build_arb_tau:start", "ts": "2026-09-29 21:27:31", "age_s": 6835.7}
[2026-09-29 23:22:26] pid=1420 ACTIVE cpu=76838.8s(+59.7s) ws=82MB hb={"stage": "build_arb_tau:start", "ts": "2026-09-29 21:27:31", "age_s": 6895.7}
[2026-09-29 23:23:26] pid=1420 ACTIVE cpu=76898.7s(+59.9s) ws=89MB hb={"stage": "build_arb_tau:start", "ts": "2026-09-29 21:27:31", "age_s": 6955.7}
[2026-09-29 23:24:26] pid=1420 ACTIVE cpu=76958.3s(+59.6s) ws=96MB hb={"stage": "build_arb_tau:start", "ts": "2026-09-29 21:27:31", "age_s": 7015.7}
[2026-09-29 23:25:26] pid=1420 ACTIVE cpu=77018.1s(+59.8s) ws=95MB hb={"stage": "build_arb_tau:start", "ts": "2026-09-29 21:27:31", "age_s": 7075.7}
[2026-09-29 23:26:26] pid=1420 ACTIVE cpu=77077.9s(+59.8s) ws=87MB hb={"stage": "build_arb_tau:start", "ts": "2026-09-29 21:27:31", "age_s": 7135.7}
[2026-09-29 23:27:26] pid=1420 ACTIVE cpu=77137.7s(+59.8s) ws=83MB hb={"stage": "build_arb_tau:start", "ts": "2026-09-29 21:27:31", "age_s": 7195.7}
[2026-09-29 23:28:26] pid=1420 ACTIVE cpu=77197.5s(+59.8s) ws=89MB hb={"stage": "build_arb_tau:start", "ts": "2026-09-29 21:27:31", "age_s": 7255.7}
[2026-09-29 23:29:26] pid=1420 ACTIVE cpu=77257.3s(+59.9s) ws=68MB hb={"stage": "build_arb_tau:start", "ts": "2026-09-29 21:27:31", "age_s": 7315.7}
[2026-09-29 23:30:26] pid=1420 ACTIVE cpu=77316.5s(+59.2s) ws=61MB hb={"stage": "build_arb_tau:start", "ts": "2026-09-29 21:27:31", "age_s": 7375.7}
[2026-09-29 23:31:26] pid=1420 ACTIVE cpu=77376.4s(+59.9s) ws=60MB hb={"stage": "build_arb_tau:start", "ts": "2026-09-29 21:27:31", "age_s": 7435.7}
[2026-09-29 23:32:26] pid=1420 ACTIVE cpu=77436.1s(+59.7s) ws=45MB hb={"stage": "build_arb_tau:start", "ts": "2026-09-29 21:27:31", "age_s": 7495.7}
[2026-09-29 23:33:26] pid=1420 ACTIVE cpu=77496.0s(+59.9s) ws=51MB hb={"stage": "build_arb_tau:start", "ts": "2026-09-29 21:27:31", "age_s": 7555.7}
[2026-09-29 23:34:26] pid=1420 ACTIVE cpu=77555.7s(+59.7s) ws=46MB hb={"stage": "build_arb_tau:start", "ts": "2026-09-29 21:27:31", "age_s": 7615.7}
[2026-09-29 23:35:26] pid=1420 ACTIVE cpu=77615.6s(+59.9s) ws=39MB hb={"stage": "build_arb_tau:start", "ts": "2026-09-29 21:27:31", "age_s": 7675.7}
[2026-09-29 23:36:26] pid=1420 ACTIVE cpu=77675.4s(+59.8s) ws=40MB hb={"stage": "build_arb_tau:start", "ts": "2026-09-29 21:27:31", "age_s": 7735.7}
[2026-09-29 23:37:26] pid=1420 ACTIVE cpu=77735.0s(+59.6s) ws=39MB hb={"stage": "build_arb_tau:start", "ts": "2026-09-29 21:27:31", "age_s": 7795.7}
[2026-09-29 23:38:26] pid=1420 ACTIVE cpu=77794.9s(+59.9s) ws=45MB hb={"stage": "build_arb_tau:start", "ts": "2026-09-29 21:27:31", "age_s": 7855.7}
[2026-09-29 23:39:26] pid=1420 ACTIVE cpu=77854.8s(+59.9s) ws=33MB hb={"stage": "build_arb_tau:start", "ts": "2026-09-29 21:27:31", "age_s": 7915.7}
[2026-09-29 23:40:26] pid=1420 ACTIVE cpu=77914.5s(+59.6s) ws=40MB hb={"stage": "build_arb_tau:start", "ts": "2026-09-29 21:27:31", "age_s": 7975.7}
[2026-09-29 23:41:26] pid=1420 ACTIVE cpu=77974.3s(+59.8s) ws=33MB hb={"stage": "build_arb_tau:start", "ts": "2026-09-29 21:27:31", "age_s": 8035.7}
[2026-09-29 23:42:26] pid=1420 ACTIVE cpu=78034.1s(+59.8s) ws=39MB hb={"stage": "build_arb_tau:start", "ts": "2026-09-29 21:27:31", "age_s": 8095.7}
[2026-09-29 23:43:26] pid=1420 ACTIVE cpu=78094.0s(+60.0s) ws=32MB hb={"stage": "build_arb_tau:start", "ts": "2026-09-29 21:27:31", "age_s": 8155.7}
[2026-09-29 23:44:26] pid=1420 ACTIVE cpu=78150.6s(+56.5s) ws=38MB hb={"stage": "build_arb_tau:start", "ts": "2026-09-29 21:27:31", "age_s": 8215.7}
[2026-09-29 23:45:26] pid=1420 ACTIVE cpu=78207.1s(+56.5s) ws=45MB hb={"stage": "build_arb_tau:start", "ts": "2026-09-29 21:27:31", "age_s": 8275.7}
[2026-09-29 23:46:26] pid=1420 ACTIVE cpu=78266.2s(+59.1s) ws=51MB hb={"stage": "build_arb_tau:start", "ts": "2026-09-29 21:27:31", "age_s": 8335.7}
[2026-09-29 23:47:26] pid=1420 ACTIVE cpu=78322.8s(+56.6s) ws=57MB hb={"stage": "build_arb_tau:start", "ts": "2026-09-29 21:27:31", "age_s": 8395.7}
[2026-09-29 23:48:26] pid=1420 ACTIVE cpu=78368.8s(+46.0s) ws=49MB hb={"stage": "build_arb_tau:start", "ts": "2026-09-29 21:27:31", "age_s": 8455.8}
[2026-09-29 23:49:26] pid=1420 ACTIVE cpu=78416.1s(+47.3s) ws=45MB hb={"stage": "build_arb_tau:start", "ts": "2026-09-29 21:27:31", "age_s": 8515.8}
[2026-09-29 23:50:26] pid=1420 ACTIVE cpu=78461.0s(+44.9s) ws=49MB hb={"stage": "build_arb_tau:start", "ts": "2026-09-29 21:27:31", "age_s": 8575.8}
[2026-09-29 23:51:26] pid=1420 ACTIVE cpu=78514.8s(+53.8s) ws=54MB hb={"stage": "build_arb_tau:start", "ts": "2026-09-29 21:27:31", "age_s": 8635.8}
[2026-09-29 23:52:26] pid=1420 ACTIVE cpu=78570.2s(+55.4s) ws=60MB hb={"stage": "build_arb_tau:start", "ts": "2026-09-29 21:27:31", "age_s": 8695.8}
[2026-09-29 23:53:26] pid=1420 ACTIVE cpu=78628.6s(+58.4s) ws=66MB hb={"stage": "build_arb_tau:start", "ts": "2026-09-29 21:27:31", "age_s": 8755.8}
[2026-09-29 23:54:26] pid=1420 ACTIVE cpu=78684.4s(+55.8s) ws=72MB hb={"stage": "build_arb_tau:start", "ts": "2026-09-29 21:27:31", "age_s": 8815.8}
[2026-09-29 23:55:26] pid=1420 ACTIVE cpu=78742.6s(+58.1s) ws=66MB hb={"stage": "build_arb_tau:start", "ts": "2026-09-29 21:27:31", "age_s": 8875.8}
[2026-09-29 23:56:26] pid=1420 ACTIVE cpu=78800.5s(+57.9s) ws=59MB hb={"stage": "build_arb_tau:start", "ts": "2026-09-29 21:27:31", "age_s": 8935.8}
[2026-09-29 23:57:26] pid=1420 ACTIVE cpu=78858.3s(+57.8s) ws=53MB hb={"stage": "build_arb_tau:start", "ts": "2026-09-29 21:27:31", "age_s": 8995.8}
[2026-09-29 23:58:26] pid=1420 ACTIVE cpu=78914.2s(+55.9s) ws=57MB hb={"stage": "build_arb_tau:start", "ts": "2026-09-29 21:27:31", "age_s": 9055.8}
[2026-09-29 23:59:26] pid=1420 ACTIVE cpu=78973.1s(+58.9s) ws=63MB hb={"stage": "build_arb_tau:start", "ts": "2026-09-29 21:27:31", "age_s": 9115.8}
[2026-09-30 00:00:26] pid=1420 ACTIVE cpu=79030.6s(+57.5s) ws=69MB hb={"stage": "build_arb_tau:start", "ts": "2026-09-29 21:27:31", "age_s": 9175.8}
[2026-09-30 00:01:26] pid=1420 ACTIVE cpu=79090.3s(+59.7s) ws=76MB hb={"stage": "build_arb_tau:start", "ts": "2026-09-29 21:27:31", "age_s": 9235.8}
[2026-09-30 00:02:26] pid=1420 ACTIVE cpu=79149.5s(+59.2s) ws=82MB hb={"stage": "build_arb_tau:start", "ts": "2026-09-29 21:27:31", "age_s": 9295.8}
[2026-09-30 00:03:26] pid=1420 ACTIVE cpu=79209.1s(+59.6s) ws=83MB hb={"stage": "build_arb_tau:start", "ts": "2026-09-29 21:27:31", "age_s": 9355.8}
[2026-09-30 00:04:26] pid=1420 ACTIVE cpu=79268.5s(+59.4s) ws=73MB hb={"stage": "build_arb_tau:start", "ts": "2026-09-29 21:27:31", "age_s": 9415.8}
[2026-09-30 00:05:26] pid=1420 ACTIVE cpu=79327.8s(+59.3s) ws=65MB hb={"stage": "build_arb_tau:start", "ts": "2026-09-29 21:27:31", "age_s": 9475.8}
[2026-09-30 00:06:26] pid=1420 ACTIVE cpu=79387.3s(+59.5s) ws=58MB hb={"stage": "build_arb_tau:start", "ts": "2026-09-29 21:27:31", "age_s": 9535.8}
[2026-09-30 00:07:26] pid=1420 ACTIVE cpu=79446.1s(+58.8s) ws=59MB hb={"stage": "build_arb_tau:start", "ts": "2026-09-29 21:27:31", "age_s": 9595.8}
[2026-09-30 00:08:26] pid=1420 ACTIVE cpu=79501.3s(+55.2s) ws=65MB hb={"stage": "build_arb_tau:start", "ts": "2026-09-29 21:27:31", "age_s": 9655.8}
[2026-09-30 00:09:26] pid=1420 ACTIVE cpu=79559.8s(+58.5s) ws=71MB hb={"stage": "build_arb_tau:start", "ts": "2026-09-29 21:27:31", "age_s": 9715.8}
[2026-09-30 00:10:26] pid=1420 ACTIVE cpu=79618.8s(+59.0s) ws=77MB hb={"stage": "build_arb_tau:start", "ts": "2026-09-29 21:27:31", "age_s": 9775.8}
[2026-09-30 00:11:26] pid=1420 ACTIVE cpu=79676.9s(+58.1s) ws=83MB hb={"stage": "build_arb_tau:start", "ts": "2026-09-29 21:27:31", "age_s": 9835.8}
[2026-09-30 00:12:26] pid=1420 ACTIVE cpu=79736.7s(+59.8s) ws=89MB hb={"stage": "build_arb_tau:start", "ts": "2026-09-29 21:27:31", "age_s": 9895.8}
[2026-09-30 00:13:26] pid=1420 ACTIVE cpu=79796.6s(+60.0s) ws=79MB hb={"stage": "build_arb_tau:start", "ts": "2026-09-29 21:27:31", "age_s": 9955.8}
[2026-09-30 00:14:26] pid=1420 ACTIVE cpu=79856.6s(+59.9s) ws=70MB hb={"stage": "build_arb_tau:start", "ts": "2026-09-29 21:27:31", "age_s": 10015.8}
[2026-09-30 00:15:26] pid=1420 ACTIVE cpu=79916.4s(+59.8s) ws=63MB hb={"stage": "build_arb_tau:start", "ts": "2026-09-29 21:27:31", "age_s": 10075.8}
[2026-09-30 00:16:26] pid=1420 ACTIVE cpu=79976.2s(+59.9s) ws=62MB hb={"stage": "build_arb_tau:start", "ts": "2026-09-29 21:27:31", "age_s": 10135.8}
[2026-09-30 00:17:26] pid=1420 ACTIVE cpu=80032.2s(+56.0s) ws=69MB hb={"stage": "build_arb_tau:start", "ts": "2026-09-29 21:27:31", "age_s": 10195.8}
[2026-09-30 00:18:26] pid=1420 ACTIVE cpu=80091.4s(+59.2s) ws=76MB hb={"stage": "build_arb_tau:start", "ts": "2026-09-29 21:27:31", "age_s": 10255.8}
[2026-09-30 00:19:26] pid=1420 ACTIVE cpu=80151.1s(+59.7s) ws=82MB hb={"stage": "build_arb_tau:start", "ts": "2026-09-29 21:27:31", "age_s": 10315.8}
[2026-09-30 00:20:26] pid=1420 ACTIVE cpu=80210.8s(+59.7s) ws=56MB hb={"stage": "build_arb_tau:start", "ts": "2026-09-29 21:27:31", "age_s": 10375.8}
[2026-09-30 00:21:26] pid=1420 ACTIVE cpu=80270.8s(+60.0s) ws=38MB hb={"stage": "build_arb_tau:start", "ts": "2026-09-29 21:27:31", "age_s": 10435.8}
[2026-09-30 00:22:26] pid=1420 ACTIVE cpu=80330.7s(+59.9s) ws=45MB hb={"stage": "build_arb_tau:start", "ts": "2026-09-29 21:27:31", "age_s": 10495.8}
[2026-09-30 00:23:26] pid=1420 ACTIVE cpu=80390.6s(+59.9s) ws=34MB hb={"stage": "build_arb_tau:start", "ts": "2026-09-29 21:27:31", "age_s": 10555.8}
[2026-09-30 00:24:26] pid=1420 ACTIVE cpu=80450.6s(+60.0s) ws=41MB hb={"stage": "build_arb_tau:start", "ts": "2026-09-29 21:27:31", "age_s": 10615.8}
[2026-09-30 00:25:26] pid=1420 ACTIVE cpu=80510.6s(+60.0s) ws=33MB hb={"stage": "build_arb_tau:start", "ts": "2026-09-29 21:27:31", "age_s": 10675.8}
[2026-09-30 00:26:26] pid=1420 ACTIVE cpu=80570.4s(+59.9s) ws=39MB hb={"stage": "build_arb_tau:start", "ts": "2026-09-29 21:27:31", "age_s": 10735.9}
[2026-09-30 00:27:26] pid=1420 ACTIVE cpu=80630.3s(+59.9s) ws=39MB hb={"stage": "build_arb_tau:start", "ts": "2026-09-29 21:27:31", "age_s": 10795.9}
[2026-09-30 00:28:26] pid=1420 ACTIVE cpu=80690.3s(+60.0s) ws=37MB hb={"stage": "build_arb_tau:start", "ts": "2026-09-29 21:27:31", "age_s": 10855.9}
[2026-09-30 00:29:26] pid=1420 ACTIVE cpu=80750.3s(+60.0s) ws=36MB hb={"stage": "build_arb_tau:start", "ts": "2026-09-29 21:27:31", "age_s": 10915.9}
[2026-09-30 00:30:26] pid=1420 ACTIVE cpu=80810.2s(+60.0s) ws=37MB hb={"stage": "build_arb_tau:start", "ts": "2026-09-29 21:27:31", "age_s": 10975.9}
[2026-09-30 00:31:26] pid=1420 ACTIVE cpu=80870.2s(+60.0s) ws=33MB hb={"stage": "build_arb_tau:start", "ts": "2026-09-29 21:27:31", "age_s": 11035.9}
[2026-09-30 00:32:26] pid=1420 ACTIVE cpu=80930.2s(+60.0s) ws=38MB hb={"stage": "build_arb_tau:start", "ts": "2026-09-29 21:27:31", "age_s": 11095.9}
[2026-09-30 00:33:26] pid=1420 ACTIVE cpu=80990.2s(+60.0s) ws=32MB hb={"stage": "build_arb_tau:start", "ts": "2026-09-29 21:27:31", "age_s": 11155.9}
[2026-09-30 00:34:26] pid=1420 ACTIVE cpu=81050.1s(+60.0s) ws=39MB hb={"stage": "build_arb_tau:start", "ts": "2026-09-29 21:27:31", "age_s": 11215.9}
[2026-09-30 00:35:26] pid=1420 ACTIVE cpu=81110.1s(+60.0s) ws=33MB hb={"stage": "build_arb_tau:start", "ts": "2026-09-29 21:27:31", "age_s": 11275.9}
[2026-09-30 00:36:26] pid=1420 ACTIVE cpu=81170.1s(+60.0s) ws=40MB hb={"stage": "build_arb_tau:start", "ts": "2026-09-29 21:27:31", "age_s": 11335.9}
[2026-09-30 00:37:26] pid=1420 ACTIVE cpu=81229.9s(+59.9s) ws=32MB hb={"stage": "build_arb_tau:start", "ts": "2026-09-29 21:27:31", "age_s": 11395.9}
[2026-09-30 00:38:26] pid=1420 ACTIVE cpu=81289.9s(+60.0s) ws=39MB hb={"stage": "build_arb_tau:start", "ts": "2026-09-29 21:27:31", "age_s": 11455.9}
[2026-09-30 00:39:26] pid=1420 ACTIVE cpu=81349.8s(+60.0s) ws=33MB hb={"stage": "build_arb_tau:start", "ts": "2026-09-29 21:27:31", "age_s": 11515.9}
[2026-09-30 00:40:26] pid=1420 ACTIVE cpu=81409.8s(+60.0s) ws=40MB hb={"stage": "build_arb_tau:start", "ts": "2026-09-29 21:27:31", "age_s": 11575.9}
[2026-09-30 00:41:26] pid=1420 ACTIVE cpu=81469.8s(+60.0s) ws=34MB hb={"stage": "build_arb_tau:start", "ts": "2026-09-29 21:27:31", "age_s": 11635.9}
[2026-09-30 00:42:26] pid=1420 ACTIVE cpu=81529.7s(+59.9s) ws=41MB hb={"stage": "build_arb_tau:start", "ts": "2026-09-29 21:27:31", "age_s": 11695.9}
[2026-09-30 00:43:26] pid=1420 ACTIVE cpu=81589.7s(+60.0s) ws=34MB hb={"stage": "build_arb_tau:start", "ts": "2026-09-29 21:27:31", "age_s": 11755.9}
[2026-09-30 00:44:26] pid=1420 ACTIVE cpu=81649.7s(+60.0s) ws=41MB hb={"stage": "build_arb_tau:start", "ts": "2026-09-29 21:27:31", "age_s": 11815.9}
[2026-09-30 00:45:26] pid=1420 ACTIVE cpu=81707.7s(+58.0s) ws=34MB hb={"stage": "build_arb_tau:start", "ts": "2026-09-29 21:27:31", "age_s": 11875.9}
[2026-09-30 00:46:26] pid=1420 ACTIVE cpu=81766.3s(+58.6s) ws=41MB hb={"stage": "build_arb_tau:start", "ts": "2026-09-29 21:27:31", "age_s": 11935.9}
[2026-09-30 00:47:26] pid=1420 ACTIVE cpu=81826.0s(+59.7s) ws=35MB hb={"stage": "build_arb_tau:start", "ts": "2026-09-29 21:27:31", "age_s": 11995.9}
[2026-09-30 00:48:26] pid=1420 ACTIVE cpu=81886.0s(+60.0s) ws=42MB hb={"stage": "build_arb_tau:start", "ts": "2026-09-29 21:27:31", "age_s": 12055.9}
[2026-09-30 00:49:26] pid=1420 ACTIVE cpu=81946.0s(+60.0s) ws=35MB hb={"stage": "build_arb_tau:start", "ts": "2026-09-29 21:27:31", "age_s": 12115.9}
[2026-09-30 00:50:26] pid=1420 ACTIVE cpu=82004.8s(+58.9s) ws=42MB hb={"stage": "build_arb_tau:start", "ts": "2026-09-29 21:27:31", "age_s": 12175.9}
[2026-09-30 00:51:26] pid=1420 ACTIVE cpu=82064.8s(+60.0s) ws=49MB hb={"stage": "build_arb_tau:start", "ts": "2026-09-29 21:27:31", "age_s": 12235.9}
[2026-09-30 00:52:26] pid=1420 ACTIVE cpu=82124.7s(+59.9s) ws=56MB hb={"stage": "build_arb_tau:start", "ts": "2026-09-29 21:27:31", "age_s": 12295.9}
[2026-09-30 00:53:26] pid=1420 ACTIVE cpu=82184.6s(+59.9s) ws=62MB hb={"stage": "build_arb_tau:start", "ts": "2026-09-29 21:27:31", "age_s": 12355.9}
[2026-09-30 00:54:26] pid=1420 ACTIVE cpu=82244.3s(+59.7s) ws=67MB hb={"stage": "build_arb_tau:start", "ts": "2026-09-29 21:27:31", "age_s": 12415.9}
[2026-09-30 00:55:26] pid=1420 ACTIVE cpu=82304.3s(+60.0s) ws=58MB hb={"stage": "build_arb_tau:start", "ts": "2026-09-29 21:27:31", "age_s": 12475.9}
[2026-09-30 00:56:26] pid=1420 ACTIVE cpu=82364.2s(+59.9s) ws=36MB hb={"stage": "build_arb_tau:start", "ts": "2026-09-29 21:27:31", "age_s": 12535.9}
[2026-09-30 00:57:26] pid=1420 ACTIVE cpu=82424.1s(+59.8s) ws=43MB hb={"stage": "build_arb_tau:start", "ts": "2026-09-29 21:27:31", "age_s": 12595.9}
[2026-09-30 00:58:26] pid=1420 ACTIVE cpu=82484.0s(+60.0s) ws=33MB hb={"stage": "build_arb_tau:start", "ts": "2026-09-29 21:27:31", "age_s": 12655.9}
[2026-09-30 00:59:26] pid=1420 ACTIVE cpu=82544.0s(+60.0s) ws=39MB hb={"stage": "build_arb_tau:start", "ts": "2026-09-29 21:27:31", "age_s": 12715.9}
[2026-09-30 01:00:26] pid=1420 ACTIVE cpu=82604.0s(+60.0s) ws=32MB hb={"stage": "build_arb_tau:start", "ts": "2026-09-29 21:27:31", "age_s": 12775.9}
[2026-09-30 01:01:26] pid=1420 ACTIVE cpu=82663.9s(+59.9s) ws=39MB hb={"stage": "build_arb_tau:start", "ts": "2026-09-29 21:27:31", "age_s": 12835.9}
[2026-09-30 01:02:26] pid=1420 ACTIVE cpu=82723.8s(+60.0s) ws=33MB hb={"stage": "build_arb_tau:start", "ts": "2026-09-29 21:27:31", "age_s": 12895.9}
[2026-09-30 01:03:26] pid=1420 ACTIVE cpu=82783.4s(+59.5s) ws=40MB hb={"stage": "build_arb_tau:start", "ts": "2026-09-29 21:27:31", "age_s": 12955.9}
[2026-09-30 01:04:26] pid=1420 ACTIVE cpu=82843.3s(+60.0s) ws=33MB hb={"stage": "build_arb_tau:start", "ts": "2026-09-29 21:27:31", "age_s": 13015.9}
[2026-09-30 01:05:26] pid=1420 ACTIVE cpu=82903.3s(+59.9s) ws=40MB hb={"stage": "build_arb_tau:start", "ts": "2026-09-29 21:27:31", "age_s": 13075.9}
[2026-09-30 01:06:26] pid=1420 ACTIVE cpu=82963.2s(+60.0s) ws=34MB hb={"stage": "build_arb_tau:start", "ts": "2026-09-29 21:27:31", "age_s": 13135.9}
[2026-09-30 01:07:26] pid=1420 ACTIVE cpu=83023.1s(+59.9s) ws=41MB hb={"stage": "build_arb_tau:start", "ts": "2026-09-29 21:27:31", "age_s": 13195.9}
[2026-09-30 01:08:26] pid=1420 ACTIVE cpu=83083.1s(+60.0s) ws=35MB hb={"stage": "build_arb_tau:start", "ts": "2026-09-29 21:27:31", "age_s": 13255.9}
[2026-09-30 01:09:26] pid=1420 ACTIVE cpu=83143.0s(+59.9s) ws=42MB hb={"stage": "build_arb_tau:start", "ts": "2026-09-29 21:27:31", "age_s": 13315.9}
[2026-09-30 01:10:26] pid=1420 ACTIVE cpu=83202.9s(+59.9s) ws=35MB hb={"stage": "build_arb_tau:start", "ts": "2026-09-29 21:27:31", "age_s": 13375.9}
[2026-09-30 01:11:26] pid=1420 ACTIVE cpu=83262.9s(+60.0s) ws=40MB hb={"stage": "build_arb_tau:start", "ts": "2026-09-29 21:27:31", "age_s": 13435.9}
[2026-09-30 01:12:26] pid=1420 ACTIVE cpu=83321.3s(+58.5s) ws=35MB hb={"stage": "build_arb_tau:start", "ts": "2026-09-29 21:27:31", "age_s": 13495.9}
[2026-09-30 01:13:26] pid=1420 ACTIVE cpu=83381.1s(+59.8s) ws=38MB hb={"stage": "build_arb_tau:start", "ts": "2026-09-29 21:27:31", "age_s": 13555.9}
[2026-09-30 01:14:26] pid=1420 ACTIVE cpu=83440.5s(+59.4s) ws=35MB hb={"stage": "build_arb_tau:start", "ts": "2026-09-29 21:27:31", "age_s": 13615.9}
[2026-09-30 01:15:26] pid=1420 ACTIVE cpu=83500.2s(+59.7s) ws=38MB hb={"stage": "build_arb_tau:start", "ts": "2026-09-29 21:27:31", "age_s": 13675.9}
[2026-09-30 01:16:26] pid=1420 ACTIVE cpu=83560.0s(+59.8s) ws=35MB hb={"stage": "build_arb_tau:start", "ts": "2026-09-29 21:27:31", "age_s": 13735.9}
[2026-09-30 01:17:26] pid=1420 ACTIVE cpu=83619.6s(+59.6s) ws=35MB hb={"stage": "build_arb_tau:start", "ts": "2026-09-29 21:27:31", "age_s": 13795.9}
[2026-09-30 01:18:26] pid=1420 ACTIVE cpu=83679.2s(+59.6s) ws=37MB hb={"stage": "build_arb_tau:start", "ts": "2026-09-29 21:27:31", "age_s": 13855.9}
[2026-09-30 01:19:26] pid=1420 ACTIVE cpu=83738.8s(+59.6s) ws=31MB hb={"stage": "build_arb_tau:start", "ts": "2026-09-29 21:27:31", "age_s": 13915.9}
[2026-09-30 01:20:26] pid=1420 ACTIVE cpu=83798.5s(+59.6s) ws=37MB hb={"stage": "build_arb_tau:start", "ts": "2026-09-29 21:27:31", "age_s": 13975.9}
[2026-09-30 01:21:26] pid=1420 ACTIVE cpu=83858.2s(+59.8s) ws=31MB hb={"stage": "build_arb_tau:start", "ts": "2026-09-29 21:27:31", "age_s": 14035.9}
[2026-09-30 01:22:26] pid=1420 ACTIVE cpu=83917.9s(+59.6s) ws=38MB hb={"stage": "build_arb_tau:start", "ts": "2026-09-29 21:27:31", "age_s": 14095.9}
[2026-09-30 01:23:26] pid=1420 ACTIVE cpu=83977.6s(+59.7s) ws=33MB hb={"stage": "build_arb_tau:start", "ts": "2026-09-29 21:27:31", "age_s": 14155.9}
[2026-09-30 01:24:26] pid=1420 ACTIVE cpu=84037.3s(+59.7s) ws=39MB hb={"stage": "build_arb_tau:start", "ts": "2026-09-29 21:27:31", "age_s": 14215.9}
[2026-09-30 01:25:26] pid=1420 ACTIVE cpu=84097.0s(+59.8s) ws=33MB hb={"stage": "build_arb_tau:start", "ts": "2026-09-29 21:27:31", "age_s": 14275.9}
[2026-09-30 01:26:26] pid=1420 ACTIVE cpu=84156.9s(+59.8s) ws=39MB hb={"stage": "build_arb_tau:start", "ts": "2026-09-29 21:27:31", "age_s": 14335.9}
[2026-09-30 01:27:26] pid=1420 ACTIVE cpu=84216.5s(+59.7s) ws=34MB hb={"stage": "build_arb_tau:start", "ts": "2026-09-29 21:27:31", "age_s": 14395.9}
[2026-09-30 01:28:26] pid=1420 ACTIVE cpu=84276.2s(+59.7s) ws=36MB hb={"stage": "build_arb_tau:start", "ts": "2026-09-29 21:27:31", "age_s": 14455.9}
[2026-09-30 01:29:26] pid=1420 ACTIVE cpu=84335.8s(+59.6s) ws=35MB hb={"stage": "build_arb_tau:start", "ts": "2026-09-29 21:27:31", "age_s": 14515.9}
[2026-09-30 01:30:26] pid=1420 ACTIVE cpu=84395.5s(+59.7s) ws=34MB hb={"stage": "build_arb_tau:start", "ts": "2026-09-29 21:27:31", "age_s": 14575.9}
[2026-09-30 01:31:26] pid=1420 ACTIVE cpu=84455.2s(+59.7s) ws=36MB hb={"stage": "build_arb_tau:start", "ts": "2026-09-29 21:27:31", "age_s": 14635.9}
[2026-09-30 01:32:26] pid=1420 ACTIVE cpu=84514.8s(+59.6s) ws=31MB hb={"stage": "build_arb_tau:start", "ts": "2026-09-29 21:27:31", "age_s": 14695.9}
[2026-09-30 01:33:26] pid=1420 ACTIVE cpu=84574.5s(+59.8s) ws=37MB hb={"stage": "build_arb_tau:start", "ts": "2026-09-29 21:27:31", "age_s": 14755.9}
[2026-09-30 01:34:26] pid=1420 ACTIVE cpu=84634.2s(+59.7s) ws=31MB hb={"stage": "build_arb_tau:start", "ts": "2026-09-29 21:27:31", "age_s": 14815.9}
[2026-09-30 01:35:26] pid=1420 ACTIVE cpu=84693.8s(+59.6s) ws=38MB hb={"stage": "build_arb_tau:start", "ts": "2026-09-29 21:27:31", "age_s": 14875.9}
[2026-09-30 01:36:26] pid=1420 ACTIVE cpu=84753.5s(+59.7s) ws=32MB hb={"stage": "build_arb_tau:start", "ts": "2026-09-29 21:27:31", "age_s": 14935.9}
[2026-09-30 01:37:26] pid=1420 ACTIVE cpu=84813.3s(+59.8s) ws=38MB hb={"stage": "build_arb_tau:start", "ts": "2026-09-29 21:27:31", "age_s": 14995.9}
[2026-09-30 01:38:26] pid=1420 ACTIVE cpu=84872.9s(+59.6s) ws=33MB hb={"stage": "build_arb_tau:start", "ts": "2026-09-29 21:27:31", "age_s": 15055.9}
[2026-09-30 01:39:26] pid=1420 ACTIVE cpu=84932.6s(+59.7s) ws=40MB hb={"stage": "build_arb_tau:start", "ts": "2026-09-29 21:27:31", "age_s": 15115.9}
[2026-09-30 01:40:26] pid=1420 ACTIVE cpu=84992.4s(+59.8s) ws=34MB hb={"stage": "build_arb_tau:start", "ts": "2026-09-29 21:27:31", "age_s": 15175.9}
[2026-09-30 01:41:26] pid=1420 ACTIVE cpu=85052.2s(+59.8s) ws=36MB hb={"stage": "build_arb_tau:start", "ts": "2026-09-29 21:27:31", "age_s": 15235.9}
[2026-09-30 01:42:26] pid=1420 ACTIVE cpu=85111.8s(+59.6s) ws=35MB hb={"stage": "build_arb_tau:start", "ts": "2026-09-29 21:27:31", "age_s": 15295.9}
[2026-09-30 01:43:26] pid=1420 ACTIVE cpu=85171.5s(+59.8s) ws=32MB hb={"stage": "build_arb_tau:start", "ts": "2026-09-29 21:27:31", "age_s": 15355.9}
[2026-09-30 01:44:26] pid=1420 ACTIVE cpu=85231.3s(+59.8s) ws=37MB hb={"stage": "build_arb_tau:start", "ts": "2026-09-29 21:27:31", "age_s": 15415.9}
[2026-09-30 01:45:26] pid=1420 ACTIVE cpu=85290.9s(+59.6s) ws=31MB hb={"stage": "build_arb_tau:start", "ts": "2026-09-29 21:27:31", "age_s": 15475.9}
[2026-09-30 01:46:26] pid=1420 ACTIVE cpu=85350.7s(+59.8s) ws=37MB hb={"stage": "build_arb_tau:start", "ts": "2026-09-29 21:27:31", "age_s": 15535.9}
[2026-09-30 01:47:26] pid=1420 ACTIVE cpu=85410.5s(+59.7s) ws=33MB hb={"stage": "build_arb_tau:start", "ts": "2026-09-29 21:27:31", "age_s": 15595.9}
[2026-09-30 01:48:26] pid=1420 ACTIVE cpu=85470.2s(+59.7s) ws=39MB hb={"stage": "build_arb_tau:start", "ts": "2026-09-29 21:27:31", "age_s": 15656.0}
[2026-09-30 01:49:26] pid=1420 ACTIVE cpu=85529.9s(+59.7s) ws=34MB hb={"stage": "build_arb_tau:start", "ts": "2026-09-29 21:27:31", "age_s": 15716.0}
[2026-09-30 01:50:26] pid=1420 ACTIVE cpu=85589.5s(+59.6s) ws=35MB hb={"stage": "build_arb_tau:start", "ts": "2026-09-29 21:27:31", "age_s": 15776.0}
[2026-09-30 01:51:26] pid=1420 ACTIVE cpu=85649.2s(+59.7s) ws=36MB hb={"stage": "build_arb_tau:start", "ts": "2026-09-29 21:27:31", "age_s": 15836.0}
[2026-09-30 01:52:26] pid=1420 ACTIVE cpu=85708.7s(+59.5s) ws=33MB hb={"stage": "build_arb_tau:start", "ts": "2026-09-29 21:27:31", "age_s": 15896.0}
[2026-09-30 01:53:26] pid=1420 ACTIVE cpu=85768.3s(+59.6s) ws=37MB hb={"stage": "build_arb_tau:start", "ts": "2026-09-29 21:27:31", "age_s": 15956.0}
[2026-09-30 01:54:26] pid=1420 ACTIVE cpu=85827.9s(+59.6s) ws=31MB hb={"stage": "build_arb_tau:start", "ts": "2026-09-29 21:27:31", "age_s": 16016.0}
[2026-09-30 01:55:26] pid=1420 ACTIVE cpu=85887.4s(+59.5s) ws=37MB hb={"stage": "build_arb_tau:start", "ts": "2026-09-29 21:27:31", "age_s": 16076.0}
[2026-09-30 01:56:26] pid=1420 ACTIVE cpu=85947.1s(+59.8s) ws=31MB hb={"stage": "build_arb_tau:start", "ts": "2026-09-29 21:27:31", "age_s": 16136.0}
[2026-09-30 01:57:26] pid=1420 ACTIVE cpu=86006.2s(+59.1s) ws=38MB hb={"stage": "build_arb_tau:start", "ts": "2026-09-29 21:27:31", "age_s": 16196.0}
[2026-09-30 01:58:26] pid=1420 ACTIVE cpu=86066.0s(+59.8s) ws=32MB hb={"stage": "build_arb_tau:start", "ts": "2026-09-29 21:27:31", "age_s": 16256.0}
[2026-09-30 01:59:26] pid=1420 ACTIVE cpu=86125.0s(+59.0s) ws=39MB hb={"stage": "build_arb_tau:start", "ts": "2026-09-29 21:27:31", "age_s": 16316.0}
[2026-09-30 02:00:26] pid=1420 ACTIVE cpu=86184.7s(+59.7s) ws=32MB hb={"stage": "build_arb_tau:start", "ts": "2026-09-29 21:27:31", "age_s": 16376.0}
[2026-09-30 02:01:26] pid=1420 ACTIVE cpu=86244.3s(+59.7s) ws=38MB hb={"stage": "build_arb_tau:start", "ts": "2026-09-29 21:27:31", "age_s": 16436.0}
[2026-09-30 02:02:26] pid=1420 ACTIVE cpu=86303.9s(+59.6s) ws=34MB hb={"stage": "build_arb_tau:start", "ts": "2026-09-29 21:27:31", "age_s": 16496.0}
[2026-09-30 02:03:26] pid=1420 ACTIVE cpu=86363.5s(+59.6s) ws=33MB hb={"stage": "build_arb_tau:start", "ts": "2026-09-29 21:27:31", "age_s": 16556.0}
[2026-09-30 02:04:26] pid=1420 ACTIVE cpu=86422.6s(+59.1s) ws=35MB hb={"stage": "build_arb_tau:start", "ts": "2026-09-29 21:27:31", "age_s": 16616.0}
[2026-09-30 02:05:26] pid=1420 ACTIVE cpu=86482.3s(+59.7s) ws=31MB hb={"stage": "build_arb_tau:start", "ts": "2026-09-29 21:27:31", "age_s": 16676.0}
[2026-09-30 02:06:26] pid=1420 ACTIVE cpu=86542.1s(+59.8s) ws=37MB hb={"stage": "build_arb_tau:start", "ts": "2026-09-29 21:27:31", "age_s": 16736.0}
[2026-09-30 02:07:26] pid=1420 ACTIVE cpu=86601.8s(+59.7s) ws=31MB hb={"stage": "build_arb_tau:start", "ts": "2026-09-29 21:27:31", "age_s": 16796.0}
[2026-09-30 02:08:26] pid=1420 ACTIVE cpu=86661.5s(+59.7s) ws=38MB hb={"stage": "build_arb_tau:start", "ts": "2026-09-29 21:27:31", "age_s": 16856.0}
[2026-09-30 02:09:26] pid=1420 ACTIVE cpu=86721.2s(+59.7s) ws=32MB hb={"stage": "build_arb_tau:start", "ts": "2026-09-29 21:27:31", "age_s": 16916.0}
[2026-09-30 02:10:26] pid=1420 ACTIVE cpu=86781.0s(+59.8s) ws=38MB hb={"stage": "build_arb_tau:start", "ts": "2026-09-29 21:27:31", "age_s": 16976.0}
[2026-09-30 02:11:26] pid=1420 ACTIVE cpu=86840.8s(+59.8s) ws=33MB hb={"stage": "build_arb_tau:start", "ts": "2026-09-29 21:27:31", "age_s": 17036.0}
[2026-09-30 02:12:26] pid=1420 ACTIVE cpu=86900.5s(+59.7s) ws=34MB hb={"stage": "build_arb_tau:start", "ts": "2026-09-29 21:27:31", "age_s": 17096.0}
[2026-09-30 02:13:26] pid=1420 ACTIVE cpu=86959.2s(+58.6s) ws=35MB hb={"stage": "build_arb_tau:start", "ts": "2026-09-29 21:27:31", "age_s": 17156.0}
[2026-09-30 02:14:26] pid=1420 ACTIVE cpu=87018.8s(+59.6s) ws=37MB hb={"stage": "build_arb_tau:start", "ts": "2026-09-29 21:27:31", "age_s": 17216.0}
[2026-09-30 02:15:26] pid=1420 ACTIVE cpu=87078.5s(+59.7s) ws=36MB hb={"stage": "build_arb_tau:start", "ts": "2026-09-29 21:27:31", "age_s": 17276.0}
[2026-09-30 02:16:26] pid=1420 ACTIVE cpu=87138.2s(+59.7s) ws=31MB hb={"stage": "build_arb_tau:start", "ts": "2026-09-29 21:27:31", "age_s": 17336.0}
[2026-09-30 02:17:26] pid=1420 ACTIVE cpu=87197.9s(+59.7s) ws=36MB hb={"stage": "build_arb_tau:start", "ts": "2026-09-29 21:27:31", "age_s": 17396.0}
[2026-09-30 02:18:26] pid=1420 ACTIVE cpu=87257.4s(+59.5s) ws=31MB hb={"stage": "build_arb_tau:start", "ts": "2026-09-29 21:27:31", "age_s": 17456.0}
[2026-09-30 02:19:26] pid=1420 ACTIVE cpu=87317.1s(+59.7s) ws=38MB hb={"stage": "build_arb_tau:start", "ts": "2026-09-29 21:27:31", "age_s": 17516.0}
[2026-09-30 02:20:26] pid=1420 ACTIVE cpu=87376.8s(+59.7s) ws=33MB hb={"stage": "build_arb_tau:start", "ts": "2026-09-29 21:27:31", "age_s": 17576.0}
[2026-09-30 02:21:26] pid=1420 ACTIVE cpu=87436.5s(+59.7s) ws=38MB hb={"stage": "build_arb_tau:start", "ts": "2026-09-29 21:27:31", "age_s": 17636.0}
[2026-09-30 02:22:26] pid=1420 ACTIVE cpu=87496.2s(+59.7s) ws=34MB hb={"stage": "build_arb_tau:start", "ts": "2026-09-29 21:27:31", "age_s": 17696.0}
[2026-09-30 02:23:26] pid=1420 ACTIVE cpu=87555.9s(+59.7s) ws=35MB hb={"stage": "build_arb_tau:start", "ts": "2026-09-29 21:27:31", "age_s": 17756.0}
[2026-09-30 02:24:26] pid=1420 ACTIVE cpu=87615.6s(+59.7s) ws=35MB hb={"stage": "build_arb_tau:start", "ts": "2026-09-29 21:27:31", "age_s": 17816.0}
[2026-09-30 02:25:26] pid=1420 ACTIVE cpu=87675.4s(+59.8s) ws=30MB hb={"stage": "build_arb_tau:start", "ts": "2026-09-29 21:27:31", "age_s": 17876.0}
[2026-09-30 02:26:26] pid=1420 ACTIVE cpu=87735.2s(+59.8s) ws=37MB hb={"stage": "build_arb_tau:start", "ts": "2026-09-29 21:27:31", "age_s": 17936.0}
[2026-09-30 02:27:27] pid=1420 ACTIVE cpu=87794.9s(+59.8s) ws=32MB hb={"stage": "build_arb_tau:start", "ts": "2026-09-29 21:27:31", "age_s": 17996.0}
[2026-09-30 02:28:27] pid=1420 ACTIVE cpu=87854.6s(+59.7s) ws=38MB hb={"stage": "build_arb_tau:start", "ts": "2026-09-29 21:27:31", "age_s": 18056.0}
[2026-09-30 02:29:27] pid=1420 ACTIVE cpu=87914.3s(+59.7s) ws=34MB hb={"stage": "build_arb_tau:start", "ts": "2026-09-29 21:27:31", "age_s": 18116.0}
[2026-09-30 02:30:27] pid=1420 ACTIVE cpu=87974.0s(+59.7s) ws=34MB hb={"stage": "build_arb_tau:start", "ts": "2026-09-29 21:27:31", "age_s": 18176.0}
[2026-09-30 02:31:27] pid=1420 ACTIVE cpu=88033.7s(+59.7s) ws=35MB hb={"stage": "build_arb_tau:start", "ts": "2026-09-29 21:27:31", "age_s": 18236.0}
[2026-09-30 02:32:27] pid=1420 ACTIVE cpu=88093.4s(+59.7s) ws=31MB hb={"stage": "build_arb_tau:start", "ts": "2026-09-29 21:27:31", "age_s": 18296.0}
[2026-09-30 02:33:27] pid=1420 ACTIVE cpu=88152.9s(+59.5s) ws=37MB hb={"stage": "build_arb_tau:start", "ts": "2026-09-29 21:27:31", "age_s": 18356.0}
[2026-09-30 02:34:27] pid=1420 ACTIVE cpu=88212.5s(+59.6s) ws=31MB hb={"stage": "build_arb_tau:start", "ts": "2026-09-29 21:27:31", "age_s": 18416.0}
[2026-09-30 02:35:27] pid=1420 ACTIVE cpu=88272.2s(+59.7s) ws=37MB hb={"stage": "build_arb_tau:start", "ts": "2026-09-29 21:27:31", "age_s": 18476.0}
[2026-09-30 02:36:27] pid=1420 ACTIVE cpu=88331.9s(+59.8s) ws=31MB hb={"stage": "build_arb_tau:start", "ts": "2026-09-29 21:27:31", "age_s": 18536.0}
[2026-09-30 02:37:27] pid=1420 ACTIVE cpu=88391.7s(+59.8s) ws=38MB hb={"stage": "build_arb_tau:start", "ts": "2026-09-29 21:27:31", "age_s": 18596.0}
[2026-09-30 02:38:27] pid=1420 ACTIVE cpu=88451.2s(+59.5s) ws=33MB hb={"stage": "build_arb_tau:start", "ts": "2026-09-29 21:27:31", "age_s": 18656.0}
[2026-09-30 02:39:27] pid=1420 ACTIVE cpu=88510.9s(+59.7s) ws=38MB hb={"stage": "build_arb_tau:start", "ts": "2026-09-29 21:27:31", "age_s": 18716.0}
[2026-09-30 02:40:27] pid=1420 ACTIVE cpu=88570.7s(+59.8s) ws=34MB hb={"stage": "build_arb_tau:start", "ts": "2026-09-29 21:27:31", "age_s": 18776.0}
[2026-09-30 02:41:27] pid=1420 ACTIVE cpu=88630.4s(+59.7s) ws=32MB hb={"stage": "build_arb_tau:start", "ts": "2026-09-29 21:27:31", "age_s": 18836.0}
[2026-09-30 02:42:27] pid=1420 ACTIVE cpu=88690.2s(+59.8s) ws=36MB hb={"stage": "build_arb_tau:start", "ts": "2026-09-29 21:27:31", "age_s": 18896.0}
[2026-09-30 02:43:27] pid=1420 ACTIVE cpu=88749.7s(+59.5s) ws=31MB hb={"stage": "build_arb_tau:start", "ts": "2026-09-29 21:27:31", "age_s": 18956.0}
[2026-09-30 02:44:27] pid=1420 ACTIVE cpu=88809.3s(+59.6s) ws=38MB hb={"stage": "build_arb_tau:start", "ts": "2026-09-29 21:27:31", "age_s": 19016.0}
[2026-09-30 02:45:27] pid=1420 ACTIVE cpu=88869.0s(+59.7s) ws=32MB hb={"stage": "build_arb_tau:start", "ts": "2026-09-29 21:27:31", "age_s": 19076.0}
[2026-09-30 02:46:27] pid=1420 ACTIVE cpu=88928.7s(+59.7s) ws=39MB hb={"stage": "build_arb_tau:start", "ts": "2026-09-29 21:27:31", "age_s": 19136.0}
[2026-09-30 02:47:27] pid=1420 ACTIVE cpu=88988.5s(+59.8s) ws=34MB hb={"stage": "build_arb_tau:start", "ts": "2026-09-29 21:27:31", "age_s": 19196.0}
[2026-09-30 02:48:27] pid=1420 ACTIVE cpu=89048.2s(+59.7s) ws=35MB hb={"stage": "build_arb_tau:start", "ts": "2026-09-29 21:27:31", "age_s": 19256.0}
[2026-09-30 02:49:27] pid=1420 ACTIVE cpu=89107.9s(+59.7s) ws=36MB hb={"stage": "build_arb_tau:start", "ts": "2026-09-29 21:27:31", "age_s": 19316.0}
[2026-09-30 02:50:27] pid=1420 ACTIVE cpu=89167.6s(+59.7s) ws=30MB hb={"stage": "build_arb_tau:start", "ts": "2026-09-29 21:27:31", "age_s": 19376.0}
[2026-09-30 02:51:27] pid=1420 ACTIVE cpu=89225.9s(+58.3s) ws=37MB hb={"stage": "build_arb_tau:start", "ts": "2026-09-29 21:27:31", "age_s": 19436.0}
[2026-09-30 02:52:27] pid=1420 ACTIVE cpu=89285.6s(+59.7s) ws=31MB hb={"stage": "build_arb_tau:start", "ts": "2026-09-29 21:27:31", "age_s": 19496.0}
[2026-09-30 02:53:27] pid=1420 ACTIVE cpu=89345.2s(+59.6s) ws=38MB hb={"stage": "build_arb_tau:start", "ts": "2026-09-29 21:27:31", "age_s": 19556.0}
[2026-09-30 02:54:27] pid=1420 ACTIVE cpu=89405.0s(+59.8s) ws=33MB hb={"stage": "build_arb_tau:start", "ts": "2026-09-29 21:27:31", "age_s": 19616.0}
[2026-09-30 02:55:27] pid=1420 ACTIVE cpu=89464.6s(+59.6s) ws=38MB hb={"stage": "build_arb_tau:start", "ts": "2026-09-29 21:27:31", "age_s": 19676.0}
[2026-09-30 02:56:27] pid=1420 ACTIVE cpu=89524.1s(+59.5s) ws=34MB hb={"stage": "build_arb_tau:start", "ts": "2026-09-29 21:27:31", "age_s": 19736.0}
[2026-09-30 02:57:27] pid=1420 ACTIVE cpu=89583.7s(+59.6s) ws=32MB hb={"stage": "build_arb_tau:start", "ts": "2026-09-29 21:27:31", "age_s": 19796.0}
[2026-09-30 02:58:27] pid=1420 ACTIVE cpu=89643.5s(+59.7s) ws=36MB hb={"stage": "build_arb_tau:start", "ts": "2026-09-29 21:27:31", "age_s": 19856.0}
[2026-09-30 02:59:27] pid=1420 ACTIVE cpu=89703.1s(+59.7s) ws=30MB hb={"stage": "build_arb_tau:start", "ts": "2026-09-29 21:27:31", "age_s": 19916.0}
[2026-09-30 03:00:27] pid=1420 ACTIVE cpu=89762.8s(+59.7s) ws=36MB hb={"stage": "build_arb_tau:start", "ts": "2026-09-29 21:27:31", "age_s": 19976.0}
[2026-09-30 03:01:27] pid=1420 ACTIVE cpu=89822.6s(+59.8s) ws=32MB hb={"stage": "build_arb_tau:start", "ts": "2026-09-29 21:27:31", "age_s": 20036.0}
[2026-09-30 03:02:27] pid=1420 ACTIVE cpu=89882.3s(+59.7s) ws=38MB hb={"stage": "build_arb_tau:start", "ts": "2026-09-29 21:27:31", "age_s": 20096.0}
[2026-09-30 03:03:27] pid=1420 ACTIVE cpu=89942.0s(+59.7s) ws=34MB hb={"stage": "build_arb_tau:start", "ts": "2026-09-29 21:27:31", "age_s": 20156.1}
[2026-09-30 03:04:27] pid=1420 ACTIVE cpu=90001.8s(+59.8s) ws=32MB hb={"stage": "build_arb_tau:start", "ts": "2026-09-29 21:27:31", "age_s": 20216.1}
[2026-09-30 03:05:27] pid=1420 ACTIVE cpu=90060.9s(+59.1s) ws=36MB hb={"stage": "build_arb_tau:start", "ts": "2026-09-29 21:27:31", "age_s": 20276.1}
[2026-09-30 03:06:27] pid=1420 ACTIVE cpu=90120.6s(+59.7s) ws=30MB hb={"stage": "build_arb_tau:start", "ts": "2026-09-29 21:27:31", "age_s": 20336.1}
[2026-09-30 03:07:27] pid=1420 ACTIVE cpu=90180.3s(+59.7s) ws=37MB hb={"stage": "build_arb_tau:start", "ts": "2026-09-29 21:27:31", "age_s": 20396.1}
[2026-09-30 03:08:27] pid=1420 ACTIVE cpu=90240.0s(+59.7s) ws=32MB hb={"stage": "build_arb_tau:start", "ts": "2026-09-29 21:27:31", "age_s": 20456.1}
[2026-09-30 03:09:27] pid=1420 ACTIVE cpu=90298.2s(+58.3s) ws=38MB hb={"stage": "build_arb_tau:start", "ts": "2026-09-29 21:27:31", "age_s": 20516.1}
[2026-09-30 03:10:27] pid=1420 ACTIVE cpu=90357.8s(+59.6s) ws=32MB hb={"stage": "build_arb_tau:start", "ts": "2026-09-29 21:27:31", "age_s": 20576.1}
[2026-09-30 03:11:27] pid=1420 ACTIVE cpu=90417.5s(+59.7s) ws=37MB hb={"stage": "build_arb_tau:start", "ts": "2026-09-29 21:27:31", "age_s": 20636.1}
[2026-09-30 03:12:27] pid=1420 ACTIVE cpu=90477.3s(+59.7s) ws=34MB hb={"stage": "build_arb_tau:start", "ts": "2026-09-29 21:27:31", "age_s": 20696.1}
[2026-09-30 03:13:27] pid=1420 ACTIVE cpu=90537.0s(+59.7s) ws=33MB hb={"stage": "build_arb_tau:start", "ts": "2026-09-29 21:27:31", "age_s": 20756.1}
[2026-09-30 03:14:27] pid=1420 ACTIVE cpu=90595.9s(+58.8s) ws=36MB hb={"stage": "build_arb_tau:start", "ts": "2026-09-29 21:27:31", "age_s": 20816.1}
[2026-09-30 03:15:27] pid=1420 ACTIVE cpu=90655.6s(+59.8s) ws=30MB hb={"stage": "build_arb_tau:start", "ts": "2026-09-29 21:27:31", "age_s": 20876.1}
[2026-09-30 07:55:33] WATCHDOG start pid=2356 interval=60s
[2026-09-30 07:56:33] pid=2356 ACTIVE cpu=47.9s(+47.9s) ws=45MB hb={"stage": "build_arb_tau:start", "ts": "2026-09-30 07:55:25", "age_s": 68.8}
[2026-09-30 07:57:33] pid=2356 ACTIVE cpu=102.6s(+54.6s) ws=45MB hb={"stage": "build_arb_tau:start", "ts": "2026-09-30 07:55:25", "age_s": 128.8}
[2026-09-30 07:58:33] pid=2356 ACTIVE cpu=159.2s(+56.7s) ws=46MB hb={"stage": "build_arb_tau:start", "ts": "2026-09-30 07:55:25", "age_s": 188.8}
[2026-09-30 07:59:33] pid=2356 ACTIVE cpu=217.0s(+57.8s) ws=46MB hb={"stage": "build_arb_tau:start", "ts": "2026-09-30 07:55:25", "age_s": 248.8}
[2026-09-30 08:00:33] pid=2356 ACTIVE cpu=275.8s(+58.7s) ws=46MB hb={"stage": "build_arb_tau:start", "ts": "2026-09-30 07:55:25", "age_s": 308.8}
[2026-09-30 08:01:33] pid=2356 ACTIVE cpu=333.8s(+58.1s) ws=42MB hb={"stage": "build_arb_tau:start", "ts": "2026-09-30 07:55:25", "age_s": 368.8}
[2026-09-30 08:02:33] pid=2356 ACTIVE cpu=392.5s(+58.7s) ws=36MB hb={"stage": "build_arb_tau:start", "ts": "2026-09-30 07:55:25", "age_s": 428.8}
[2026-09-30 08:03:33] pid=2356 ACTIVE cpu=448.9s(+56.4s) ws=31MB hb={"stage": "build_arb_tau:start", "ts": "2026-09-30 07:55:25", "age_s": 488.8}
[2026-09-30 08:04:33] pid=2356 ACTIVE cpu=497.2s(+48.3s) ws=30MB hb={"stage": "build_arb_tau:start", "ts": "2026-09-30 07:55:25", "age_s": 548.8}
[2026-09-30 08:05:33] pid=2356 ACTIVE cpu=549.4s(+52.2s) ws=30MB hb={"stage": "build_arb_tau:start", "ts": "2026-09-30 07:55:25", "age_s": 608.8}
[2026-09-30 08:06:33] pid=2356 ACTIVE cpu=604.1s(+54.7s) ws=29MB hb={"stage": "build_arb_tau:start", "ts": "2026-09-30 07:55:25", "age_s": 668.8}
[2026-09-30 08:07:33] pid=2356 ACTIVE cpu=657.0s(+52.8s) ws=25MB hb={"stage": "build_arb_tau:start", "ts": "2026-09-30 07:55:25", "age_s": 728.8}
[2026-09-30 08:08:33] pid=2356 ACTIVE cpu=709.4s(+52.5s) ws=21MB hb={"stage": "build_arb_tau:start", "ts": "2026-09-30 07:55:25", "age_s": 788.8}
[2026-09-30 08:09:33] pid=2356 ACTIVE cpu=761.8s(+52.4s) ws=19MB hb={"stage": "build_arb_tau:start", "ts": "2026-09-30 07:55:25", "age_s": 848.8}
[2026-09-30 08:10:33] pid=2356 ACTIVE cpu=813.5s(+51.7s) ws=18MB hb={"stage": "build_arb_tau:start", "ts": "2026-09-30 07:55:25", "age_s": 908.8}
[2026-09-30 08:11:33] pid=2356 ACTIVE cpu=861.3s(+47.8s) ws=18MB hb={"stage": "build_arb_tau:start", "ts": "2026-09-30 07:55:25", "age_s": 968.8}
[2026-09-30 08:12:33] pid=2356 ACTIVE cpu=917.7s(+56.4s) ws=18MB hb={"stage": "build_arb_tau:start", "ts": "2026-09-30 07:55:25", "age_s": 1028.8}
[2026-09-30 08:13:33] pid=2356 ACTIVE cpu=973.6s(+55.9s) ws=18MB hb={"stage": "build_arb_tau:start", "ts": "2026-09-30 07:55:25", "age_s": 1088.8}
[2026-09-30 08:14:33] pid=2356 ACTIVE cpu=1030.8s(+57.2s) ws=17MB hb={"stage": "build_arb_tau:start", "ts": "2026-09-30 07:55:25", "age_s": 1148.8}
[2026-09-30 08:15:33] pid=2356 ACTIVE cpu=1089.2s(+58.3s) ws=17MB hb={"stage": "build_arb_tau:start", "ts": "2026-09-30 07:55:25", "age_s": 1208.8}
[2026-09-30 08:16:33] pid=2356 ACTIVE cpu=1148.2s(+59.0s) ws=17MB hb={"stage": "build_arb_tau:start", "ts": "2026-09-30 07:55:25", "age_s": 1268.8}
[2026-09-30 08:17:33] pid=2356 ACTIVE cpu=1201.1s(+52.9s) ws=17MB hb={"stage": "build_arb_tau:start", "ts": "2026-09-30 07:55:25", "age_s": 1328.9}
[2026-09-30 08:18:33] pid=2356 ACTIVE cpu=1254.8s(+53.7s) ws=17MB hb={"stage": "build_arb_tau:start", "ts": "2026-09-30 07:55:25", "age_s": 1388.9}
[2026-09-30 08:19:33] pid=2356 ACTIVE cpu=1306.4s(+51.7s) ws=17MB hb={"stage": "build_arb_tau:start", "ts": "2026-09-30 07:55:25", "age_s": 1448.9}
[2026-09-30 08:20:33] pid=2356 ACTIVE cpu=1358.7s(+52.3s) ws=16MB hb={"stage": "build_arb_tau:start", "ts": "2026-09-30 07:55:25", "age_s": 1508.9}
[2026-09-30 08:21:33] pid=2356 ACTIVE cpu=1417.4s(+58.6s) ws=16MB hb={"stage": "build_arb_tau:start", "ts": "2026-09-30 07:55:25", "age_s": 1568.9}
[2026-09-30 08:22:33] pid=2356 ACTIVE cpu=1476.4s(+59.0s) ws=16MB hb={"stage": "build_arb_tau:start", "ts": "2026-09-30 07:55:25", "age_s": 1628.9}
[2026-09-30 08:23:33] pid=2356 ACTIVE cpu=1536.0s(+59.6s) ws=17MB hb={"stage": "build_arb_tau:start", "ts": "2026-09-30 07:55:25", "age_s": 1688.9}
[2026-09-30 08:24:33] pid=2356 ACTIVE cpu=1595.5s(+59.6s) ws=17MB hb={"stage": "build_arb_tau:start", "ts": "2026-09-30 07:55:25", "age_s": 1748.9}
[2026-09-30 08:25:33] pid=2356 ACTIVE cpu=1655.4s(+59.8s) ws=17MB hb={"stage": "build_arb_tau:start", "ts": "2026-09-30 07:55:25", "age_s": 1808.9}
[2026-09-30 08:26:33] pid=2356 ACTIVE cpu=1715.2s(+59.9s) ws=147MB hb={"stage": "build_arb_tau:start", "ts": "2026-09-30 07:55:25", "age_s": 1868.9}
[2026-09-30 08:27:33] pid=2356 ACTIVE cpu=1774.7s(+59.5s) ws=154MB hb={"stage": "build_arb_tau:start", "ts": "2026-09-30 07:55:25", "age_s": 1928.9}
[2026-09-30 08:28:33] pid=2356 ACTIVE cpu=1834.5s(+59.8s) ws=161MB hb={"stage": "build_arb_tau:start", "ts": "2026-09-30 07:55:25", "age_s": 1988.9}
[2026-09-30 08:29:33] pid=2356 ACTIVE cpu=1894.2s(+59.7s) ws=166MB hb={"stage": "build_arb_tau:start", "ts": "2026-09-30 07:55:25", "age_s": 2048.9}
[2026-09-30 08:30:33] pid=2356 ACTIVE cpu=1954.0s(+59.8s) ws=106MB hb={"stage": "build_arb_tau:start", "ts": "2026-09-30 07:55:25", "age_s": 2108.9}
[2026-09-30 08:31:33] pid=2356 ACTIVE cpu=2011.7s(+57.7s) ws=70MB hb={"stage": "build_arb_tau:start", "ts": "2026-09-30 07:55:25", "age_s": 2168.9}
[2026-09-30 08:32:33] pid=2356 ACTIVE cpu=2070.8s(+59.1s) ws=60MB hb={"stage": "build_arb_tau:start", "ts": "2026-09-30 07:55:25", "age_s": 2228.9}
[2026-09-30 08:33:33] pid=2356 ACTIVE cpu=2128.0s(+57.2s) ws=55MB hb={"stage": "build_arb_tau:start", "ts": "2026-09-30 07:55:25", "age_s": 2288.9}
[2026-09-30 08:34:33] pid=2356 ACTIVE cpu=2188.0s(+60.0s) ws=57MB hb={"stage": "build_arb_tau:start", "ts": "2026-09-30 07:55:25", "age_s": 2348.9}
[2026-09-30 08:35:33] pid=2356 ACTIVE cpu=2247.8s(+59.8s) ws=60MB hb={"stage": "build_arb_tau:start", "ts": "2026-09-30 07:55:25", "age_s": 2408.9}
[2026-09-30 08:36:33] pid=2356 ACTIVE cpu=2305.3s(+57.5s) ws=55MB hb={"stage": "build_arb_tau:start", "ts": "2026-09-30 07:55:25", "age_s": 2468.9}
[2026-09-30 08:37:23] WATCHDOG start pid=2356 interval=60s
[2026-09-30 08:37:33] pid=2356 ACTIVE cpu=2360.6s(+55.3s) ws=58MB hb={"stage": "build_arb_tau:start", "ts": "2026-09-30 07:55:25", "age_s": 2528.9}
[2026-09-30 08:38:23] pid=2356 ACTIVE cpu=2409.2s(+2409.2s) ws=60MB hb={"stage": "build_arb_tau:start", "ts": "2026-09-30 07:55:25", "age_s": 2578.7}
[2026-09-30 08:38:33] pid=2356 ACTIVE cpu=2419.0s(+58.4s) ws=67MB hb={"stage": "build_arb_tau:start", "ts": "2026-09-30 07:55:25", "age_s": 2588.9}
[2026-09-30 08:39:23] pid=2356 ACTIVE cpu=2466.5s(+57.3s) ws=67MB hb={"stage": "build_arb_tau:start", "ts": "2026-09-30 07:55:25", "age_s": 2638.7}
[2026-09-30 08:39:33] pid=2356 ACTIVE cpu=2476.6s(+57.7s) ws=68MB hb={"stage": "build_arb_tau:start", "ts": "2026-09-30 07:55:25", "age_s": 2648.9}
[2026-09-30 08:40:23] pid=2356 ACTIVE cpu=2523.7s(+57.2s) ws=76MB hb={"stage": "build_arb_tau:start", "ts": "2026-09-30 07:55:25", "age_s": 2698.7}
[2026-09-30 08:40:33] pid=2356 ACTIVE cpu=2533.5s(+56.9s) ws=76MB hb={"stage": "build_arb_tau:start", "ts": "2026-09-30 07:55:25", "age_s": 2708.9}
[2026-09-30 08:41:23] pid=2356 ACTIVE cpu=2582.3s(+58.5s) ws=79MB hb={"stage": "build_arb_tau:start", "ts": "2026-09-30 07:55:25", "age_s": 2758.7}
[2026-09-30 08:41:33] pid=2356 ACTIVE cpu=2592.4s(+58.9s) ws=80MB hb={"stage": "build_arb_tau:start", "ts": "2026-09-30 07:55:25", "age_s": 2768.9}
[2026-09-30 08:42:33] pid=2356 ACTIVE cpu=2638.0s(+45.7s) ws=85MB hb={"stage": "build_arb_tau:start", "ts": "2026-09-30 07:55:25", "age_s": 2828.9}
[2026-09-30 08:43:33] pid=2356 ACTIVE cpu=2694.4s(+56.4s) ws=87MB hb={"stage": "build_arb_tau:start", "ts": "2026-09-30 07:55:25", "age_s": 2888.9}
[2026-09-30 08:44:33] pid=2356 ACTIVE cpu=2751.4s(+57.0s) ws=78MB hb={"stage": "build_arb_tau:start", "ts": "2026-09-30 07:55:25", "age_s": 2948.9}
[2026-09-30 08:45:33] pid=2356 ACTIVE cpu=2799.2s(+47.8s) ws=74MB hb={"stage": "build_arb_tau:start", "ts": "2026-09-30 07:55:25", "age_s": 3008.9}
[2026-09-30 08:46:33] pid=2356 ACTIVE cpu=2856.5s(+57.3s) ws=63MB hb={"stage": "build_arb_tau:start", "ts": "2026-09-30 07:55:25", "age_s": 3068.9}
[2026-09-30 08:47:33] pid=2356 ACTIVE cpu=2907.0s(+50.5s) ws=62MB hb={"stage": "build_arb_tau:start", "ts": "2026-09-30 07:55:25", "age_s": 3128.9}
[2026-09-30 08:48:33] pid=2356 ACTIVE cpu=2963.3s(+56.2s) ws=60MB hb={"stage": "build_arb_tau:start", "ts": "2026-09-30 07:55:25", "age_s": 3188.9}
[2026-09-30 08:49:33] pid=2356 ACTIVE cpu=3021.6s(+58.3s) ws=68MB hb={"stage": "build_arb_tau:start", "ts": "2026-09-30 07:55:25", "age_s": 3248.9}
[2026-09-30 08:50:33] pid=2356 ACTIVE cpu=3079.4s(+57.8s) ws=77MB hb={"stage": "build_arb_tau:start", "ts": "2026-09-30 07:55:25", "age_s": 3308.9}
[2026-09-30 08:51:33] pid=2356 ACTIVE cpu=3137.1s(+57.7s) ws=78MB hb={"stage": "build_arb_tau:start", "ts": "2026-09-30 07:55:25", "age_s": 3368.9}
[2026-09-30 08:52:33] pid=2356 ACTIVE cpu=3194.0s(+56.9s) ws=87MB hb={"stage": "build_arb_tau:start", "ts": "2026-09-30 07:55:25", "age_s": 3428.9}
[2026-09-30 08:53:33] pid=2356 ACTIVE cpu=3252.7s(+58.7s) ws=90MB hb={"stage": "build_arb_tau:start", "ts": "2026-09-30 07:55:25", "age_s": 3488.9}
[2026-09-30 08:54:33] pid=2356 ACTIVE cpu=3310.4s(+57.8s) ws=88MB hb={"stage": "build_arb_tau:start", "ts": "2026-09-30 07:55:25", "age_s": 3548.9}
[2026-09-30 08:55:33] pid=2356 ACTIVE cpu=3362.1s(+51.7s) ws=82MB hb={"stage": "build_arb_tau:start", "ts": "2026-09-30 07:55:25", "age_s": 3608.9}
[2026-09-30 08:56:33] pid=2356 ACTIVE cpu=3417.6s(+55.5s) ws=71MB hb={"stage": "build_arb_tau:start", "ts": "2026-09-30 07:55:25", "age_s": 3668.9}
[2026-09-30 08:57:33] pid=2356 ACTIVE cpu=3477.5s(+59.9s) ws=66MB hb={"stage": "build_arb_tau:start", "ts": "2026-09-30 07:55:25", "age_s": 3728.9}
[2026-09-30 08:58:33] pid=2356 ACTIVE cpu=3537.5s(+60.0s) ws=67MB hb={"stage": "build_arb_tau:start", "ts": "2026-09-30 07:55:25", "age_s": 3788.9}
[2026-09-30 08:59:33] pid=2356 ACTIVE cpu=3597.4s(+59.9s) ws=75MB hb={"stage": "build_arb_tau:start", "ts": "2026-09-30 07:55:25", "age_s": 3848.9}
[2026-09-30 09:00:33] pid=2356 ACTIVE cpu=3656.7s(+59.3s) ws=78MB hb={"stage": "build_arb_tau:start", "ts": "2026-09-30 07:55:25", "age_s": 3908.9}
[2026-09-30 09:01:33] pid=2356 ACTIVE cpu=3713.8s(+57.1s) ws=86MB hb={"stage": "build_arb_tau:start", "ts": "2026-09-30 07:55:25", "age_s": 3968.9}
[2026-09-30 09:02:33] pid=2356 ACTIVE cpu=3770.8s(+57.0s) ws=93MB hb={"stage": "build_arb_tau:start", "ts": "2026-09-30 07:55:25", "age_s": 4028.9}
[2026-09-30 09:03:33] pid=2356 ACTIVE cpu=3829.9s(+59.0s) ws=97MB hb={"stage": "build_arb_tau:start", "ts": "2026-09-30 07:55:25", "age_s": 4088.9}
[2026-09-30 09:04:33] pid=2356 ACTIVE cpu=3887.8s(+57.9s) ws=102MB hb={"stage": "build_arb_tau:start", "ts": "2026-09-30 07:55:25", "age_s": 4148.9}
[2026-09-30 09:05:33] pid=2356 ACTIVE cpu=3947.0s(+59.2s) ws=95MB hb={"stage": "build_arb_tau:start", "ts": "2026-09-30 07:55:25", "age_s": 4208.9}
[2026-09-30 09:06:33] pid=2356 ACTIVE cpu=4003.2s(+56.2s) ws=81MB hb={"stage": "build_arb_tau:start", "ts": "2026-09-30 07:55:25", "age_s": 4268.9}
[2026-09-30 09:07:33] pid=2356 ACTIVE cpu=4062.3s(+59.1s) ws=73MB hb={"stage": "build_arb_tau:start", "ts": "2026-09-30 07:55:25", "age_s": 4328.9}
[2026-09-30 09:08:33] pid=2356 ACTIVE cpu=4119.4s(+57.1s) ws=70MB hb={"stage": "build_arb_tau:start", "ts": "2026-09-30 07:55:25", "age_s": 4388.9}
[2026-09-30 09:09:33] pid=2356 ACTIVE cpu=4176.1s(+56.6s) ws=63MB hb={"stage": "build_arb_tau:start", "ts": "2026-09-30 07:55:25", "age_s": 4448.9}
[2026-09-30 09:10:33] pid=2356 ACTIVE cpu=4233.1s(+57.0s) ws=71MB hb={"stage": "build_arb_tau:start", "ts": "2026-09-30 07:55:25", "age_s": 4508.9}
[2026-09-30 09:11:33] pid=2356 ACTIVE cpu=4292.0s(+58.9s) ws=73MB hb={"stage": "build_arb_tau:start", "ts": "2026-09-30 07:55:25", "age_s": 4568.9}
[2026-09-30 09:12:33] pid=2356 ACTIVE cpu=4350.8s(+58.8s) ws=80MB hb={"stage": "build_arb_tau:start", "ts": "2026-09-30 07:55:25", "age_s": 4628.9}
[2026-09-30 09:13:33] pid=2356 ACTIVE cpu=4409.5s(+58.8s) ws=90MB hb={"stage": "build_arb_tau:start", "ts": "2026-09-30 07:55:25", "age_s": 4688.9}
[2026-09-30 09:14:33] pid=2356 ACTIVE cpu=4467.6s(+58.1s) ws=81MB hb={"stage": "build_arb_tau:start", "ts": "2026-09-30 07:55:25", "age_s": 4748.9}
[2026-09-30 09:15:33] pid=2356 ACTIVE cpu=4526.5s(+58.9s) ws=49MB hb={"stage": "build_arb_tau:start", "ts": "2026-09-30 07:55:25", "age_s": 4808.9}
[2026-09-30 09:16:33] pid=2356 ACTIVE cpu=4585.4s(+58.9s) ws=44MB hb={"stage": "build_arb_tau:start", "ts": "2026-09-30 07:55:25", "age_s": 4868.9}
[2026-09-30 09:17:33] pid=2356 ACTIVE cpu=4644.7s(+59.3s) ws=52MB hb={"stage": "build_arb_tau:start", "ts": "2026-09-30 07:55:25", "age_s": 4928.9}
[2026-09-30 09:18:33] pid=2356 ACTIVE cpu=4703.9s(+59.2s) ws=36MB hb={"stage": "build_arb_tau:start", "ts": "2026-09-30 07:55:25", "age_s": 4988.9}
[2026-09-30 09:19:33] pid=2356 ACTIVE cpu=4763.9s(+60.0s) ws=43MB hb={"stage": "build_arb_tau:start", "ts": "2026-09-30 07:55:25", "age_s": 5048.9}
[2026-09-30 09:20:33] pid=2356 ACTIVE cpu=4823.8s(+59.9s) ws=43MB hb={"stage": "build_arb_tau:start", "ts": "2026-09-30 07:55:25", "age_s": 5108.9}
[2026-09-30 09:21:33] pid=2356 ACTIVE cpu=4883.7s(+59.9s) ws=43MB hb={"stage": "build_arb_tau:start", "ts": "2026-09-30 07:55:25", "age_s": 5168.9}
[2026-09-30 09:22:33] pid=2356 ACTIVE cpu=4943.6s(+59.9s) ws=45MB hb={"stage": "build_arb_tau:start", "ts": "2026-09-30 07:55:25", "age_s": 5228.9}
[2026-09-30 09:23:33] pid=2356 ACTIVE cpu=5003.6s(+60.0s) ws=35MB hb={"stage": "build_arb_tau:start", "ts": "2026-09-30 07:55:25", "age_s": 5288.9}
[2026-09-30 09:24:33] pid=2356 ACTIVE cpu=5063.5s(+60.0s) ws=44MB hb={"stage": "build_arb_tau:start", "ts": "2026-09-30 07:55:25", "age_s": 5348.9}
[2026-09-30 09:25:33] pid=2356 ACTIVE cpu=5123.4s(+59.9s) ws=42MB hb={"stage": "build_arb_tau:start", "ts": "2026-09-30 07:55:25", "age_s": 5408.9}
[2026-09-30 09:26:33] pid=2356 ACTIVE cpu=5183.4s(+60.0s) ws=45MB hb={"stage": "build_arb_tau:start", "ts": "2026-09-30 07:55:25", "age_s": 5469.0}
[2026-09-30 09:27:33] pid=2356 ACTIVE cpu=5243.3s(+59.9s) ws=46MB hb={"stage": "build_arb_tau:start", "ts": "2026-09-30 07:55:25", "age_s": 5529.0}
[2026-09-30 09:28:33] pid=2356 ACTIVE cpu=5303.2s(+60.0s) ws=37MB hb={"stage": "build_arb_tau:start", "ts": "2026-09-30 07:55:25", "age_s": 5589.0}
[2026-09-30 09:29:33] pid=2356 ACTIVE cpu=5363.2s(+60.0s) ws=47MB hb={"stage": "build_arb_tau:start", "ts": "2026-09-30 07:55:25", "age_s": 5649.0}
[2026-09-30 09:30:33] pid=2356 ACTIVE cpu=5423.2s(+59.9s) ws=44MB hb={"stage": "build_arb_tau:start", "ts": "2026-09-30 07:55:25", "age_s": 5709.0}
[2026-09-30 09:31:33] pid=2356 ACTIVE cpu=5483.1s(+60.0s) ws=42MB hb={"stage": "build_arb_tau:start", "ts": "2026-09-30 07:55:25", "age_s": 5769.0}
[2026-09-30 09:32:33] pid=2356 ACTIVE cpu=5543.0s(+59.9s) ws=49MB hb={"stage": "build_arb_tau:start", "ts": "2026-09-30 07:55:25", "age_s": 5829.0}
[2026-09-30 09:33:33] pid=2356 ACTIVE cpu=5602.9s(+59.9s) ws=39MB hb={"stage": "build_arb_tau:start", "ts": "2026-09-30 07:55:25", "age_s": 5889.0}
[2026-09-30 09:34:33] pid=2356 ACTIVE cpu=5662.8s(+59.9s) ws=49MB hb={"stage": "build_arb_tau:start", "ts": "2026-09-30 07:55:25", "age_s": 5949.0}
[2026-09-30 09:35:33] pid=2356 ACTIVE cpu=5722.7s(+59.9s) ws=44MB hb={"stage": "build_arb_tau:start", "ts": "2026-09-30 07:55:25", "age_s": 6009.0}
[2026-09-30 09:36:33] pid=2356 ACTIVE cpu=5782.7s(+60.0s) ws=44MB hb={"stage": "build_arb_tau:start", "ts": "2026-09-30 07:55:25", "age_s": 6069.0}
[2026-09-30 09:37:33] pid=2356 ACTIVE cpu=5842.4s(+59.7s) ws=45MB hb={"stage": "build_arb_tau:start", "ts": "2026-09-30 07:55:25", "age_s": 6129.0}
[2026-09-30 09:38:33] pid=2356 ACTIVE cpu=5902.4s(+59.9s) ws=43MB hb={"stage": "build_arb_tau:start", "ts": "2026-09-30 07:55:25", "age_s": 6189.0}
[2026-09-30 09:39:33] pid=2356 ACTIVE cpu=5962.3s(+60.0s) ws=49MB hb={"stage": "build_arb_tau:start", "ts": "2026-09-30 07:55:25", "age_s": 6249.0}
[2026-09-30 09:40:33] pid=2356 ACTIVE cpu=6022.2s(+59.9s) ws=42MB hb={"stage": "build_arb_tau:start", "ts": "2026-09-30 07:55:25", "age_s": 6309.0}
[2026-09-30 09:41:33] pid=2356 ACTIVE cpu=6082.1s(+59.9s) ws=45MB hb={"stage": "build_arb_tau:start", "ts": "2026-09-30 07:55:25", "age_s": 6369.0}
[2026-09-30 09:42:33] pid=2356 ACTIVE cpu=6142.0s(+59.9s) ws=37MB hb={"stage": "build_arb_tau:start", "ts": "2026-09-30 07:55:25", "age_s": 6429.0}
[2026-09-30 09:43:33] pid=2356 ACTIVE cpu=6202.0s(+60.0s) ws=42MB hb={"stage": "build_arb_tau:start", "ts": "2026-09-30 07:55:25", "age_s": 6489.0}
[2026-09-30 09:44:33] pid=2356 ACTIVE cpu=6261.9s(+59.9s) ws=44MB hb={"stage": "build_arb_tau:start", "ts": "2026-09-30 07:55:25", "age_s": 6549.0}
[2026-09-30 09:45:33] pid=2356 ACTIVE cpu=6321.8s(+59.9s) ws=44MB hb={"stage": "build_arb_tau:start", "ts": "2026-09-30 07:55:25", "age_s": 6609.0}
[2026-09-30 09:46:33] pid=2356 ACTIVE cpu=6381.8s(+60.0s) ws=45MB hb={"stage": "build_arb_tau:start", "ts": "2026-09-30 07:55:25", "age_s": 6669.0}
[2026-09-30 09:47:33] pid=2356 ACTIVE cpu=6441.6s(+59.8s) ws=37MB hb={"stage": "build_arb_tau:start", "ts": "2026-09-30 07:55:25", "age_s": 6729.0}
[2026-09-30 09:48:33] pid=2356 ACTIVE cpu=6501.5s(+60.0s) ws=46MB hb={"stage": "build_arb_tau:start", "ts": "2026-09-30 07:55:25", "age_s": 6789.0}
[2026-09-30 09:49:33] pid=2356 ACTIVE cpu=6561.4s(+59.9s) ws=44MB hb={"stage": "build_arb_tau:start", "ts": "2026-09-30 07:55:25", "age_s": 6849.0}
[2026-09-30 09:50:33] pid=2356 ACTIVE cpu=6621.4s(+60.0s) ws=46MB hb={"stage": "build_arb_tau:start", "ts": "2026-09-30 07:55:25", "age_s": 6909.0}
[2026-09-30 09:51:33] pid=2356 ACTIVE cpu=6681.2s(+59.9s) ws=46MB hb={"stage": "build_arb_tau:start", "ts": "2026-09-30 07:55:25", "age_s": 6969.0}
[2026-09-30 09:52:33] pid=2356 ACTIVE cpu=6741.0s(+59.8s) ws=41MB hb={"stage": "build_arb_tau:start", "ts": "2026-09-30 07:55:25", "age_s": 7029.0}
[2026-09-30 09:53:33] pid=2356 ACTIVE cpu=6801.0s(+60.0s) ws=50MB hb={"stage": "build_arb_tau:start", "ts": "2026-09-30 07:55:25", "age_s": 7089.0}
[2026-09-30 09:54:33] pid=2356 ACTIVE cpu=6860.9s(+59.9s) ws=43MB hb={"stage": "build_arb_tau:start", "ts": "2026-09-30 07:55:25", "age_s": 7149.0}
[2026-09-30 09:55:33] pid=2356 ACTIVE cpu=6920.8s(+59.9s) ws=48MB hb={"stage": "build_arb_tau:start", "ts": "2026-09-30 07:55:25", "age_s": 7209.0}
[2026-09-30 09:56:33] pid=2356 ACTIVE cpu=6980.7s(+60.0s) ws=42MB hb={"stage": "build_arb_tau:start", "ts": "2026-09-30 07:55:25", "age_s": 7269.0}
[2026-09-30 09:57:33] pid=2356 ACTIVE cpu=7040.7s(+59.9s) ws=42MB hb={"stage": "build_arb_tau:start", "ts": "2026-09-30 07:55:25", "age_s": 7329.0}
[2026-09-30 09:58:33] pid=2356 ACTIVE cpu=7100.6s(+59.9s) ws=50MB hb={"stage": "build_arb_tau:start", "ts": "2026-09-30 07:55:25", "age_s": 7389.0}
[2026-09-30 09:59:33] pid=2356 ACTIVE cpu=7160.5s(+60.0s) ws=42MB hb={"stage": "build_arb_tau:start", "ts": "2026-09-30 07:55:25", "age_s": 7449.0}
[2026-09-30 10:00:33] pid=2356 ACTIVE cpu=7220.5s(+60.0s) ws=51MB hb={"stage": "build_arb_tau:start", "ts": "2026-09-30 07:55:25", "age_s": 7509.0}
[2026-09-30 10:01:33] pid=2356 ACTIVE cpu=7280.4s(+59.9s) ws=36MB hb={"stage": "build_arb_tau:start", "ts": "2026-09-30 07:55:25", "age_s": 7569.0}
[2026-09-30 10:02:33] pid=2356 ACTIVE cpu=7340.3s(+59.9s) ws=44MB hb={"stage": "build_arb_tau:start", "ts": "2026-09-30 07:55:25", "age_s": 7629.0}
[2026-09-30 10:03:33] pid=2356 ACTIVE cpu=7400.3s(+60.0s) ws=40MB hb={"stage": "build_arb_tau:start", "ts": "2026-09-30 07:55:25", "age_s": 7689.0}
[2026-09-30 10:04:33] pid=2356 ACTIVE cpu=7460.2s(+59.9s) ws=43MB hb={"stage": "build_arb_tau:start", "ts": "2026-09-30 07:55:25", "age_s": 7749.0}
[2026-09-30 10:05:33] pid=2356 ACTIVE cpu=7517.6s(+57.4s) ws=45MB hb={"stage": "build_arb_tau:start", "ts": "2026-09-30 07:55:25", "age_s": 7809.0}
[2026-09-30 10:06:33] pid=2356 ACTIVE cpu=7577.3s(+59.7s) ws=37MB hb={"stage": "build_arb_tau:start", "ts": "2026-09-30 07:55:25", "age_s": 7869.0}
[2026-09-30 10:07:33] pid=2356 ACTIVE cpu=7637.2s(+59.8s) ws=44MB hb={"stage": "build_arb_tau:start", "ts": "2026-09-30 07:55:25", "age_s": 7929.0}
[2026-09-30 10:08:33] pid=2356 ACTIVE cpu=7693.5s(+56.4s) ws=46MB hb={"stage": "build_arb_tau:start", "ts": "2026-09-30 07:55:25", "age_s": 7989.0}
[2026-09-30 10:09:33] pid=2356 ACTIVE cpu=7752.2s(+58.6s) ws=42MB hb={"stage": "build_arb_tau:start", "ts": "2026-09-30 07:55:25", "age_s": 8049.0}
[2026-09-30 10:10:33] pid=2356 ACTIVE cpu=7808.4s(+56.2s) ws=47MB hb={"stage": "build_arb_tau:start", "ts": "2026-09-30 07:55:25", "age_s": 8109.0}
[2026-09-30 10:11:34] pid=2356 ACTIVE cpu=7866.9s(+58.5s) ws=57MB hb={"stage": "build_arb_tau:start", "ts": "2026-09-30 07:55:25", "age_s": 8169.0}
[2026-09-30 10:12:34] pid=2356 ACTIVE cpu=7925.9s(+59.0s) ws=60MB hb={"stage": "build_arb_tau:start", "ts": "2026-09-30 07:55:25", "age_s": 8229.0}
[2026-09-30 10:13:34] pid=2356 ACTIVE cpu=7985.3s(+59.5s) ws=67MB hb={"stage": "build_arb_tau:start", "ts": "2026-09-30 07:55:25", "age_s": 8289.0}
[2026-09-30 10:14:34] pid=2356 ACTIVE cpu=8044.4s(+59.0s) ws=75MB hb={"stage": "build_arb_tau:start", "ts": "2026-09-30 07:55:25", "age_s": 8349.0}
[2026-09-30 10:15:34] pid=2356 ACTIVE cpu=8098.5s(+54.1s) ws=82MB hb={"stage": "build_arb_tau:start", "ts": "2026-09-30 07:55:25", "age_s": 8409.0}
[2026-09-30 10:16:34] pid=2356 ACTIVE cpu=8156.2s(+57.7s) ws=70MB hb={"stage": "build_arb_tau:start", "ts": "2026-09-30 07:55:25", "age_s": 8469.0}
[2026-09-30 10:17:34] pid=2356 ACTIVE cpu=8209.1s(+52.9s) ws=66MB hb={"stage": "build_arb_tau:start", "ts": "2026-09-30 07:55:25", "age_s": 8529.0}
[2026-09-30 10:18:34] pid=2356 ACTIVE cpu=8267.4s(+58.4s) ws=59MB hb={"stage": "build_arb_tau:start", "ts": "2026-09-30 07:55:25", "age_s": 8589.0}
[2026-09-30 10:19:34] pid=2356 ACTIVE cpu=8325.8s(+58.4s) ws=64MB hb={"stage": "build_arb_tau:start", "ts": "2026-09-30 07:55:25", "age_s": 8649.0}
[2026-09-30 10:20:34] pid=2356 ACTIVE cpu=8381.5s(+55.7s) ws=72MB hb={"stage": "build_arb_tau:start", "ts": "2026-09-30 07:55:25", "age_s": 8709.0}
[2026-09-30 10:21:34] pid=2356 ACTIVE cpu=8440.2s(+58.6s) ws=75MB hb={"stage": "build_arb_tau:start", "ts": "2026-09-30 07:55:25", "age_s": 8769.0}
[2026-09-30 10:22:34] pid=2356 ACTIVE cpu=8498.0s(+57.9s) ws=81MB hb={"stage": "build_arb_tau:start", "ts": "2026-09-30 07:55:25", "age_s": 8829.0}
[2026-09-30 10:23:34] pid=2356 ACTIVE cpu=8557.5s(+59.5s) ws=90MB hb={"stage": "build_arb_tau:start", "ts": "2026-09-30 07:55:25", "age_s": 8889.0}
[2026-09-30 10:24:34] pid=2356 ACTIVE cpu=8616.9s(+59.4s) ws=97MB hb={"stage": "build_arb_tau:start", "ts": "2026-09-30 07:55:25", "age_s": 8949.0}
[2026-09-30 10:25:34] pid=2356 ACTIVE cpu=8673.8s(+56.8s) ws=87MB hb={"stage": "build_arb_tau:start", "ts": "2026-09-30 07:55:25", "age_s": 9009.0}
[2026-09-30 10:26:34] pid=2356 ACTIVE cpu=8728.4s(+54.6s) ws=79MB hb={"stage": "build_arb_tau:start", "ts": "2026-09-30 07:55:25", "age_s": 9069.0}
[2026-09-30 10:27:34] pid=2356 ACTIVE cpu=8780.9s(+52.5s) ws=69MB hb={"stage": "build_arb_tau:start", "ts": "2026-09-30 07:55:25", "age_s": 9129.0}
[2026-09-30 10:28:34] pid=2356 ACTIVE cpu=8832.4s(+51.6s) ws=63MB hb={"stage": "build_arb_tau:start", "ts": "2026-09-30 07:55:25", "age_s": 9189.0}
[2026-09-30 10:29:34] pid=2356 ACTIVE cpu=8883.9s(+51.4s) ws=63MB hb={"stage": "build_arb_tau:start", "ts": "2026-09-30 07:55:25", "age_s": 9249.0}
[2026-09-30 10:30:34] pid=2356 ACTIVE cpu=8936.6s(+52.7s) ws=68MB hb={"stage": "build_arb_tau:start", "ts": "2026-09-30 07:55:25", "age_s": 9309.0}
[2026-09-30 10:31:34] pid=2356 ACTIVE cpu=8992.5s(+55.9s) ws=77MB hb={"stage": "build_arb_tau:start", "ts": "2026-09-30 07:55:25", "age_s": 9369.0}
[2026-09-30 10:32:34] pid=2356 ACTIVE cpu=9050.7s(+58.2s) ws=79MB hb={"stage": "build_arb_tau:start", "ts": "2026-09-30 07:55:25", "age_s": 9429.0}
[2026-09-30 10:33:34] pid=2356 ACTIVE cpu=9108.6s(+57.9s) ws=86MB hb={"stage": "build_arb_tau:start", "ts": "2026-09-30 07:55:25", "age_s": 9489.0}
[2026-09-30 10:34:34] pid=2356 ACTIVE cpu=9153.6s(+45.0s) ws=87MB hb={"stage": "build_arb_tau:start", "ts": "2026-09-30 07:55:25", "age_s": 9549.0}
[2026-09-30 10:35:34] pid=2356 ACTIVE cpu=9194.7s(+41.1s) ws=85MB hb={"stage": "build_arb_tau:start", "ts": "2026-09-30 07:55:25", "age_s": 9609.0}
[2026-09-30 10:36:34] pid=2356 ACTIVE cpu=9250.5s(+55.8s) ws=71MB hb={"stage": "build_arb_tau:start", "ts": "2026-09-30 07:55:25", "age_s": 9669.0}
[2026-09-30 10:37:34] pid=2356 ACTIVE cpu=9307.7s(+57.1s) ws=67MB hb={"stage": "build_arb_tau:start", "ts": "2026-09-30 07:55:25", "age_s": 9729.1}
[2026-09-30 10:38:34] pid=2356 ACTIVE cpu=9360.3s(+52.6s) ws=58MB hb={"stage": "build_arb_tau:start", "ts": "2026-09-30 07:55:25", "age_s": 9789.1}
[2026-09-30 10:39:34] pid=2356 ACTIVE cpu=9407.3s(+47.0s) ws=57MB hb={"stage": "build_arb_tau:start", "ts": "2026-09-30 07:55:25", "age_s": 9849.1}
[2026-09-30 10:40:34] pid=2356 ACTIVE cpu=9459.5s(+52.2s) ws=58MB hb={"stage": "build_arb_tau:start", "ts": "2026-09-30 07:55:25", "age_s": 9909.1}
[2026-09-30 10:41:34] pid=2356 ACTIVE cpu=9512.5s(+53.0s) ws=66MB hb={"stage": "build_arb_tau:start", "ts": "2026-09-30 07:55:25", "age_s": 9969.1}
[2026-09-30 10:42:34] pid=2356 ACTIVE cpu=9569.8s(+57.3s) ws=69MB hb={"stage": "build_arb_tau:start", "ts": "2026-09-30 07:55:25", "age_s": 10029.1}
[2026-09-30 10:43:34] pid=2356 ACTIVE cpu=9625.8s(+55.9s) ws=74MB hb={"stage": "build_arb_tau:start", "ts": "2026-09-30 07:55:25", "age_s": 10089.1}
[2026-09-30 10:44:34] pid=2356 ACTIVE cpu=9682.0s(+56.2s) ws=82MB hb={"stage": "build_arb_tau:start", "ts": "2026-09-30 07:55:25", "age_s": 10149.1}
[2026-09-30 10:45:34] pid=2356 ACTIVE cpu=9736.1s(+54.1s) ws=80MB hb={"stage": "build_arb_tau:start", "ts": "2026-09-30 07:55:25", "age_s": 10209.1}
[2026-09-30 10:46:34] pid=2356 ACTIVE cpu=9794.3s(+58.2s) ws=73MB hb={"stage": "build_arb_tau:start", "ts": "2026-09-30 07:55:25", "age_s": 10269.1}
[2026-09-30 10:47:34] pid=2356 ACTIVE cpu=9854.0s(+59.8s) ws=68MB hb={"stage": "build_arb_tau:start", "ts": "2026-09-30 07:55:25", "age_s": 10329.1}
[2026-09-30 10:48:34] pid=2356 ACTIVE cpu=9913.5s(+59.5s) ws=67MB hb={"stage": "build_arb_tau:start", "ts": "2026-09-30 07:55:25", "age_s": 10389.1}
[2026-09-30 10:49:34] pid=2356 ACTIVE cpu=9969.0s(+55.5s) ws=63MB hb={"stage": "build_arb_tau:start", "ts": "2026-09-30 07:55:25", "age_s": 10449.1}
[2026-09-30 10:50:34] pid=2356 ACTIVE cpu=10024.7s(+55.7s) ws=70MB hb={"stage": "build_arb_tau:start", "ts": "2026-09-30 07:55:25", "age_s": 10509.1}
[2026-09-30 10:51:34] pid=2356 ACTIVE cpu=10080.9s(+56.2s) ws=79MB hb={"stage": "build_arb_tau:start", "ts": "2026-09-30 07:55:25", "age_s": 10569.1}
[2026-09-30 10:52:34] pid=2356 ACTIVE cpu=10130.8s(+49.9s) ws=80MB hb={"stage": "build_arb_tau:start", "ts": "2026-09-30 07:55:25", "age_s": 10629.1}
[2026-09-30 10:53:34] pid=2356 ACTIVE cpu=10167.8s(+37.0s) ws=87MB hb={"stage": "build_arb_tau:start", "ts": "2026-09-30 07:55:25", "age_s": 10689.1}
[2026-09-30 10:54:34] pid=2356 ACTIVE cpu=10212.3s(+44.6s) ws=90MB hb={"stage": "build_arb_tau:start", "ts": "2026-09-30 07:55:25", "age_s": 10749.1}
[2026-09-30 10:55:34] pid=2356 ACTIVE cpu=10259.6s(+47.3s) ws=86MB hb={"stage": "build_arb_tau:start", "ts": "2026-09-30 07:55:25", "age_s": 10809.1}
[2026-09-30 10:56:34] pid=2356 ACTIVE cpu=10308.6s(+49.0s) ws=79MB hb={"stage": "build_arb_tau:start", "ts": "2026-09-30 07:55:25", "age_s": 10869.1}
[2026-09-30 10:57:34] pid=2356 ACTIVE cpu=10367.0s(+58.5s) ws=76MB hb={"stage": "build_arb_tau:start", "ts": "2026-09-30 07:55:25", "age_s": 10929.1}
[2026-09-30 10:58:34] pid=2356 ACTIVE cpu=10426.9s(+59.9s) ws=65MB hb={"stage": "build_arb_tau:start", "ts": "2026-09-30 07:55:25", "age_s": 10989.1}
[2026-09-30 10:59:34] pid=2356 ACTIVE cpu=10486.4s(+59.5s) ws=67MB hb={"stage": "build_arb_tau:start", "ts": "2026-09-30 07:55:25", "age_s": 11049.1}
[2026-09-30 11:00:34] pid=2356 ACTIVE cpu=10544.5s(+58.0s) ws=76MB hb={"stage": "build_arb_tau:start", "ts": "2026-09-30 07:55:25", "age_s": 11109.1}
[2026-09-30 11:01:34] pid=2356 ACTIVE cpu=10603.8s(+59.4s) ws=85MB hb={"stage": "build_arb_tau:start", "ts": "2026-09-30 07:55:25", "age_s": 11169.1}
[2026-09-30 11:02:34] pid=2356 ACTIVE cpu=10658.0s(+54.2s) ws=86MB hb={"stage": "build_arb_tau:start", "ts": "2026-09-30 07:55:25", "age_s": 11229.1}
[2026-09-30 11:03:34] pid=2356 ACTIVE cpu=10717.2s(+59.2s) ws=94MB hb={"stage": "build_arb_tau:start", "ts": "2026-09-30 07:55:25", "age_s": 11289.1}
[2026-09-30 11:04:34] pid=2356 ACTIVE cpu=10775.9s(+58.7s) ws=101MB hb={"stage": "build_arb_tau:start", "ts": "2026-09-30 07:55:25", "age_s": 11349.1}
[2026-09-30 11:05:34] pid=2356 ACTIVE cpu=10835.2s(+59.2s) ws=92MB hb={"stage": "build_arb_tau:start", "ts": "2026-09-30 07:55:25", "age_s": 11409.1}
[2026-09-30 11:06:34] pid=2356 ACTIVE cpu=10887.7s(+52.5s) ws=83MB hb={"stage": "build_arb_tau:start", "ts": "2026-09-30 07:55:25", "age_s": 11469.1}
[2026-09-30 11:07:34] pid=2356 ACTIVE cpu=10939.9s(+52.2s) ws=69MB hb={"stage": "build_arb_tau:start", "ts": "2026-09-30 07:55:25", "age_s": 11529.1}
[2026-09-30 11:08:34] pid=2356 ACTIVE cpu=10998.1s(+58.1s) ws=67MB hb={"stage": "build_arb_tau:start", "ts": "2026-09-30 07:55:25", "age_s": 11589.1}
[2026-09-30 11:09:34] pid=2356 ACTIVE cpu=11056.7s(+58.6s) ws=55MB hb={"stage": "build_arb_tau:start", "ts": "2026-09-30 07:55:25", "age_s": 11649.1}
[2026-09-30 11:10:34] pid=2356 ACTIVE cpu=11115.4s(+58.7s) ws=61MB hb={"stage": "build_arb_tau:start", "ts": "2026-09-30 07:55:25", "age_s": 11709.1}
[2026-09-30 11:11:34] pid=2356 ACTIVE cpu=11174.0s(+58.6s) ws=39MB hb={"stage": "build_arb_tau:start", "ts": "2026-09-30 07:55:25", "age_s": 11769.1}
[2026-09-30 11:12:34] pid=2356 ACTIVE cpu=11232.8s(+58.8s) ws=43MB hb={"stage": "build_arb_tau:start", "ts": "2026-09-30 07:55:25", "age_s": 11829.1}
[2026-09-30 11:13:34] pid=2356 ACTIVE cpu=11291.6s(+58.9s) ws=45MB hb={"stage": "build_arb_tau:start", "ts": "2026-09-30 07:55:25", "age_s": 11889.1}
[2026-09-30 11:14:34] pid=2356 ACTIVE cpu=11350.0s(+58.3s) ws=37MB hb={"stage": "build_arb_tau:start", "ts": "2026-09-30 07:55:25", "age_s": 11949.1}
[2026-09-30 11:15:34] pid=2356 ACTIVE cpu=11409.4s(+59.4s) ws=43MB hb={"stage": "build_arb_tau:start", "ts": "2026-09-30 07:55:25", "age_s": 12009.1}
[2026-09-30 11:16:34] pid=2356 ACTIVE cpu=11467.7s(+58.3s) ws=37MB hb={"stage": "build_arb_tau:start", "ts": "2026-09-30 07:55:25", "age_s": 12069.1}
[2026-09-30 11:17:34] pid=2356 ACTIVE cpu=11526.8s(+59.1s) ws=46MB hb={"stage": "build_arb_tau:start", "ts": "2026-09-30 07:55:25", "age_s": 12129.1}
[2026-09-30 11:18:34] pid=2356 ACTIVE cpu=11586.1s(+59.2s) ws=36MB hb={"stage": "build_arb_tau:start", "ts": "2026-09-30 07:55:25", "age_s": 12189.1}
[2026-09-30 11:19:34] pid=2356 ACTIVE cpu=11645.7s(+59.6s) ws=42MB hb={"stage": "build_arb_tau:start", "ts": "2026-09-30 07:55:25", "age_s": 12249.1}
[2026-09-30 11:20:34] pid=2356 ACTIVE cpu=11704.5s(+58.8s) ws=41MB hb={"stage": "build_arb_tau:start", "ts": "2026-09-30 07:55:25", "age_s": 12309.1}
[2026-09-30 11:21:34] pid=2356 ACTIVE cpu=11763.5s(+59.0s) ws=38MB hb={"stage": "build_arb_tau:start", "ts": "2026-09-30 07:55:25", "age_s": 12369.1}
[2026-09-30 11:22:34] pid=2356 ACTIVE cpu=11822.9s(+59.3s) ws=40MB hb={"stage": "build_arb_tau:start", "ts": "2026-09-30 07:55:25", "age_s": 12429.1}
[2026-09-30 11:23:34] pid=2356 ACTIVE cpu=11879.1s(+56.3s) ws=41MB hb={"stage": "build_arb_tau:start", "ts": "2026-09-30 07:55:25", "age_s": 12489.1}
[2026-09-30 11:24:34] pid=2356 ACTIVE cpu=11936.5s(+57.4s) ws=44MB hb={"stage": "build_arb_tau:start", "ts": "2026-09-30 07:55:25", "age_s": 12549.1}
[2026-09-30 11:25:34] pid=2356 ACTIVE cpu=11995.9s(+59.3s) ws=34MB hb={"stage": "build_arb_tau:start", "ts": "2026-09-30 07:55:25", "age_s": 12609.1}
[2026-09-30 11:26:34] pid=2356 ACTIVE cpu=12054.6s(+58.8s) ws=43MB hb={"stage": "build_arb_tau:start", "ts": "2026-09-30 07:55:25", "age_s": 12669.1}
[2026-09-30 11:27:34] pid=2356 ACTIVE cpu=12112.9s(+58.3s) ws=43MB hb={"stage": "build_arb_tau:start", "ts": "2026-09-30 07:55:25", "age_s": 12729.1}
[2026-09-30 11:28:34] pid=2356 ACTIVE cpu=12170.9s(+58.0s) ws=42MB hb={"stage": "build_arb_tau:start", "ts": "2026-09-30 07:55:25", "age_s": 12789.1}
[2026-09-30 11:29:34] pid=2356 ACTIVE cpu=12226.1s(+55.2s) ws=43MB hb={"stage": "build_arb_tau:start", "ts": "2026-09-30 07:55:25", "age_s": 12849.1}
[2026-09-30 11:30:34] pid=2356 ACTIVE cpu=12283.5s(+57.5s) ws=49MB hb={"stage": "build_arb_tau:start", "ts": "2026-09-30 07:55:25", "age_s": 12909.1}
[2026-09-30 11:31:34] pid=2356 ACTIVE cpu=12341.9s(+58.3s) ws=36MB hb={"stage": "build_arb_tau:start", "ts": "2026-09-30 07:55:25", "age_s": 12969.1}
[2026-09-30 11:32:34] pid=2356 ACTIVE cpu=12395.7s(+53.9s) ws=41MB hb={"stage": "build_arb_tau:start", "ts": "2026-09-30 07:55:25", "age_s": 13029.1}
[2026-09-30 11:33:34] pid=2356 ACTIVE cpu=12448.7s(+53.0s) ws=42MB hb={"stage": "build_arb_tau:start", "ts": "2026-09-30 07:55:25", "age_s": 13089.1}
[2026-09-30 11:34:34] pid=2356 ACTIVE cpu=12506.0s(+57.3s) ws=49MB hb={"stage": "build_arb_tau:start", "ts": "2026-09-30 07:55:25", "age_s": 13149.1}
[2026-09-30 11:35:34] pid=2356 ACTIVE cpu=12563.5s(+57.5s) ws=43MB hb={"stage": "build_arb_tau:start", "ts": "2026-09-30 07:55:25", "age_s": 13209.1}
[2026-09-30 11:36:34] pid=2356 ACTIVE cpu=12621.7s(+58.2s) ws=45MB hb={"stage": "build_arb_tau:start", "ts": "2026-09-30 07:55:25", "age_s": 13269.1}
[2026-09-30 11:37:34] pid=2356 ACTIVE cpu=12677.2s(+55.5s) ws=43MB hb={"stage": "build_arb_tau:start", "ts": "2026-09-30 07:55:25", "age_s": 13329.1}
[2026-09-30 11:38:34] pid=2356 ACTIVE cpu=12735.7s(+58.4s) ws=46MB hb={"stage": "build_arb_tau:start", "ts": "2026-09-30 07:55:25", "age_s": 13389.2}
[2026-09-30 11:39:34] pid=2356 ACTIVE cpu=12793.5s(+57.9s) ws=51MB hb={"stage": "build_arb_tau:start", "ts": "2026-09-30 07:55:25", "age_s": 13449.2}
[2026-09-30 11:40:34] pid=2356 ACTIVE cpu=12851.7s(+58.2s) ws=54MB hb={"stage": "build_arb_tau:start", "ts": "2026-09-30 07:55:25", "age_s": 13509.2}
[2026-09-30 11:41:34] pid=2356 ACTIVE cpu=12910.2s(+58.5s) ws=45MB hb={"stage": "build_arb_tau:start", "ts": "2026-09-30 07:55:25", "age_s": 13569.2}
[2026-09-30 11:42:34] pid=2356 ACTIVE cpu=12967.6s(+57.5s) ws=38MB hb={"stage": "build_arb_tau:start", "ts": "2026-09-30 07:55:25", "age_s": 13629.2}
[2026-09-30 11:43:34] pid=2356 ACTIVE cpu=13025.0s(+57.4s) ws=43MB hb={"stage": "build_arb_tau:start", "ts": "2026-09-30 07:55:25", "age_s": 13689.2}
[2026-09-30 11:44:34] pid=2356 ACTIVE cpu=13082.5s(+57.5s) ws=46MB hb={"stage": "build_arb_tau:start", "ts": "2026-09-30 07:55:25", "age_s": 13749.2}
[2026-09-30 11:45:34] pid=2356 ACTIVE cpu=13141.2s(+58.7s) ws=42MB hb={"stage": "build_arb_tau:start", "ts": "2026-09-30 07:55:25", "age_s": 13809.2}
[2026-09-30 11:46:34] pid=2356 ACTIVE cpu=13197.0s(+55.8s) ws=35MB hb={"stage": "build_arb_tau:start", "ts": "2026-09-30 07:55:25", "age_s": 13869.2}
[2026-09-30 11:47:34] pid=2356 ACTIVE cpu=13255.3s(+58.3s) ws=43MB hb={"stage": "build_arb_tau:start", "ts": "2026-09-30 07:55:25", "age_s": 13929.2}
[2026-09-30 11:48:34] pid=2356 ACTIVE cpu=13313.1s(+57.8s) ws=43MB hb={"stage": "build_arb_tau:start", "ts": "2026-09-30 07:55:25", "age_s": 13989.2}
[2026-09-30 11:49:34] pid=2356 ACTIVE cpu=13372.0s(+58.9s) ws=43MB hb={"stage": "build_arb_tau:start", "ts": "2026-09-30 07:55:25", "age_s": 14049.2}
[2026-09-30 11:50:34] pid=2356 ACTIVE cpu=13430.8s(+58.8s) ws=39MB hb={"stage": "build_arb_tau:start", "ts": "2026-09-30 07:55:25", "age_s": 14109.2}
[2026-09-30 11:51:34] pid=2356 ACTIVE cpu=13489.6s(+58.8s) ws=46MB hb={"stage": "build_arb_tau:start", "ts": "2026-09-30 07:55:25", "age_s": 14169.2}
[2026-09-30 11:52:34] pid=2356 ACTIVE cpu=13548.1s(+58.5s) ws=47MB hb={"stage": "build_arb_tau:start", "ts": "2026-09-30 07:55:25", "age_s": 14229.2}
[2026-09-30 11:53:34] pid=2356 ACTIVE cpu=13606.7s(+58.6s) ws=45MB hb={"stage": "build_arb_tau:start", "ts": "2026-09-30 07:55:25", "age_s": 14289.2}
[2026-09-30 11:54:34] pid=2356 ACTIVE cpu=13665.5s(+58.8s) ws=41MB hb={"stage": "build_arb_tau:start", "ts": "2026-09-30 07:55:25", "age_s": 14349.2}
[2026-09-30 11:55:34] pid=2356 ACTIVE cpu=13724.2s(+58.7s) ws=49MB hb={"stage": "build_arb_tau:start", "ts": "2026-09-30 07:55:25", "age_s": 14409.2}
[2026-09-30 11:56:34] pid=2356 ACTIVE cpu=13783.1s(+58.9s) ws=49MB hb={"stage": "build_arb_tau:start", "ts": "2026-09-30 07:55:25", "age_s": 14469.2}
[2026-09-30 11:57:34] pid=2356 ACTIVE cpu=13841.8s(+58.7s) ws=43MB hb={"stage": "build_arb_tau:start", "ts": "2026-09-30 07:55:25", "age_s": 14529.2}
[2026-09-30 11:58:34] pid=2356 ACTIVE cpu=13900.5s(+58.8s) ws=41MB hb={"stage": "build_arb_tau:start", "ts": "2026-09-30 07:55:25", "age_s": 14589.2}
[2026-09-30 11:59:34] pid=2356 ACTIVE cpu=13959.3s(+58.8s) ws=50MB hb={"stage": "build_arb_tau:start", "ts": "2026-09-30 07:55:25", "age_s": 14649.2}
[2026-09-30 12:00:34] pid=2356 ACTIVE cpu=14018.3s(+59.0s) ws=47MB hb={"stage": "build_arb_tau:start", "ts": "2026-09-30 07:55:25", "age_s": 14709.2}
[2026-09-30 12:01:34] pid=2356 ACTIVE cpu=14076.9s(+58.6s) ws=43MB hb={"stage": "build_arb_tau:start", "ts": "2026-09-30 07:55:25", "age_s": 14769.2}
[2026-09-30 12:02:34] pid=2356 ACTIVE cpu=14135.7s(+58.8s) ws=43MB hb={"stage": "build_arb_tau:start", "ts": "2026-09-30 07:55:25", "age_s": 14829.2}
[2026-09-30 12:03:34] pid=2356 ACTIVE cpu=14194.5s(+58.8s) ws=51MB hb={"stage": "build_arb_tau:start", "ts": "2026-09-30 07:55:25", "age_s": 14889.2}
[2026-09-30 12:04:34] pid=2356 ACTIVE cpu=14253.3s(+58.8s) ws=40MB hb={"stage": "build_arb_tau:start", "ts": "2026-09-30 07:55:25", "age_s": 14949.2}
[2026-09-30 12:05:34] pid=2356 ACTIVE cpu=14312.2s(+58.8s) ws=42MB hb={"stage": "build_arb_tau:start", "ts": "2026-09-30 07:55:25", "age_s": 15009.2}
[2026-09-30 12:06:34] pid=2356 ACTIVE cpu=14370.8s(+58.7s) ws=43MB hb={"stage": "build_arb_tau:start", "ts": "2026-09-30 07:55:25", "age_s": 15069.2}
[2026-09-30 12:07:34] pid=2356 ACTIVE cpu=14428.2s(+57.4s) ws=50MB hb={"stage": "build_arb_tau:start", "ts": "2026-09-30 07:55:25", "age_s": 15129.2}
[2026-09-30 12:08:34] pid=2356 ACTIVE cpu=14486.8s(+58.6s) ws=37MB hb={"stage": "build_arb_tau:start", "ts": "2026-09-30 07:55:25", "age_s": 15189.2}
[2026-09-30 12:09:34] pid=2356 ACTIVE cpu=14545.7s(+58.9s) ws=42MB hb={"stage": "build_arb_tau:start", "ts": "2026-09-30 07:55:25", "age_s": 15249.2}
[2026-09-30 12:10:34] pid=2356 ACTIVE cpu=14604.7s(+59.0s) ws=42MB hb={"stage": "build_arb_tau:start", "ts": "2026-09-30 07:55:25", "age_s": 15309.2}
[2026-09-30 12:11:34] pid=2356 ACTIVE cpu=14663.2s(+58.6s) ws=47MB hb={"stage": "build_arb_tau:start", "ts": "2026-09-30 07:55:25", "age_s": 15369.2}
[2026-09-30 12:12:34] pid=2356 ACTIVE cpu=14722.0s(+58.7s) ws=35MB hb={"stage": "build_arb_tau:start", "ts": "2026-09-30 07:55:25", "age_s": 15429.2}
[2026-09-30 12:13:34] pid=2356 ACTIVE cpu=14780.4s(+58.5s) ws=44MB hb={"stage": "build_arb_tau:start", "ts": "2026-09-30 07:55:25", "age_s": 15489.2}
[2026-09-30 12:14:34] pid=2356 ACTIVE cpu=14839.1s(+58.7s) ws=44MB hb={"stage": "build_arb_tau:start", "ts": "2026-09-30 07:55:25", "age_s": 15549.2}
[2026-09-30 12:15:34] pid=2356 ACTIVE cpu=14898.0s(+58.9s) ws=53MB hb={"stage": "build_arb_tau:start", "ts": "2026-09-30 07:55:25", "age_s": 15609.2}
[2026-09-30 12:16:34] pid=2356 ACTIVE cpu=14956.8s(+58.8s) ws=40MB hb={"stage": "build_arb_tau:start", "ts": "2026-09-30 07:55:25", "age_s": 15669.2}
[2026-09-30 12:17:34] pid=2356 ACTIVE cpu=15014.8s(+58.1s) ws=47MB hb={"stage": "build_arb_tau:start", "ts": "2026-09-30 07:55:25", "age_s": 15729.2}
[2026-09-30 12:18:34] pid=2356 ACTIVE cpu=15073.0s(+58.1s) ws=47MB hb={"stage": "build_arb_tau:start", "ts": "2026-09-30 07:55:25", "age_s": 15789.2}
[2026-09-30 12:19:34] pid=2356 ACTIVE cpu=15131.3s(+58.4s) ws=47MB hb={"stage": "build_arb_tau:start", "ts": "2026-09-30 07:55:25", "age_s": 15849.2}
[2026-09-30 12:20:34] pid=2356 ACTIVE cpu=15190.2s(+58.8s) ws=40MB hb={"stage": "build_arb_tau:start", "ts": "2026-09-30 07:55:25", "age_s": 15909.2}
[2026-09-30 12:21:34] pid=2356 ACTIVE cpu=15249.1s(+58.9s) ws=46MB hb={"stage": "build_arb_tau:start", "ts": "2026-09-30 07:55:25", "age_s": 15969.2}
[2026-09-30 12:22:34] pid=2356 ACTIVE cpu=15307.4s(+58.3s) ws=46MB hb={"stage": "build_arb_tau:start", "ts": "2026-09-30 07:55:25", "age_s": 16029.2}
[2026-09-30 12:23:34] pid=2356 ACTIVE cpu=15366.0s(+58.6s) ws=45MB hb={"stage": "build_arb_tau:start", "ts": "2026-09-30 07:55:25", "age_s": 16089.2}
[2026-09-30 12:24:34] pid=2356 ACTIVE cpu=15424.7s(+58.7s) ws=38MB hb={"stage": "build_arb_tau:start", "ts": "2026-09-30 07:55:25", "age_s": 16149.2}
[2026-09-30 12:25:34] pid=2356 ACTIVE cpu=15483.6s(+58.9s) ws=42MB hb={"stage": "build_arb_tau:start", "ts": "2026-09-30 07:55:25", "age_s": 16209.2}
[2026-09-30 12:26:34] pid=2356 ACTIVE cpu=15542.4s(+58.8s) ws=46MB hb={"stage": "build_arb_tau:start", "ts": "2026-09-30 07:55:25", "age_s": 16269.2}
[2026-09-30 12:27:34] pid=2356 ACTIVE cpu=15601.0s(+58.7s) ws=47MB hb={"stage": "build_arb_tau:start", "ts": "2026-09-30 07:55:25", "age_s": 16329.2}
[2026-09-30 12:28:34] pid=2356 ACTIVE cpu=15655.1s(+54.1s) ws=41MB hb={"stage": "build_arb_tau:start", "ts": "2026-09-30 07:55:25", "age_s": 16389.2}
[2026-09-30 12:29:34] pid=2356 ACTIVE cpu=15709.3s(+54.2s) ws=43MB hb={"stage": "build_arb_tau:start", "ts": "2026-09-30 07:55:25", "age_s": 16449.2}
[2026-09-30 12:30:34] pid=2356 ACTIVE cpu=15767.9s(+58.6s) ws=51MB hb={"stage": "build_arb_tau:start", "ts": "2026-09-30 07:55:25", "age_s": 16509.2}
[2026-09-30 12:31:34] pid=2356 ACTIVE cpu=15826.5s(+58.5s) ws=52MB hb={"stage": "build_arb_tau:start", "ts": "2026-09-30 07:55:25", "age_s": 16569.2}
[2026-09-30 12:32:34] pid=2356 ACTIVE cpu=15884.9s(+58.4s) ws=57MB hb={"stage": "build_arb_tau:start", "ts": "2026-09-30 07:55:25", "age_s": 16629.3}
[2026-09-30 12:33:34] pid=2356 ACTIVE cpu=15935.8s(+50.8s) ws=55MB hb={"stage": "build_arb_tau:start", "ts": "2026-09-30 07:55:25", "age_s": 16689.3}
[2026-09-30 12:34:34] pid=2356 ACTIVE cpu=15986.1s(+50.3s) ws=51MB hb={"stage": "build_arb_tau:start", "ts": "2026-09-30 07:55:25", "age_s": 16749.3}
[2026-09-30 12:35:34] pid=2356 ACTIVE cpu=16034.9s(+48.8s) ws=46MB hb={"stage": "build_arb_tau:start", "ts": "2026-09-30 07:55:25", "age_s": 16809.3}
[2026-09-30 12:36:34] pid=2356 ACTIVE cpu=16086.8s(+51.9s) ws=53MB hb={"stage": "build_arb_tau:start", "ts": "2026-09-30 07:55:25", "age_s": 16869.3}
[2026-09-30 12:37:34] pid=2356 ACTIVE cpu=16138.2s(+51.5s) ws=54MB hb={"stage": "build_arb_tau:start", "ts": "2026-09-30 07:55:25", "age_s": 16929.3}
[2026-09-30 12:38:34] pid=2356 ACTIVE cpu=16188.7s(+50.5s) ws=56MB hb={"stage": "build_arb_tau:start", "ts": "2026-09-30 07:55:25", "age_s": 16989.3}
[2026-09-30 12:39:34] pid=2356 ACTIVE cpu=16240.4s(+51.7s) ws=62MB hb={"stage": "build_arb_tau:start", "ts": "2026-09-30 07:55:25", "age_s": 17049.3}
[2026-09-30 12:40:34] pid=2356 ACTIVE cpu=16297.6s(+57.2s) ws=63MB hb={"stage": "build_arb_tau:start", "ts": "2026-09-30 07:55:25", "age_s": 17109.3}
[2026-09-30 12:41:34] pid=2356 ACTIVE cpu=16347.2s(+49.6s) ws=60MB hb={"stage": "build_arb_tau:start", "ts": "2026-09-30 07:55:25", "age_s": 17169.3}
[2026-09-30 12:42:34] pid=2356 ACTIVE cpu=16395.1s(+48.0s) ws=50MB hb={"stage": "build_arb_tau:start", "ts": "2026-09-30 07:55:25", "age_s": 17229.3}
[2026-09-30 12:43:34] pid=2356 ACTIVE cpu=16450.1s(+55.0s) ws=50MB hb={"stage": "build_arb_tau:start", "ts": "2026-09-30 07:55:25", "age_s": 17289.3}
[2026-09-30 12:44:34] pid=2356 ACTIVE cpu=16500.5s(+50.3s) ws=51MB hb={"stage": "build_arb_tau:start", "ts": "2026-09-30 07:55:25", "age_s": 17349.3}
[2026-09-30 12:45:34] pid=2356 ACTIVE cpu=16553.0s(+52.6s) ws=58MB hb={"stage": "build_arb_tau:start", "ts": "2026-09-30 07:55:25", "age_s": 17409.3}
[2026-09-30 12:46:34] pid=2356 ACTIVE cpu=16609.6s(+56.6s) ws=62MB hb={"stage": "build_arb_tau:start", "ts": "2026-09-30 07:55:25", "age_s": 17469.3}
[2026-09-30 12:47:34] pid=2356 ACTIVE cpu=16659.0s(+49.3s) ws=66MB hb={"stage": "build_arb_tau:start", "ts": "2026-09-30 07:55:25", "age_s": 17529.3}
[2026-09-30 12:48:34] pid=2356 ACTIVE cpu=16707.7s(+48.8s) ws=76MB hb={"stage": "build_arb_tau:start", "ts": "2026-09-30 07:55:25", "age_s": 17589.3}
[2026-09-30 12:49:34] pid=2356 ACTIVE cpu=16757.1s(+49.4s) ws=73MB hb={"stage": "build_arb_tau:start", "ts": "2026-09-30 07:55:25", "age_s": 17649.3}
[2026-09-30 12:50:34] pid=2356 ACTIVE cpu=16806.4s(+49.2s) ws=68MB hb={"stage": "build_arb_tau:start", "ts": "2026-09-30 07:55:25", "age_s": 17709.3}
[2026-09-30 12:51:34] pid=2356 ACTIVE cpu=16849.2s(+42.8s) ws=56MB hb={"stage": "build_arb_tau:start", "ts": "2026-09-30 07:55:25", "age_s": 17769.3}
[2026-09-30 12:52:34] pid=2356 ACTIVE cpu=16901.1s(+52.0s) ws=56MB hb={"stage": "build_arb_tau:start", "ts": "2026-09-30 07:55:25", "age_s": 17829.4}
[2026-09-30 12:53:34] pid=2356 ACTIVE cpu=16958.9s(+57.7s) ws=53MB hb={"stage": "build_arb_tau:start", "ts": "2026-09-30 07:55:25", "age_s": 17889.4}
[2026-09-30 12:54:34] pid=2356 ACTIVE cpu=17017.2s(+58.3s) ws=62MB hb={"stage": "build_arb_tau:start", "ts": "2026-09-30 07:55:25", "age_s": 17949.4}
[2026-09-30 12:55:34] pid=2356 ACTIVE cpu=17075.5s(+58.3s) ws=62MB hb={"stage": "build_arb_tau:start", "ts": "2026-09-30 07:55:25", "age_s": 18009.4}
[2026-09-30 12:56:34] pid=2356 ACTIVE cpu=17133.5s(+58.1s) ws=71MB hb={"stage": "build_arb_tau:start", "ts": "2026-09-30 07:55:25", "age_s": 18069.4}
[2026-09-30 12:57:34] pid=2356 ACTIVE cpu=17191.3s(+57.7s) ws=72MB hb={"stage": "build_arb_tau:start", "ts": "2026-09-30 07:55:25", "age_s": 18129.4}
[2026-09-30 12:58:34] pid=2356 ACTIVE cpu=17249.2s(+58.0s) ws=77MB hb={"stage": "build_arb_tau:start", "ts": "2026-09-30 07:55:25", "age_s": 18189.4}
[2026-09-30 12:59:34] pid=2356 ACTIVE cpu=17308.1s(+58.8s) ws=74MB hb={"stage": "build_arb_tau:start", "ts": "2026-09-30 07:55:25", "age_s": 18249.6}
[2026-09-30 13:00:34] pid=2356 ACTIVE cpu=17367.3s(+59.2s) ws=62MB hb={"stage": "build_arb_tau:start", "ts": "2026-09-30 07:55:25", "age_s": 18309.7}
[2026-09-30 13:01:34] pid=2356 ACTIVE cpu=17424.0s(+56.7s) ws=59MB hb={"stage": "build_arb_tau:start", "ts": "2026-09-30 07:55:25", "age_s": 18369.7}
[2026-09-30 13:02:34] pid=2356 ACTIVE cpu=17482.0s(+58.0s) ws=54MB hb={"stage": "build_arb_tau:start", "ts": "2026-09-30 07:55:25", "age_s": 18429.7}
[2026-09-30 13:03:34] pid=2356 ACTIVE cpu=17541.7s(+59.7s) ws=61MB hb={"stage": "build_arb_tau:start", "ts": "2026-09-30 07:55:25", "age_s": 18489.7}
[2026-09-30 13:04:34] pid=2356 ACTIVE cpu=17601.5s(+59.8s) ws=63MB hb={"stage": "build_arb_tau:start", "ts": "2026-09-30 07:55:25", "age_s": 18549.7}
[2026-09-30 13:05:34] pid=2356 ACTIVE cpu=17660.9s(+59.4s) ws=70MB hb={"stage": "build_arb_tau:start", "ts": "2026-09-30 07:55:25", "age_s": 18609.7}
[2026-09-30 13:06:34] pid=2356 ACTIVE cpu=17720.6s(+59.8s) ws=78MB hb={"stage": "build_arb_tau:start", "ts": "2026-09-30 07:55:25", "age_s": 18669.7}
[2026-09-30 13:07:34] pid=2356 ACTIVE cpu=17780.2s(+59.6s) ws=78MB hb={"stage": "build_arb_tau:start", "ts": "2026-09-30 07:55:25", "age_s": 18729.7}
[2026-09-30 13:08:34] pid=2356 ACTIVE cpu=17838.4s(+58.2s) ws=76MB hb={"stage": "build_arb_tau:start", "ts": "2026-09-30 07:55:25", "age_s": 18789.7}
[2026-09-30 13:09:34] pid=2356 ACTIVE cpu=17898.1s(+59.7s) ws=60MB hb={"stage": "build_arb_tau:start", "ts": "2026-09-30 07:55:25", "age_s": 18849.7}
[2026-09-30 13:10:34] pid=2356 ACTIVE cpu=17957.9s(+59.8s) ws=51MB hb={"stage": "build_arb_tau:start", "ts": "2026-09-30 07:55:25", "age_s": 18909.7}
[2026-09-30 13:11:34] pid=2356 ACTIVE cpu=18017.7s(+59.8s) ws=58MB hb={"stage": "build_arb_tau:start", "ts": "2026-09-30 07:55:25", "age_s": 18969.7}
[2026-09-30 13:12:34] pid=2356 ACTIVE cpu=18077.1s(+59.4s) ws=59MB hb={"stage": "build_arb_tau:start", "ts": "2026-09-30 07:55:25", "age_s": 19029.7}
[2026-09-30 13:13:34] pid=2356 ACTIVE cpu=18136.7s(+59.7s) ws=64MB hb={"stage": "build_arb_tau:start", "ts": "2026-09-30 07:55:25", "age_s": 19089.7}
[2026-09-30 13:14:34] pid=2356 ACTIVE cpu=18196.5s(+59.7s) ws=47MB hb={"stage": "build_arb_tau:start", "ts": "2026-09-30 07:55:25", "age_s": 19149.7}
[2026-09-30 13:15:34] pid=2356 ACTIVE cpu=18256.2s(+59.8s) ws=43MB hb={"stage": "build_arb_tau:start", "ts": "2026-09-30 07:55:25", "age_s": 19209.7}
[2026-09-30 13:16:34] pid=2356 ACTIVE cpu=18316.1s(+59.8s) ws=52MB hb={"stage": "build_arb_tau:start", "ts": "2026-09-30 07:55:25", "age_s": 19269.7}
[2026-09-30 13:17:34] pid=2356 ACTIVE cpu=18373.1s(+57.0s) ws=51MB hb={"stage": "build_arb_tau:start", "ts": "2026-09-30 07:55:25", "age_s": 19329.7}
[2026-09-30 13:18:34] pid=2356 ACTIVE cpu=18427.8s(+54.7s) ws=55MB hb={"stage": "build_arb_tau:start", "ts": "2026-09-30 07:55:25", "age_s": 19389.7}
[2026-09-30 13:19:34] pid=2356 ACTIVE cpu=18486.3s(+58.5s) ws=43MB hb={"stage": "build_arb_tau:start", "ts": "2026-09-30 07:55:25", "age_s": 19449.7}
[2026-09-30 13:20:34] pid=2356 ACTIVE cpu=18543.3s(+57.0s) ws=48MB hb={"stage": "build_arb_tau:start", "ts": "2026-09-30 07:55:25", "age_s": 19509.7}
[2026-09-30 13:21:34] pid=2356 ACTIVE cpu=18599.0s(+55.7s) ws=48MB hb={"stage": "build_arb_tau:start", "ts": "2026-09-30 07:55:25", "age_s": 19569.7}
[2026-09-30 13:22:34] pid=2356 ACTIVE cpu=18649.6s(+50.6s) ws=50MB hb={"stage": "build_arb_tau:start", "ts": "2026-09-30 07:55:25", "age_s": 19629.7}
[2026-09-30 13:23:34] pid=2356 ACTIVE cpu=18702.4s(+52.8s) ws=55MB hb={"stage": "build_arb_tau:start", "ts": "2026-09-30 07:55:25", "age_s": 19689.7}
[2026-09-30 13:24:34] pid=2356 ACTIVE cpu=18752.5s(+50.1s) ws=56MB hb={"stage": "build_arb_tau:start", "ts": "2026-09-30 07:55:25", "age_s": 19749.7}
[2026-09-30 13:25:34] pid=2356 ACTIVE cpu=18807.9s(+55.4s) ws=63MB hb={"stage": "build_arb_tau:start", "ts": "2026-09-30 07:55:25", "age_s": 19809.7}
[2026-09-30 13:26:34] pid=2356 ACTIVE cpu=18861.2s(+53.3s) ws=53MB hb={"stage": "build_arb_tau:start", "ts": "2026-09-30 07:55:25", "age_s": 19869.7}
[2026-09-30 13:27:34] pid=2356 ACTIVE cpu=18916.1s(+54.9s) ws=47MB hb={"stage": "build_arb_tau:start", "ts": "2026-09-30 07:55:25", "age_s": 19929.7}
[2026-09-30 13:28:34] pid=2356 ACTIVE cpu=18971.0s(+54.9s) ws=47MB hb={"stage": "build_arb_tau:start", "ts": "2026-09-30 07:55:25", "age_s": 19989.7}
[2026-09-30 13:29:34] pid=2356 ACTIVE cpu=19024.3s(+53.3s) ws=50MB hb={"stage": "build_arb_tau:start", "ts": "2026-09-30 07:55:25", "age_s": 20049.7}
[2026-09-30 13:30:34] pid=2356 ACTIVE cpu=19061.7s(+37.5s) ws=56MB hb={"stage": "build_arb_tau:start", "ts": "2026-09-30 07:55:25", "age_s": 20109.7}
[2026-09-30 13:31:34] pid=2356 ACTIVE cpu=19100.5s(+38.8s) ws=56MB hb={"stage": "build_arb_tau:start", "ts": "2026-09-30 07:55:25", "age_s": 20169.8}
[2026-09-30 13:32:34] pid=2356 ACTIVE cpu=19145.6s(+45.1s) ws=57MB hb={"stage": "build_arb_tau:start", "ts": "2026-09-30 07:55:25", "age_s": 20229.8}
[2026-09-30 13:33:34] pid=2356 ACTIVE cpu=19196.5s(+50.9s) ws=63MB hb={"stage": "build_arb_tau:start", "ts": "2026-09-30 07:55:25", "age_s": 20289.8}
[2026-09-30 13:34:34] pid=2356 ACTIVE cpu=19244.8s(+48.2s) ws=53MB hb={"stage": "build_arb_tau:start", "ts": "2026-09-30 07:55:25", "age_s": 20349.8}
[2026-09-30 13:35:34] pid=2356 ACTIVE cpu=19294.3s(+49.5s) ws=51MB hb={"stage": "build_arb_tau:start", "ts": "2026-09-30 07:55:25", "age_s": 20409.8}
[2026-09-30 13:36:34] pid=2356 ACTIVE cpu=19350.1s(+55.8s) ws=43MB hb={"stage": "build_arb_tau:start", "ts": "2026-09-30 07:55:25", "age_s": 20469.8}
[2026-09-30 13:37:34] pid=2356 ACTIVE cpu=19402.0s(+51.9s) ws=52MB hb={"stage": "build_arb_tau:start", "ts": "2026-09-30 07:55:25", "age_s": 20529.8}
[2026-09-30 13:38:34] pid=2356 ACTIVE cpu=19456.8s(+54.8s) ws=52MB hb={"stage": "build_arb_tau:start", "ts": "2026-09-30 07:55:25", "age_s": 20589.8}
[2026-09-30 13:39:35] pid=2356 ACTIVE cpu=19512.2s(+55.4s) ws=59MB hb={"stage": "build_arb_tau:start", "ts": "2026-09-30 07:55:25", "age_s": 20650.1}
[2026-09-30 13:40:35] pid=2356 ACTIVE cpu=19569.6s(+57.4s) ws=59MB hb={"stage": "build_arb_tau:start", "ts": "2026-09-30 07:55:25", "age_s": 20710.3}
[2026-09-30 13:41:35] pid=2356 ACTIVE cpu=19626.2s(+56.6s) ws=67MB hb={"stage": "build_arb_tau:start", "ts": "2026-09-30 07:55:25", "age_s": 20770.3}
[2026-09-30 13:42:35] pid=2356 ACTIVE cpu=19685.1s(+59.0s) ws=64MB hb={"stage": "build_arb_tau:start", "ts": "2026-09-30 07:55:25", "age_s": 20830.3}
[2026-09-30 13:43:35] pid=2356 ACTIVE cpu=19743.7s(+58.5s) ws=60MB hb={"stage": "build_arb_tau:start", "ts": "2026-09-30 07:55:25", "age_s": 20890.3}
[2026-09-30 13:44:35] pid=2356 ACTIVE cpu=19802.8s(+59.1s) ws=47MB hb={"stage": "build_arb_tau:start", "ts": "2026-09-30 07:55:25", "age_s": 20950.3}
[2026-09-30 13:45:35] pid=2356 ACTIVE cpu=19859.6s(+56.8s) ws=53MB hb={"stage": "build_arb_tau:start", "ts": "2026-09-30 07:55:25", "age_s": 21010.3}
[2026-09-30 13:46:35] pid=2356 ACTIVE cpu=19918.7s(+59.1s) ws=54MB hb={"stage": "build_arb_tau:start", "ts": "2026-09-30 07:55:25", "age_s": 21070.3}
[2026-09-30 13:47:35] pid=2356 ACTIVE cpu=19976.7s(+58.0s) ws=50MB hb={"stage": "build_arb_tau:start", "ts": "2026-09-30 07:55:25", "age_s": 21130.3}
[2026-09-30 13:48:35] pid=2356 ACTIVE cpu=20035.8s(+59.1s) ws=36MB hb={"stage": "build_arb_tau:start", "ts": "2026-09-30 07:55:25", "age_s": 21190.3}
[2026-09-30 13:49:35] pid=2356 ACTIVE cpu=20094.3s(+58.5s) ws=41MB hb={"stage": "build_arb_tau:start", "ts": "2026-09-30 07:55:25", "age_s": 21250.3}
[2026-09-30 13:50:35] pid=2356 ACTIVE cpu=20153.1s(+58.8s) ws=44MB hb={"stage": "build_arb_tau:start", "ts": "2026-09-30 07:55:25", "age_s": 21310.3}
[2026-09-30 13:51:35] pid=2356 ACTIVE cpu=20212.4s(+59.2s) ws=45MB hb={"stage": "build_arb_tau:start", "ts": "2026-09-30 07:55:25", "age_s": 21370.3}
[2026-09-30 13:52:35] pid=2356 ACTIVE cpu=20271.2s(+58.8s) ws=37MB hb={"stage": "build_arb_tau:start", "ts": "2026-09-30 07:55:25", "age_s": 21430.3}
[2026-09-30 13:53:35] pid=2356 ACTIVE cpu=20330.1s(+58.9s) ws=44MB hb={"stage": "build_arb_tau:start", "ts": "2026-09-30 07:55:25", "age_s": 21490.3}
[2026-09-30 13:54:35] pid=2356 ACTIVE cpu=20388.7s(+58.6s) ws=50MB hb={"stage": "build_arb_tau:start", "ts": "2026-09-30 07:55:25", "age_s": 21550.3}
[2026-09-30 13:55:35] pid=2356 ACTIVE cpu=20447.5s(+58.8s) ws=41MB hb={"stage": "build_arb_tau:start", "ts": "2026-09-30 07:55:25", "age_s": 21610.3}
[2026-09-30 13:56:35] pid=2356 ACTIVE cpu=20505.4s(+57.9s) ws=42MB hb={"stage": "build_arb_tau:start", "ts": "2026-09-30 07:55:25", "age_s": 21670.3}
[2026-09-30 13:57:35] pid=2356 ACTIVE cpu=20562.7s(+57.3s) ws=43MB hb={"stage": "build_arb_tau:start", "ts": "2026-09-30 07:55:25", "age_s": 21730.3}
[2026-09-30 13:58:35] pid=2356 ACTIVE cpu=20620.2s(+57.5s) ws=48MB hb={"stage": "build_arb_tau:start", "ts": "2026-09-30 07:55:25", "age_s": 21790.4}
[2026-09-30 13:59:35] pid=2356 ACTIVE cpu=20677.5s(+57.3s) ws=35MB hb={"stage": "build_arb_tau:start", "ts": "2026-09-30 07:55:25", "age_s": 21850.4}
[2026-09-30 14:00:35] pid=2356 ACTIVE cpu=20736.4s(+58.9s) ws=41MB hb={"stage": "build_arb_tau:start", "ts": "2026-09-30 07:55:25", "age_s": 21910.4}
[2026-09-30 14:01:35] pid=2356 ACTIVE cpu=20796.3s(+59.9s) ws=45MB hb={"stage": "build_arb_tau:start", "ts": "2026-09-30 07:55:25", "age_s": 21970.4}
[2026-09-30 14:02:35] pid=2356 ACTIVE cpu=20851.8s(+55.5s) ws=38MB hb={"stage": "build_arb_tau:start", "ts": "2026-09-30 07:55:25", "age_s": 22030.4}
[2026-09-30 14:03:35] pid=2356 ACTIVE cpu=20910.3s(+58.5s) ws=44MB hb={"stage": "build_arb_tau:start", "ts": "2026-09-30 07:55:25", "age_s": 22090.4}
[2026-09-30 14:04:35] pid=2356 ACTIVE cpu=20957.0s(+46.7s) ws=50MB hb={"stage": "build_arb_tau:start", "ts": "2026-09-30 07:55:25", "age_s": 22150.4}
[2026-09-30 14:05:35] pid=2356 ACTIVE cpu=21011.8s(+54.9s) ws=45MB hb={"stage": "build_arb_tau:start", "ts": "2026-09-30 07:55:25", "age_s": 22210.4}
[2026-09-30 14:06:35] pid=2356 ACTIVE cpu=21069.3s(+57.5s) ws=44MB hb={"stage": "build_arb_tau:start", "ts": "2026-09-30 07:55:25", "age_s": 22270.4}
[2026-09-30 14:07:35] pid=2356 ACTIVE cpu=21128.3s(+59.0s) ws=52MB hb={"stage": "build_arb_tau:start", "ts": "2026-09-30 07:55:25", "age_s": 22330.4}
[2026-09-30 14:08:35] pid=2356 ACTIVE cpu=21174.0s(+45.7s) ws=53MB hb={"stage": "build_arb_tau:start", "ts": "2026-09-30 07:55:25", "age_s": 22390.4}
[2026-09-30 14:09:35] pid=2356 ACTIVE cpu=21229.7s(+55.6s) ws=61MB hb={"stage": "build_arb_tau:start", "ts": "2026-09-30 07:55:25", "age_s": 22450.4}
[2026-09-30 14:10:35] pid=2356 ACTIVE cpu=21280.4s(+50.8s) ws=63MB hb={"stage": "build_arb_tau:start", "ts": "2026-09-30 07:55:25", "age_s": 22510.5}
[2026-09-30 14:11:35] pid=2356 ACTIVE cpu=21287.2s(+6.8s) ws=63MB hb={"stage": "build_arb_tau:start", "ts": "2026-09-30 07:55:25", "age_s": 22570.6}
[2026-09-30 14:12:35] pid=2356 ACTIVE cpu=21320.9s(+33.6s) ws=63MB hb={"stage": "build_arb_tau:start", "ts": "2026-09-30 07:55:25", "age_s": 22630.9}
[2026-09-30 14:13:35] pid=2356 ACTIVE cpu=21374.2s(+53.3s) ws=54MB hb={"stage": "build_arb_tau:start", "ts": "2026-09-30 07:55:25", "age_s": 22690.9}
[2026-09-30 14:14:35] pid=2356 ACTIVE cpu=21428.7s(+54.5s) ws=52MB hb={"stage": "build_arb_tau:start", "ts": "2026-09-30 07:55:25", "age_s": 22750.9}
[2026-09-30 14:15:35] pid=2356 ACTIVE cpu=21481.6s(+53.0s) ws=53MB hb={"stage": "build_arb_tau:start", "ts": "2026-09-30 07:55:25", "age_s": 22810.9}
[2026-09-30 14:16:35] pid=2356 ACTIVE cpu=21528.3s(+46.6s) ws=53MB hb={"stage": "build_arb_tau:start", "ts": "2026-09-30 07:55:25", "age_s": 22870.9}
[2026-09-30 14:17:35] pid=2356 ACTIVE cpu=21579.0s(+50.7s) ws=61MB hb={"stage": "build_arb_tau:start", "ts": "2026-09-30 07:55:25", "age_s": 22930.9}
[2026-09-30 14:18:35] pid=2356 ACTIVE cpu=21628.8s(+49.8s) ws=61MB hb={"stage": "build_arb_tau:start", "ts": "2026-09-30 07:55:25", "age_s": 22990.9}
[2026-09-30 14:19:35] pid=2356 ACTIVE cpu=21677.9s(+49.1s) ws=69MB hb={"stage": "build_arb_tau:start", "ts": "2026-09-30 07:55:25", "age_s": 23050.9}
[2026-09-30 14:20:35] pid=2356 ACTIVE cpu=21730.0s(+52.1s) ws=70MB hb={"stage": "build_arb_tau:start", "ts": "2026-09-30 07:55:25", "age_s": 23110.9}
[2026-09-30 14:21:35] pid=2356 ACTIVE cpu=21772.0s(+42.0s) ws=66MB hb={"stage": "build_arb_tau:start", "ts": "2026-09-30 07:55:25", "age_s": 23170.9}
[2026-09-30 14:22:35] pid=2356 ACTIVE cpu=21826.0s(+54.0s) ws=56MB hb={"stage": "build_arb_tau:start", "ts": "2026-09-30 07:55:25", "age_s": 23230.9}
[2026-09-30 14:23:35] pid=2356 ACTIVE cpu=21879.7s(+53.7s) ws=53MB hb={"stage": "build_arb_tau:start", "ts": "2026-09-30 07:55:25", "age_s": 23290.9}
[2026-09-30 14:24:35] pid=2356 ACTIVE cpu=21937.0s(+57.2s) ws=54MB hb={"stage": "build_arb_tau:start", "ts": "2026-09-30 07:55:25", "age_s": 23350.9}
[2026-09-30 14:25:35] pid=2356 ACTIVE cpu=21995.1s(+58.1s) ws=59MB hb={"stage": "build_arb_tau:start", "ts": "2026-09-30 07:55:25", "age_s": 23410.9}
[2026-09-30 14:26:35] pid=2356 ACTIVE cpu=22052.7s(+57.7s) ws=67MB hb={"stage": "build_arb_tau:start", "ts": "2026-09-30 07:55:25", "age_s": 23470.9}
[2026-09-30 14:27:35] pid=2356 ACTIVE cpu=22109.2s(+56.5s) ws=75MB hb={"stage": "build_arb_tau:start", "ts": "2026-09-30 07:55:25", "age_s": 23530.9}
[2026-09-30 14:28:36] pid=2356 ACTIVE cpu=22163.1s(+53.9s) ws=76MB hb={"stage": "build_arb_tau:start", "ts": "2026-09-30 07:55:25", "age_s": 23591.6}
[2026-09-30 14:29:36] pid=2356 ACTIVE cpu=22219.9s(+56.8s) ws=83MB hb={"stage": "build_arb_tau:start", "ts": "2026-09-30 07:55:25", "age_s": 23651.6}
[2026-09-30 14:30:36] pid=2356 ACTIVE cpu=22277.4s(+57.5s) ws=80MB hb={"stage": "build_arb_tau:start", "ts": "2026-09-30 07:55:25", "age_s": 23711.6}
[2026-09-30 14:31:36] pid=2356 ACTIVE cpu=22335.0s(+57.6s) ws=68MB hb={"stage": "build_arb_tau:start", "ts": "2026-09-30 07:55:25", "age_s": 23771.6}
[2026-09-30 14:32:36] pid=2356 ACTIVE cpu=22382.5s(+47.4s) ws=61MB hb={"stage": "build_arb_tau:start", "ts": "2026-09-30 07:55:25", "age_s": 23831.6}
[2026-09-30 14:33:36] pid=2356 ACTIVE cpu=22419.4s(+36.9s) ws=55MB hb={"stage": "build_arb_tau:start", "ts": "2026-09-30 07:55:25", "age_s": 23891.6}
[2026-09-30 14:34:36] pid=2356 ACTIVE cpu=22462.4s(+43.0s) ws=62MB hb={"stage": "build_arb_tau:start", "ts": "2026-09-30 07:55:25", "age_s": 23951.6}
[2026-09-30 14:35:36] pid=2356 ACTIVE cpu=22509.0s(+46.7s) ws=62MB hb={"stage": "build_arb_tau:start", "ts": "2026-09-30 07:55:25", "age_s": 24011.6}
[2026-09-30 14:36:36] pid=2356 ACTIVE cpu=22557.7s(+48.7s) ws=65MB hb={"stage": "build_arb_tau:start", "ts": "2026-09-30 07:55:25", "age_s": 24071.6}
[2026-09-30 14:37:36] pid=2356 ACTIVE cpu=22610.9s(+53.2s) ws=69MB hb={"stage": "build_arb_tau:start", "ts": "2026-09-30 07:55:25", "age_s": 24131.6}
[2026-09-30 14:38:36] pid=2356 ACTIVE cpu=22666.8s(+55.8s) ws=77MB hb={"stage": "build_arb_tau:start", "ts": "2026-09-30 07:55:25", "age_s": 24191.6}
[2026-09-30 14:39:36] pid=2356 ACTIVE cpu=22720.0s(+53.2s) ws=80MB hb={"stage": "build_arb_tau:start", "ts": "2026-09-30 07:55:25", "age_s": 24251.6}
[2026-09-30 14:40:36] pid=2356 ACTIVE cpu=22774.2s(+54.2s) ws=72MB hb={"stage": "build_arb_tau:start", "ts": "2026-09-30 07:55:25", "age_s": 24311.6}
[2026-09-30 14:41:36] pid=2356 ACTIVE cpu=22829.5s(+55.2s) ws=70MB hb={"stage": "build_arb_tau:start", "ts": "2026-09-30 07:55:25", "age_s": 24371.7}
[2026-09-30 14:42:36] pid=2356 ACTIVE cpu=22883.9s(+54.4s) ws=69MB hb={"stage": "build_arb_tau:start", "ts": "2026-09-30 07:55:25", "age_s": 24431.7}
[2026-09-30 14:43:36] pid=2356 ACTIVE cpu=22940.8s(+57.0s) ws=68MB hb={"stage": "build_arb_tau:start", "ts": "2026-09-30 07:55:25", "age_s": 24491.7}
[2026-09-30 14:44:36] pid=2356 ACTIVE cpu=22998.0s(+57.2s) ws=65MB hb={"stage": "build_arb_tau:start", "ts": "2026-09-30 07:55:25", "age_s": 24551.7}
[2026-09-30 14:45:36] pid=2356 ACTIVE cpu=23052.7s(+54.7s) ws=60MB hb={"stage": "build_arb_tau:start", "ts": "2026-09-30 07:55:25", "age_s": 24611.7}
[2026-09-30 14:46:36] pid=2356 ACTIVE cpu=23111.7s(+59.0s) ws=67MB hb={"stage": "build_arb_tau:start", "ts": "2026-09-30 07:55:25", "age_s": 24671.7}
[2026-09-30 14:47:36] pid=2356 ACTIVE cpu=23170.3s(+58.5s) ws=75MB hb={"stage": "build_arb_tau:start", "ts": "2026-09-30 07:55:25", "age_s": 24731.7}
[2026-09-30 14:48:36] pid=2356 ACTIVE cpu=23224.1s(+53.8s) ws=76MB hb={"stage": "build_arb_tau:start", "ts": "2026-09-30 07:55:25", "age_s": 24791.8}
[2026-09-30 14:49:36] pid=2356 ACTIVE cpu=23281.0s(+56.9s) ws=83MB hb={"stage": "build_arb_tau:start", "ts": "2026-09-30 07:55:25", "age_s": 24851.8}
[2026-09-30 14:50:36] pid=2356 ACTIVE cpu=23338.4s(+57.5s) ws=90MB hb={"stage": "build_arb_tau:start", "ts": "2026-09-30 07:55:25", "age_s": 24911.9}
[2026-09-30 14:51:36] pid=2356 ACTIVE cpu=23396.0s(+57.6s) ws=83MB hb={"stage": "build_arb_tau:start", "ts": "2026-09-30 07:55:25", "age_s": 24971.9}
[2026-09-30 14:52:36] pid=2356 ACTIVE cpu=23450.8s(+54.9s) ws=76MB hb={"stage": "build_arb_tau:start", "ts": "2026-09-30 07:55:25", "age_s": 25031.9}
[2026-09-30 14:53:36] pid=2356 ACTIVE cpu=23506.2s(+55.4s) ws=70MB hb={"stage": "build_arb_tau:start", "ts": "2026-09-30 07:55:25", "age_s": 25091.9}
[2026-09-30 14:54:36] pid=2356 ACTIVE cpu=23559.8s(+53.6s) ws=61MB hb={"stage": "build_arb_tau:start", "ts": "2026-09-30 07:55:25", "age_s": 25151.9}
[2026-09-30 14:55:36] pid=2356 ACTIVE cpu=23609.6s(+49.8s) ws=64MB hb={"stage": "build_arb_tau:start", "ts": "2026-09-30 07:55:25", "age_s": 25211.9}
[2026-09-30 14:56:37] pid=2356 ACTIVE cpu=23658.7s(+49.0s) ws=66MB hb={"stage": "build_arb_tau:start", "ts": "2026-09-30 07:55:25", "age_s": 25272.2}
[2026-09-30 14:57:37] pid=2356 ACTIVE cpu=23705.4s(+46.7s) ws=72MB hb={"stage": "build_arb_tau:start", "ts": "2026-09-30 07:55:25", "age_s": 25332.2}
[2026-09-30 14:58:37] pid=2356 ACTIVE cpu=23754.5s(+49.1s) ws=73MB hb={"stage": "build_arb_tau:start", "ts": "2026-09-30 07:55:25", "age_s": 25392.2}
[2026-09-30 14:59:37] pid=2356 ACTIVE cpu=23807.9s(+53.4s) ws=80MB hb={"stage": "build_arb_tau:start", "ts": "2026-09-30 07:55:25", "age_s": 25452.2}
[2026-09-30 15:00:37] pid=2356 ACTIVE cpu=23859.2s(+51.3s) ws=80MB hb={"stage": "build_arb_tau:start", "ts": "2026-09-30 07:55:25", "age_s": 25512.2}
[2026-09-30 15:01:37] pid=2356 ACTIVE cpu=23908.9s(+49.7s) ws=70MB hb={"stage": "build_arb_tau:start", "ts": "2026-09-30 07:55:25", "age_s": 25572.2}
[2026-09-30 15:02:37] pid=2356 ACTIVE cpu=23956.7s(+47.8s) ws=60MB hb={"stage": "build_arb_tau:start", "ts": "2026-09-30 07:55:25", "age_s": 25632.2}
[2026-09-30 15:03:37] pid=2356 ACTIVE cpu=24002.0s(+45.3s) ws=55MB hb={"stage": "build_arb_tau:start", "ts": "2026-09-30 07:55:25", "age_s": 25692.2}
[2026-09-30 15:04:37] pid=2356 ACTIVE cpu=24050.8s(+48.8s) ws=51MB hb={"stage": "build_arb_tau:start", "ts": "2026-09-30 07:55:25", "age_s": 25752.2}
[2026-09-30 15:05:37] pid=2356 ACTIVE cpu=24107.3s(+56.5s) ws=59MB hb={"stage": "build_arb_tau:start", "ts": "2026-09-30 07:55:25", "age_s": 25812.2}
[2026-09-30 15:06:37] pid=2356 ACTIVE cpu=24163.9s(+56.6s) ws=67MB hb={"stage": "build_arb_tau:start", "ts": "2026-09-30 07:55:25", "age_s": 25872.2}
[2026-09-30 15:07:37] pid=2356 ACTIVE cpu=24221.2s(+57.3s) ws=68MB hb={"stage": "build_arb_tau:start", "ts": "2026-09-30 07:55:25", "age_s": 25932.2}
[2026-09-30 15:08:37] pid=2356 ACTIVE cpu=24278.7s(+57.4s) ws=74MB hb={"stage": "build_arb_tau:start", "ts": "2026-09-30 07:55:25", "age_s": 25992.2}
[2026-09-30 15:09:37] pid=2356 ACTIVE cpu=24332.8s(+54.1s) ws=82MB hb={"stage": "build_arb_tau:start", "ts": "2026-09-30 07:55:25", "age_s": 26052.2}
[2026-09-30 15:10:37] pid=2356 ACTIVE cpu=24386.5s(+53.7s) ws=74MB hb={"stage": "build_arb_tau:start", "ts": "2026-09-30 07:55:25", "age_s": 26112.2}
[2026-09-30 15:11:37] pid=2356 ACTIVE cpu=24417.5s(+31.0s) ws=62MB hb={"stage": "build_arb_tau:start", "ts": "2026-09-30 07:55:25", "age_s": 26172.2}
[2026-09-30 15:12:37] pid=2356 ACTIVE cpu=24462.5s(+45.0s) ws=59MB hb={"stage": "build_arb_tau:start", "ts": "2026-09-30 07:55:25", "age_s": 26232.2}
[2026-09-30 15:13:37] pid=2356 ACTIVE cpu=24510.5s(+48.0s) ws=52MB hb={"stage": "build_arb_tau:start", "ts": "2026-09-30 07:55:25", "age_s": 26292.2}
[2026-09-30 15:14:37] pid=2356 ACTIVE cpu=24563.4s(+52.9s) ws=57MB hb={"stage": "build_arb_tau:start", "ts": "2026-09-30 07:55:25", "age_s": 26352.2}
[2026-09-30 15:15:37] pid=2356 ACTIVE cpu=24606.1s(+42.7s) ws=57MB hb={"stage": "build_arb_tau:start", "ts": "2026-09-30 07:55:25", "age_s": 26412.2}
[2026-09-30 15:16:37] pid=2356 ACTIVE cpu=24658.3s(+52.2s) ws=60MB hb={"stage": "build_arb_tau:start", "ts": "2026-09-30 07:55:25", "age_s": 26472.2}
[2026-09-30 15:17:37] pid=2356 ACTIVE cpu=24706.5s(+48.2s) ws=65MB hb={"stage": "build_arb_tau:start", "ts": "2026-09-30 07:55:25", "age_s": 26532.2}
[2026-09-30 15:18:37] pid=2356 ACTIVE cpu=24761.2s(+54.7s) ws=66MB hb={"stage": "build_arb_tau:start", "ts": "2026-09-30 07:55:25", "age_s": 26592.2}
[2026-09-30 15:19:37] pid=2356 ACTIVE cpu=24814.9s(+53.8s) ws=68MB hb={"stage": "build_arb_tau:start", "ts": "2026-09-30 07:55:25", "age_s": 26652.2}
[2026-09-30 15:20:37] pid=2356 ACTIVE cpu=24870.5s(+55.5s) ws=57MB hb={"stage": "build_arb_tau:start", "ts": "2026-09-30 07:55:25", "age_s": 26712.2}
[2026-09-30 15:21:37] pid=2356 ACTIVE cpu=24927.9s(+57.4s) ws=53MB hb={"stage": "build_arb_tau:start", "ts": "2026-09-30 07:55:25", "age_s": 26772.2}
[2026-09-30 15:22:37] pid=2356 ACTIVE cpu=24981.1s(+53.2s) ws=48MB hb={"stage": "build_arb_tau:start", "ts": "2026-09-30 07:55:25", "age_s": 26832.3}
[2026-09-30 15:23:37] pid=2356 ACTIVE cpu=25035.7s(+54.6s) ws=54MB hb={"stage": "build_arb_tau:start", "ts": "2026-09-30 07:55:25", "age_s": 26892.3}
[2026-09-30 15:24:37] pid=2356 ACTIVE cpu=25086.0s(+50.3s) ws=55MB hb={"stage": "build_arb_tau:start", "ts": "2026-09-30 07:55:25", "age_s": 26952.3}
[2026-09-30 15:25:37] pid=2356 ACTIVE cpu=25142.3s(+56.3s) ws=62MB hb={"stage": "build_arb_tau:start", "ts": "2026-09-30 07:55:25", "age_s": 27012.3}
[2026-09-30 15:26:37] pid=2356 ACTIVE cpu=25200.1s(+57.8s) ws=63MB hb={"stage": "build_arb_tau:start", "ts": "2026-09-30 07:55:25", "age_s": 27072.3}
[2026-09-30 15:27:37] pid=2356 ACTIVE cpu=25257.4s(+57.3s) ws=70MB hb={"stage": "build_arb_tau:start", "ts": "2026-09-30 07:55:25", "age_s": 27132.3}
[2026-09-30 15:28:37] pid=2356 ACTIVE cpu=25315.6s(+58.2s) ws=64MB hb={"stage": "build_arb_tau:start", "ts": "2026-09-30 07:55:25", "age_s": 27192.3}
[2026-09-30 15:29:37] pid=2356 ACTIVE cpu=25374.3s(+58.6s) ws=60MB hb={"stage": "build_arb_tau:start", "ts": "2026-09-30 07:55:25", "age_s": 27252.3}
[2026-09-30 15:30:37] pid=2356 ACTIVE cpu=25431.8s(+57.6s) ws=51MB hb={"stage": "build_arb_tau:start", "ts": "2026-09-30 07:55:25", "age_s": 27312.3}
[2026-09-30 15:31:37] pid=2356 ACTIVE cpu=25489.8s(+58.0s) ws=55MB hb={"stage": "build_arb_tau:start", "ts": "2026-09-30 07:55:25", "age_s": 27372.3}
[2026-09-30 15:32:37] pid=2356 ACTIVE cpu=25548.2s(+58.4s) ws=55MB hb={"stage": "build_arb_tau:start", "ts": "2026-09-30 07:55:25", "age_s": 27432.3}
[2026-09-30 15:33:37] pid=2356 ACTIVE cpu=25606.6s(+58.4s) ws=63MB hb={"stage": "build_arb_tau:start", "ts": "2026-09-30 07:55:25", "age_s": 27492.3}
[2026-09-30 15:34:37] pid=2356 ACTIVE cpu=25665.2s(+58.6s) ws=63MB hb={"stage": "build_arb_tau:start", "ts": "2026-09-30 07:55:25", "age_s": 27552.3}
[2026-09-30 15:35:37] pid=2356 ACTIVE cpu=25723.0s(+57.8s) ws=66MB hb={"stage": "build_arb_tau:start", "ts": "2026-09-30 07:55:25", "age_s": 27612.3}
[2026-09-30 15:36:37] pid=2356 ACTIVE cpu=25780.8s(+57.8s) ws=70MB hb={"stage": "build_arb_tau:start", "ts": "2026-09-30 07:55:25", "age_s": 27672.3}
[2026-09-30 15:37:37] pid=2356 ACTIVE cpu=25831.4s(+50.6s) ws=60MB hb={"stage": "build_arb_tau:start", "ts": "2026-09-30 07:55:25", "age_s": 27732.3}
[2026-09-30 15:38:37] pid=2356 ACTIVE cpu=25884.7s(+53.3s) ws=55MB hb={"stage": "build_arb_tau:start", "ts": "2026-09-30 07:55:25", "age_s": 27792.3}
[2026-09-30 15:39:37] pid=2356 ACTIVE cpu=25942.2s(+57.6s) ws=48MB hb={"stage": "build_arb_tau:start", "ts": "2026-09-30 07:55:25", "age_s": 27852.3}
[2026-09-30 15:40:37] pid=2356 ACTIVE cpu=25988.7s(+46.4s) ws=52MB hb={"stage": "build_arb_tau:start", "ts": "2026-09-30 07:55:25", "age_s": 27912.3}
[2026-09-30 15:41:37] pid=2356 ACTIVE cpu=26043.5s(+54.8s) ws=52MB hb={"stage": "build_arb_tau:start", "ts": "2026-09-30 07:55:25", "age_s": 27972.3}
[2026-09-30 15:42:37] pid=2356 ACTIVE cpu=26098.2s(+54.8s) ws=60MB hb={"stage": "build_arb_tau:start", "ts": "2026-09-30 07:55:25", "age_s": 28032.3}
[2026-09-30 15:43:37] pid=2356 ACTIVE cpu=26153.1s(+54.9s) ws=60MB hb={"stage": "build_arb_tau:start", "ts": "2026-09-30 07:55:25", "age_s": 28092.3}
[2026-09-30 15:44:37] pid=2356 ACTIVE cpu=26207.4s(+54.3s) ws=68MB hb={"stage": "build_arb_tau:start", "ts": "2026-09-30 07:55:25", "age_s": 28152.3}
[2026-09-30 15:45:37] pid=2356 ACTIVE cpu=26263.3s(+55.9s) ws=64MB hb={"stage": "build_arb_tau:start", "ts": "2026-09-30 07:55:25", "age_s": 28212.3}
[2026-09-30 15:46:37] pid=2356 ACTIVE cpu=26318.6s(+55.3s) ws=56MB hb={"stage": "build_arb_tau:start", "ts": "2026-09-30 07:55:25", "age_s": 28272.3}
[2026-09-30 15:47:37] pid=2356 ACTIVE cpu=26371.1s(+52.5s) ws=51MB hb={"stage": "build_arb_tau:start", "ts": "2026-09-30 07:55:25", "age_s": 28332.3}
[2026-09-30 15:48:37] pid=2356 ACTIVE cpu=26427.9s(+56.8s) ws=49MB hb={"stage": "build_arb_tau:start", "ts": "2026-09-30 07:55:25", "age_s": 28392.3}
[2026-09-30 15:49:37] pid=2356 ACTIVE cpu=26481.4s(+53.5s) ws=54MB hb={"stage": "build_arb_tau:start", "ts": "2026-09-30 07:55:25", "age_s": 28452.3}
[2026-09-30 15:50:37] pid=2356 ACTIVE cpu=26526.0s(+44.6s) ws=54MB hb={"stage": "build_arb_tau:start", "ts": "2026-09-30 07:55:25", "age_s": 28512.3}
[2026-09-30 15:51:37] pid=2356 ACTIVE cpu=26579.6s(+53.6s) ws=61MB hb={"stage": "build_arb_tau:start", "ts": "2026-09-30 07:55:25", "age_s": 28572.3}
[2026-09-30 15:52:37] pid=2356 ACTIVE cpu=26633.4s(+53.8s) ws=61MB hb={"stage": "build_arb_tau:start", "ts": "2026-09-30 07:55:25", "age_s": 28632.3}
[2026-09-30 15:53:37] pid=2356 ACTIVE cpu=26687.5s(+54.2s) ws=69MB hb={"stage": "build_arb_tau:start", "ts": "2026-09-30 07:55:25", "age_s": 28692.3}
[2026-09-30 15:54:37] pid=2356 ACTIVE cpu=26740.0s(+52.4s) ws=57MB hb={"stage": "build_arb_tau:start", "ts": "2026-09-30 07:55:25", "age_s": 28752.3}
[2026-09-30 15:55:37] pid=2356 ACTIVE cpu=26792.2s(+52.2s) ws=55MB hb={"stage": "build_arb_tau:start", "ts": "2026-09-30 07:55:25", "age_s": 28812.3}
[2026-09-30 15:56:37] pid=2356 ACTIVE cpu=26840.4s(+48.3s) ws=50MB hb={"stage": "build_arb_tau:start", "ts": "2026-09-30 07:55:25", "age_s": 28872.3}
[2026-09-30 15:57:37] pid=2356 ACTIVE cpu=26892.4s(+51.9s) ws=52MB hb={"stage": "build_arb_tau:start", "ts": "2026-09-30 07:55:25", "age_s": 28932.3}
[2026-09-30 15:58:37] pid=2356 ACTIVE cpu=26944.3s(+51.9s) ws=59MB hb={"stage": "build_arb_tau:start", "ts": "2026-09-30 07:55:25", "age_s": 28992.3}
[2026-09-30 15:59:37] pid=2356 ACTIVE cpu=26999.4s(+55.1s) ws=60MB hb={"stage": "build_arb_tau:start", "ts": "2026-09-30 07:55:25", "age_s": 29052.3}
[2026-09-30 16:00:37] pid=2356 ACTIVE cpu=27056.4s(+57.0s) ws=66MB hb={"stage": "build_arb_tau:start", "ts": "2026-09-30 07:55:25", "age_s": 29112.4}
[2026-09-30 16:01:37] pid=2356 ACTIVE cpu=27110.2s(+53.8s) ws=65MB hb={"stage": "build_arb_tau:start", "ts": "2026-09-30 07:55:25", "age_s": 29172.4}
[2026-09-30 16:02:37] pid=2356 ACTIVE cpu=27161.8s(+51.5s) ws=60MB hb={"stage": "build_arb_tau:start", "ts": "2026-09-30 07:55:25", "age_s": 29232.4}
[2026-09-30 16:03:37] pid=2356 ACTIVE cpu=27215.8s(+54.0s) ws=50MB hb={"stage": "build_arb_tau:start", "ts": "2026-09-30 07:55:25", "age_s": 29292.4}
[2026-09-30 16:04:37] pid=2356 ACTIVE cpu=27272.7s(+56.9s) ws=51MB hb={"stage": "build_arb_tau:start", "ts": "2026-09-30 07:55:25", "age_s": 29352.4}
[2026-09-30 16:05:37] pid=2356 ACTIVE cpu=27330.4s(+57.7s) ws=51MB hb={"stage": "build_arb_tau:start", "ts": "2026-09-30 07:55:25", "age_s": 29412.4}
[2026-09-30 16:06:37] pid=2356 ACTIVE cpu=27389.2s(+58.8s) ws=60MB hb={"stage": "build_arb_tau:start", "ts": "2026-09-30 07:55:25", "age_s": 29472.4}
[2026-09-30 16:07:37] pid=2356 ACTIVE cpu=27444.0s(+54.8s) ws=60MB hb={"stage": "build_arb_tau:start", "ts": "2026-09-30 07:55:25", "age_s": 29532.5}
[2026-09-30 16:08:37] pid=2356 ACTIVE cpu=27500.3s(+56.3s) ws=68MB hb={"stage": "build_arb_tau:start", "ts": "2026-09-30 07:55:25", "age_s": 29592.6}
[2026-09-30 16:09:37] pid=2356 ACTIVE cpu=27558.6s(+58.3s) ws=67MB hb={"stage": "build_arb_tau:start", "ts": "2026-09-30 07:55:25", "age_s": 29652.6}
[2026-09-30 16:10:37] pid=2356 ACTIVE cpu=27616.7s(+58.0s) ws=65MB hb={"stage": "build_arb_tau:start", "ts": "2026-09-30 07:55:25", "age_s": 29712.6}
[2026-09-30 16:11:37] pid=2356 ACTIVE cpu=27674.6s(+57.9s) ws=54MB hb={"stage": "build_arb_tau:start", "ts": "2026-09-30 07:55:25", "age_s": 29772.6}
[2026-09-30 16:12:37] pid=2356 ACTIVE cpu=27732.7s(+58.1s) ws=53MB hb={"stage": "build_arb_tau:start", "ts": "2026-09-30 07:55:25", "age_s": 29832.6}
[2026-09-30 16:13:37] pid=2356 ACTIVE cpu=27775.2s(+42.5s) ws=52MB hb={"stage": "build_arb_tau:start", "ts": "2026-09-30 07:55:25", "age_s": 29892.6}
[2026-09-30 16:14:37] pid=2356 ACTIVE cpu=27825.6s(+50.5s) ws=60MB hb={"stage": "build_arb_tau:start", "ts": "2026-09-30 07:55:25", "age_s": 29952.6}
[2026-09-30 16:15:37] pid=2356 ACTIVE cpu=27871.1s(+45.5s) ws=60MB hb={"stage": "build_arb_tau:start", "ts": "2026-09-30 07:55:25", "age_s": 30012.6}
[2026-09-30 16:16:37] pid=2356 ACTIVE cpu=27926.9s(+55.8s) ws=62MB hb={"stage": "build_arb_tau:start", "ts": "2026-09-30 07:55:25", "age_s": 30072.6}
[2026-09-30 16:17:37] pid=2356 ACTIVE cpu=27956.3s(+29.4s) ws=68MB hb={"stage": "build_arb_tau:start", "ts": "2026-09-30 07:55:25", "age_s": 30132.6}
[2026-09-30 16:18:37] pid=2356 ACTIVE cpu=27992.0s(+35.6s) ws=61MB hb={"stage": "build_arb_tau:start", "ts": "2026-09-30 07:55:25", "age_s": 30192.6}
[2026-09-30 16:19:37] pid=2356 ACTIVE cpu=28030.5s(+38.6s) ws=50MB hb={"stage": "build_arb_tau:start", "ts": "2026-09-30 07:55:25", "age_s": 30252.6}
[2026-09-30 16:20:37] pid=2356 ACTIVE cpu=28073.5s(+43.0s) ws=43MB hb={"stage": "build_arb_tau:start", "ts": "2026-09-30 07:55:25", "age_s": 30312.6}
[2026-09-30 16:21:37] pid=2356 ACTIVE cpu=28122.6s(+49.1s) ws=44MB hb={"stage": "build_arb_tau:start", "ts": "2026-09-30 07:55:25", "age_s": 30372.6}
[2026-09-30 16:22:37] pid=2356 ACTIVE cpu=28168.4s(+45.8s) ws=44MB hb={"stage": "build_arb_tau:start", "ts": "2026-09-30 07:55:25", "age_s": 30432.6}
[2026-09-30 16:23:37] pid=2356 ACTIVE cpu=28215.7s(+47.3s) ws=52MB hb={"stage": "build_arb_tau:start", "ts": "2026-09-30 07:55:25", "age_s": 30492.6}
[2026-09-30 16:24:37] pid=2356 ACTIVE cpu=28271.5s(+55.8s) ws=52MB hb={"stage": "build_arb_tau:start", "ts": "2026-09-30 07:55:25", "age_s": 30552.6}
[2026-09-30 16:25:37] pid=2356 ACTIVE cpu=28330.0s(+58.6s) ws=60MB hb={"stage": "build_arb_tau:start", "ts": "2026-09-30 07:55:25", "age_s": 30612.6}
[2026-09-30 16:26:37] pid=2356 ACTIVE cpu=28384.1s(+54.1s) ws=60MB hb={"stage": "build_arb_tau:start", "ts": "2026-09-30 07:55:25", "age_s": 30672.6}
[2026-09-30 16:27:37] pid=2356 ACTIVE cpu=28436.4s(+52.2s) ws=57MB hb={"stage": "build_arb_tau:start", "ts": "2026-09-30 07:55:25", "age_s": 30732.6}
[2026-09-30 16:28:37] pid=2356 ACTIVE cpu=28483.0s(+46.6s) ws=50MB hb={"stage": "build_arb_tau:start", "ts": "2026-09-30 07:55:25", "age_s": 30792.6}
[2026-09-30 16:29:37] pid=2356 ACTIVE cpu=28522.6s(+39.7s) ws=47MB hb={"stage": "build_arb_tau:start", "ts": "2026-09-30 07:55:25", "age_s": 30852.7}
[2026-09-30 16:30:37] pid=2356 ACTIVE cpu=28561.8s(+39.2s) ws=54MB hb={"stage": "build_arb_tau:start", "ts": "2026-09-30 07:55:25", "age_s": 30912.7}
[2026-09-30 16:31:37] pid=2356 ACTIVE cpu=28613.9s(+52.0s) ws=54MB hb={"stage": "build_arb_tau:start", "ts": "2026-09-30 07:55:25", "age_s": 30972.7}
[2026-09-30 16:32:37] pid=2356 ACTIVE cpu=28665.7s(+51.8s) ws=56MB hb={"stage": "build_arb_tau:start", "ts": "2026-09-30 07:55:25", "age_s": 31032.7}
[2026-09-30 16:33:37] pid=2356 ACTIVE cpu=28719.6s(+53.9s) ws=62MB hb={"stage": "build_arb_tau:start", "ts": "2026-09-30 07:55:25", "age_s": 31092.7}
[2026-09-30 16:34:37] pid=2356 ACTIVE cpu=28765.8s(+46.2s) ws=57MB hb={"stage": "build_arb_tau:start", "ts": "2026-09-30 07:55:25", "age_s": 31152.7}
[2026-09-30 16:35:37] pid=2356 ACTIVE cpu=28813.8s(+48.0s) ws=54MB hb={"stage": "build_arb_tau:start", "ts": "2026-09-30 07:55:25", "age_s": 31212.7}
[2026-09-30 16:36:37] pid=2356 ACTIVE cpu=28854.1s(+40.3s) ws=45MB hb={"stage": "build_arb_tau:start", "ts": "2026-09-30 07:55:25", "age_s": 31272.7}
[2026-09-30 16:37:37] pid=2356 ACTIVE cpu=28899.6s(+45.6s) ws=44MB hb={"stage": "build_arb_tau:start", "ts": "2026-09-30 07:55:25", "age_s": 31332.7}
[2026-09-30 16:38:37] pid=2356 ACTIVE cpu=28949.8s(+50.2s) ws=51MB hb={"stage": "build_arb_tau:start", "ts": "2026-09-30 07:55:25", "age_s": 31392.8}
[2026-09-30 16:39:37] pid=2356 ACTIVE cpu=29000.3s(+50.5s) ws=51MB hb={"stage": "build_arb_tau:start", "ts": "2026-09-30 07:55:25", "age_s": 31452.8}
[2026-09-30 16:40:37] pid=2356 ACTIVE cpu=29048.7s(+48.4s) ws=53MB hb={"stage": "build_arb_tau:start", "ts": "2026-09-30 07:55:25", "age_s": 31512.8}
[2026-09-30 16:41:38] pid=2356 ACTIVE cpu=29081.0s(+32.3s) ws=59MB hb={"stage": "build_arb_tau:start", "ts": "2026-09-30 07:55:25", "age_s": 31573.1}
[2026-09-30 16:42:38] pid=2356 ACTIVE cpu=29109.5s(+28.4s) ws=53MB hb={"stage": "build_arb_tau:start", "ts": "2026-09-30 07:55:25", "age_s": 31633.4}
[2026-09-30 16:43:38] pid=2356 ACTIVE cpu=29145.2s(+35.7s) ws=44MB hb={"stage": "build_arb_tau:start", "ts": "2026-09-30 07:55:25", "age_s": 31693.6}
[2026-09-30 16:44:38] pid=2356 ACTIVE cpu=29191.2s(+46.0s) ws=39MB hb={"stage": "build_arb_tau:start", "ts": "2026-09-30 07:55:25", "age_s": 31753.9}
[2026-09-30 16:45:38] pid=2356 ACTIVE cpu=29245.0s(+53.8s) ws=42MB hb={"stage": "build_arb_tau:start", "ts": "2026-09-30 07:55:25", "age_s": 31813.9}
[2026-09-30 16:46:38] pid=2356 ACTIVE cpu=29290.2s(+45.2s) ws=45MB hb={"stage": "build_arb_tau:start", "ts": "2026-09-30 07:55:25", "age_s": 31874.0}
[2026-09-30 16:47:38] pid=2356 ACTIVE cpu=29339.5s(+49.3s) ws=52MB hb={"stage": "build_arb_tau:start", "ts": "2026-09-30 07:55:25", "age_s": 31934.0}
[2026-09-30 16:48:38] pid=2356 ACTIVE cpu=29392.5s(+52.9s) ws=60MB hb={"stage": "build_arb_tau:start", "ts": "2026-09-30 07:55:25", "age_s": 31994.0}
[2026-09-30 16:49:38] pid=2356 ACTIVE cpu=29450.8s(+58.4s) ws=60MB hb={"stage": "build_arb_tau:start", "ts": "2026-09-30 07:55:25", "age_s": 32054.0}
[2026-09-30 16:50:38] pid=2356 ACTIVE cpu=29510.0s(+59.1s) ws=60MB hb={"stage": "build_arb_tau:start", "ts": "2026-09-30 07:55:25", "age_s": 32114.0}
[2026-09-30 16:51:38] pid=2356 ACTIVE cpu=29563.7s(+53.7s) ws=57MB hb={"stage": "build_arb_tau:start", "ts": "2026-09-30 07:55:25", "age_s": 32174.0}
[2026-09-30 16:52:38] pid=2356 ACTIVE cpu=29621.4s(+57.7s) ws=56MB hb={"stage": "build_arb_tau:start", "ts": "2026-09-30 07:55:25", "age_s": 32234.0}
[2026-09-30 16:53:38] pid=2356 ACTIVE cpu=29677.1s(+55.8s) ws=61MB hb={"stage": "build_arb_tau:start", "ts": "2026-09-30 07:55:25", "age_s": 32294.0}
[2026-09-30 16:54:38] pid=2356 ACTIVE cpu=29735.7s(+58.5s) ws=68MB hb={"stage": "build_arb_tau:start", "ts": "2026-09-30 07:55:25", "age_s": 32354.0}
[2026-09-30 16:55:38] pid=2356 ACTIVE cpu=29794.2s(+58.5s) ws=76MB hb={"stage": "build_arb_tau:start", "ts": "2026-09-30 07:55:25", "age_s": 32414.0}
[2026-09-30 16:56:38] pid=2356 ACTIVE cpu=29847.4s(+53.2s) ws=78MB hb={"stage": "build_arb_tau:start", "ts": "2026-09-30 07:55:25", "age_s": 32474.0}
[2026-09-30 16:57:38] pid=2356 ACTIVE cpu=29905.0s(+57.7s) ws=83MB hb={"stage": "build_arb_tau:start", "ts": "2026-09-30 07:55:25", "age_s": 32534.0}
[2026-09-30 16:58:38] pid=2356 ACTIVE cpu=29964.2s(+59.2s) ws=78MB hb={"stage": "build_arb_tau:start", "ts": "2026-09-30 07:55:25", "age_s": 32594.0}
[2026-09-30 16:59:38] pid=2356 ACTIVE cpu=30023.4s(+59.2s) ws=72MB hb={"stage": "build_arb_tau:start", "ts": "2026-09-30 07:55:25", "age_s": 32654.0}
[2026-09-30 17:00:38] pid=2356 ACTIVE cpu=30082.5s(+59.1s) ws=62MB hb={"stage": "build_arb_tau:start", "ts": "2026-09-30 07:55:25", "age_s": 32714.0}
[2026-09-30 17:01:38] pid=2356 ACTIVE cpu=30139.1s(+56.6s) ws=60MB hb={"stage": "build_arb_tau:start", "ts": "2026-09-30 07:55:25", "age_s": 32774.0}
[2026-09-30 17:02:38] pid=2356 ACTIVE cpu=30195.7s(+56.7s) ws=67MB hb={"stage": "build_arb_tau:start", "ts": "2026-09-30 07:55:25", "age_s": 32834.0}
[2026-09-30 17:03:38] pid=2356 ACTIVE cpu=30248.3s(+52.5s) ws=75MB hb={"stage": "build_arb_tau:start", "ts": "2026-09-30 07:55:25", "age_s": 32894.0}
[2026-09-30 17:04:39] pid=2356 ACTIVE cpu=30305.2s(+56.9s) ws=76MB hb={"stage": "build_arb_tau:start", "ts": "2026-09-30 07:55:25", "age_s": 32954.0}
[2026-09-30 17:05:39] pid=2356 ACTIVE cpu=30362.8s(+57.7s) ws=83MB hb={"stage": "build_arb_tau:start", "ts": "2026-09-30 07:55:25", "age_s": 33014.0}
[2026-09-30 17:06:39] pid=2356 ACTIVE cpu=30418.2s(+55.3s) ws=91MB hb={"stage": "build_arb_tau:start", "ts": "2026-09-30 07:55:25", "age_s": 33074.0}
[2026-09-30 17:07:39] pid=2356 ACTIVE cpu=30476.5s(+58.3s) ws=85MB hb={"stage": "build_arb_tau:start", "ts": "2026-09-30 07:55:25", "age_s": 33134.0}
[2026-09-30 17:08:39] pid=2356 ACTIVE cpu=30533.6s(+57.1s) ws=75MB hb={"stage": "build_arb_tau:start", "ts": "2026-09-30 07:55:25", "age_s": 33194.0}
[2026-09-30 17:09:39] pid=2356 ACTIVE cpu=30590.9s(+57.4s) ws=68MB hb={"stage": "build_arb_tau:start", "ts": "2026-09-30 07:55:25", "age_s": 33254.0}
[2026-09-30 17:10:39] pid=2356 ACTIVE cpu=30645.9s(+55.0s) ws=67MB hb={"stage": "build_arb_tau:start", "ts": "2026-09-30 07:55:25", "age_s": 33314.0}
[2026-09-30 17:11:39] pid=2356 ACTIVE cpu=30703.0s(+57.1s) ws=64MB hb={"stage": "build_arb_tau:start", "ts": "2026-09-30 07:55:25", "age_s": 33374.0}
[2026-09-30 17:12:39] pid=2356 ACTIVE cpu=30760.0s(+57.1s) ws=70MB hb={"stage": "build_arb_tau:start", "ts": "2026-09-30 07:55:25", "age_s": 33434.0}
[2026-09-30 17:13:39] pid=2356 ACTIVE cpu=30814.5s(+54.5s) ws=79MB hb={"stage": "build_arb_tau:start", "ts": "2026-09-30 07:55:25", "age_s": 33494.0}
[2026-09-30 17:14:39] pid=2356 ACTIVE cpu=30871.5s(+57.0s) ws=81MB hb={"stage": "build_arb_tau:start", "ts": "2026-09-30 07:55:25", "age_s": 33554.0}
[2026-09-30 17:15:39] pid=2356 ACTIVE cpu=30927.3s(+55.9s) ws=87MB hb={"stage": "build_arb_tau:start", "ts": "2026-09-30 07:55:25", "age_s": 33614.0}
[2026-09-30 17:16:39] pid=2356 ACTIVE cpu=30983.7s(+56.3s) ws=94MB hb={"stage": "build_arb_tau:start", "ts": "2026-09-30 07:55:25", "age_s": 33674.0}
[2026-09-30 17:17:39] pid=2356 ACTIVE cpu=31040.4s(+56.7s) ws=87MB hb={"stage": "build_arb_tau:start", "ts": "2026-09-30 07:55:25", "age_s": 33734.0}
[2026-09-30 17:18:39] pid=2356 ACTIVE cpu=31099.0s(+58.6s) ws=74MB hb={"stage": "build_arb_tau:start", "ts": "2026-09-30 07:55:25", "age_s": 33794.0}
[2026-09-30 17:19:39] pid=2356 ACTIVE cpu=31153.4s(+54.4s) ws=66MB hb={"stage": "build_arb_tau:start", "ts": "2026-09-30 07:55:25", "age_s": 33854.0}
[2026-09-30 17:20:39] pid=2356 ACTIVE cpu=31207.1s(+53.7s) ws=64MB hb={"stage": "build_arb_tau:start", "ts": "2026-09-30 07:55:25", "age_s": 33914.0}
[2026-09-30 17:21:39] pid=2356 ACTIVE cpu=31245.4s(+38.2s) ws=65MB hb={"stage": "build_arb_tau:start", "ts": "2026-09-30 07:55:25", "age_s": 33974.0}
[2026-09-30 17:22:39] pid=2356 ACTIVE cpu=31297.3s(+52.0s) ws=71MB hb={"stage": "build_arb_tau:start", "ts": "2026-09-30 07:55:25", "age_s": 34034.0}
[2026-09-30 17:23:39] pid=2356 ACTIVE cpu=31354.2s(+56.8s) ws=72MB hb={"stage": "build_arb_tau:start", "ts": "2026-09-30 07:55:25", "age_s": 34094.0}
[2026-09-30 17:24:39] pid=2356 ACTIVE cpu=31409.7s(+55.5s) ws=80MB hb={"stage": "build_arb_tau:start", "ts": "2026-09-30 07:55:25", "age_s": 34154.0}
[2026-09-30 17:25:39] pid=2356 ACTIVE cpu=31464.4s(+54.8s) ws=79MB hb={"stage": "build_arb_tau:start", "ts": "2026-09-30 07:55:25", "age_s": 34214.0}
[2026-09-30 17:26:39] pid=2356 ACTIVE cpu=31516.4s(+52.0s) ws=75MB hb={"stage": "build_arb_tau:start", "ts": "2026-09-30 07:55:25", "age_s": 34274.4}
[2026-09-30 17:27:39] pid=2356 ACTIVE cpu=31563.7s(+47.3s) ws=62MB hb={"stage": "build_arb_tau:start", "ts": "2026-09-30 07:55:25", "age_s": 34334.6}
[2026-09-30 17:28:39] pid=2356 ACTIVE cpu=31621.8s(+58.1s) ws=57MB hb={"stage": "build_arb_tau:start", "ts": "2026-09-30 07:55:25", "age_s": 34394.6}
[2026-09-30 17:29:39] pid=2356 ACTIVE cpu=31679.0s(+57.2s) ws=50MB hb={"stage": "build_arb_tau:start", "ts": "2026-09-30 07:55:25", "age_s": 34454.6}
[2026-09-30 17:30:39] pid=2356 ACTIVE cpu=31735.6s(+56.5s) ws=56MB hb={"stage": "build_arb_tau:start", "ts": "2026-09-30 07:55:25", "age_s": 34514.6}
[2026-09-30 17:31:39] pid=2356 ACTIVE cpu=31791.7s(+56.2s) ws=56MB hb={"stage": "build_arb_tau:start", "ts": "2026-09-30 07:55:25", "age_s": 34574.6}
[2026-09-30 17:32:39] pid=2356 ACTIVE cpu=31850.0s(+58.3s) ws=64MB hb={"stage": "build_arb_tau:start", "ts": "2026-09-30 07:55:25", "age_s": 34634.6}
[2026-09-30 17:33:39] pid=2356 ACTIVE cpu=31908.8s(+58.8s) ws=65MB hb={"stage": "build_arb_tau:start", "ts": "2026-09-30 07:55:25", "age_s": 34694.6}
[2026-09-30 17:34:39] pid=2356 ACTIVE cpu=31957.8s(+49.0s) ws=70MB hb={"stage": "build_arb_tau:start", "ts": "2026-09-30 07:55:25", "age_s": 34754.6}
[2026-09-30 17:35:39] pid=2356 ACTIVE cpu=32015.7s(+57.8s) ws=64MB hb={"stage": "build_arb_tau:start", "ts": "2026-09-30 07:55:25", "age_s": 34814.6}
[2026-09-30 17:36:39] pid=2356 ACTIVE cpu=32071.5s(+55.8s) ws=61MB hb={"stage": "build_arb_tau:start", "ts": "2026-09-30 07:55:25", "age_s": 34874.6}
[2026-09-30 17:37:39] pid=2356 ACTIVE cpu=32127.8s(+56.4s) ws=51MB hb={"stage": "build_arb_tau:start", "ts": "2026-09-30 07:55:25", "age_s": 34934.6}
[2026-09-30 17:38:39] pid=2356 ACTIVE cpu=32186.7s(+58.8s) ws=54MB hb={"stage": "build_arb_tau:start", "ts": "2026-09-30 07:55:25", "age_s": 34994.6}
[2026-09-30 17:39:39] pid=2356 ACTIVE cpu=32245.7s(+59.0s) ws=55MB hb={"stage": "build_arb_tau:start", "ts": "2026-09-30 07:55:25", "age_s": 35054.6}
[2026-09-30 17:40:39] pid=2356 ACTIVE cpu=32303.8s(+58.1s) ws=62MB hb={"stage": "build_arb_tau:start", "ts": "2026-09-30 07:55:25", "age_s": 35114.6}
[2026-09-30 17:41:41] pid=2356 ACTIVE cpu=32348.5s(+44.8s) ws=62MB hb={"stage": "build_arb_tau:start", "ts": "2026-09-30 07:55:25", "age_s": 35176.2}
[2026-09-30 17:42:41] pid=2356 ACTIVE cpu=32406.8s(+58.3s) ws=69MB hb={"stage": "build_arb_tau:start", "ts": "2026-09-30 07:55:25", "age_s": 35236.2}
[2026-09-30 17:43:41] pid=2356 ACTIVE cpu=32465.5s(+58.7s) ws=67MB hb={"stage": "build_arb_tau:start", "ts": "2026-09-30 07:55:25", "age_s": 35296.2}
[2026-09-30 17:44:41] pid=2356 ACTIVE cpu=32524.0s(+58.5s) ws=61MB hb={"stage": "build_arb_tau:start", "ts": "2026-09-30 07:55:25", "age_s": 35356.2}
[2026-09-30 17:45:41] pid=2356 ACTIVE cpu=32582.6s(+58.6s) ws=52MB hb={"stage": "build_arb_tau:start", "ts": "2026-09-30 07:55:25", "age_s": 35416.3}
[2026-09-30 17:46:41] pid=2356 ACTIVE cpu=32638.7s(+56.1s) ws=50MB hb={"stage": "build_arb_tau:start", "ts": "2026-09-30 07:55:25", "age_s": 35476.3}
[2026-09-30 17:47:41] pid=2356 ACTIVE cpu=32696.7s(+58.0s) ws=53MB hb={"stage": "build_arb_tau:start", "ts": "2026-09-30 07:55:25", "age_s": 35536.3}
[2026-09-30 17:48:41] pid=2356 ACTIVE cpu=32755.2s(+58.4s) ws=58MB hb={"stage": "build_arb_tau:start", "ts": "2026-09-30 07:55:25", "age_s": 35596.3}
[2026-09-30 17:49:41] pid=2356 ACTIVE cpu=32813.6s(+58.4s) ws=66MB hb={"stage": "build_arb_tau:start", "ts": "2026-09-30 07:55:25", "age_s": 35656.3}
[2026-09-30 17:50:41] pid=2356 ACTIVE cpu=32871.1s(+57.5s) ws=66MB hb={"stage": "build_arb_tau:start", "ts": "2026-09-30 07:55:25", "age_s": 35716.3}
[2026-09-30 17:51:41] pid=2356 ACTIVE cpu=32929.7s(+58.5s) ws=73MB hb={"stage": "build_arb_tau:start", "ts": "2026-09-30 07:55:25", "age_s": 35776.3}
[2026-09-30 17:52:41] pid=2356 ACTIVE cpu=32988.3s(+58.6s) ws=66MB hb={"stage": "build_arb_tau:start", "ts": "2026-09-30 07:55:25", "age_s": 35836.3}
[2026-09-30 17:53:41] pid=2356 ACTIVE cpu=33046.9s(+58.6s) ws=60MB hb={"stage": "build_arb_tau:start", "ts": "2026-09-30 07:55:25", "age_s": 35896.3}
[2026-09-30 17:54:41] pid=2356 ACTIVE cpu=33105.6s(+58.7s) ws=52MB hb={"stage": "build_arb_tau:start", "ts": "2026-09-30 07:55:25", "age_s": 35956.3}
[2026-09-30 17:55:41] pid=2356 ACTIVE cpu=33164.0s(+58.5s) ws=55MB hb={"stage": "build_arb_tau:start", "ts": "2026-09-30 07:55:25", "age_s": 36016.3}
[2026-09-30 17:56:41] pid=2356 ACTIVE cpu=33222.4s(+58.4s) ws=57MB hb={"stage": "build_arb_tau:start", "ts": "2026-09-30 07:55:25", "age_s": 36076.3}
[2026-09-30 17:57:41] pid=2356 ACTIVE cpu=33280.7s(+58.3s) ws=62MB hb={"stage": "build_arb_tau:start", "ts": "2026-09-30 07:55:25", "age_s": 36136.3}
[2026-09-30 17:58:41] pid=2356 ACTIVE cpu=33339.4s(+58.7s) ws=70MB hb={"stage": "build_arb_tau:start", "ts": "2026-09-30 07:55:25", "age_s": 36196.3}
[2026-09-30 17:59:41] pid=2356 ACTIVE cpu=33396.9s(+57.4s) ws=69MB hb={"stage": "build_arb_tau:start", "ts": "2026-09-30 07:55:25", "age_s": 36256.3}
[2026-09-30 18:00:41] pid=2356 ACTIVE cpu=33455.1s(+58.2s) ws=73MB hb={"stage": "build_arb_tau:start", "ts": "2026-09-30 07:55:25", "age_s": 36316.3}
[2026-09-30 18:01:41] pid=2356 ACTIVE cpu=33511.2s(+56.1s) ws=61MB hb={"stage": "build_arb_tau:start", "ts": "2026-09-30 07:55:25", "age_s": 36376.3}
[2026-09-30 18:02:41] pid=2356 ACTIVE cpu=33569.0s(+57.7s) ws=57MB hb={"stage": "build_arb_tau:start", "ts": "2026-09-30 07:55:25", "age_s": 36436.3}
[2026-09-30 18:03:41] pid=2356 ACTIVE cpu=33627.7s(+58.8s) ws=51MB hb={"stage": "build_arb_tau:start", "ts": "2026-09-30 07:55:25", "age_s": 36496.3}
[2026-09-30 18:04:41] pid=2356 ACTIVE cpu=33686.4s(+58.7s) ws=58MB hb={"stage": "build_arb_tau:start", "ts": "2026-09-30 07:55:25", "age_s": 36556.3}
[2026-09-30 18:05:41] pid=2356 ACTIVE cpu=33744.7s(+58.3s) ws=59MB hb={"stage": "build_arb_tau:start", "ts": "2026-09-30 07:55:25", "age_s": 36616.3}
[2026-09-30 18:06:41] pid=2356 ACTIVE cpu=33803.5s(+58.8s) ws=65MB hb={"stage": "build_arb_tau:start", "ts": "2026-09-30 07:55:25", "age_s": 36676.3}
[2026-09-30 18:07:41] pid=2356 ACTIVE cpu=33862.0s(+58.6s) ws=67MB hb={"stage": "build_arb_tau:start", "ts": "2026-09-30 07:55:25", "age_s": 36736.3}
[2026-09-30 18:08:41] pid=2356 ACTIVE cpu=33920.5s(+58.5s) ws=72MB hb={"stage": "build_arb_tau:start", "ts": "2026-09-30 07:55:25", "age_s": 36796.3}
[2026-09-30 18:09:41] pid=2356 ACTIVE cpu=33978.6s(+58.0s) ws=64MB hb={"stage": "build_arb_tau:start", "ts": "2026-09-30 07:55:25", "age_s": 36856.4}
[2026-09-30 18:10:41] pid=2356 ACTIVE cpu=34036.4s(+57.8s) ws=57MB hb={"stage": "build_arb_tau:start", "ts": "2026-09-30 07:55:25", "age_s": 36916.4}
[2026-09-30 18:11:41] pid=2356 ACTIVE cpu=34094.9s(+58.5s) ws=55MB hb={"stage": "build_arb_tau:start", "ts": "2026-09-30 07:55:25", "age_s": 36976.4}
[2026-09-30 18:12:41] pid=2356 ACTIVE cpu=34153.7s(+58.8s) ws=51MB hb={"stage": "build_arb_tau:start", "ts": "2026-09-30 07:55:25", "age_s": 37036.4}
[2026-09-30 18:13:41] pid=2356 ACTIVE cpu=34212.4s(+58.7s) ws=59MB hb={"stage": "build_arb_tau:start", "ts": "2026-09-30 07:55:25", "age_s": 37096.4}
[2026-09-30 18:14:41] pid=2356 ACTIVE cpu=34270.8s(+58.4s) ws=59MB hb={"stage": "build_arb_tau:start", "ts": "2026-09-30 07:55:25", "age_s": 37156.4}
[2026-09-30 18:15:41] pid=2356 ACTIVE cpu=34329.7s(+59.0s) ws=67MB hb={"stage": "build_arb_tau:start", "ts": "2026-09-30 07:55:25", "age_s": 37216.4}
[2026-09-30 18:16:41] pid=2356 ACTIVE cpu=34389.0s(+59.2s) ws=74MB hb={"stage": "build_arb_tau:start", "ts": "2026-09-30 07:55:25", "age_s": 37276.4}
[2026-09-30 18:17:41] pid=2356 ACTIVE cpu=34448.0s(+59.0s) ws=81MB hb={"stage": "build_arb_tau:start", "ts": "2026-09-30 07:55:25", "age_s": 37336.4}
[2026-09-30 18:18:41] pid=2356 ACTIVE cpu=34506.8s(+58.9s) ws=68MB hb={"stage": "build_arb_tau:start", "ts": "2026-09-30 07:55:25", "age_s": 37396.4}
[2026-09-30 18:19:41] pid=2356 ACTIVE cpu=34565.7s(+58.9s) ws=61MB hb={"stage": "build_arb_tau:start", "ts": "2026-09-30 07:55:25", "age_s": 37456.4}
[2026-09-30 18:20:41] pid=2356 ACTIVE cpu=34624.5s(+58.8s) ws=63MB hb={"stage": "build_arb_tau:start", "ts": "2026-09-30 07:55:25", "age_s": 37516.4}
[2026-09-30 18:21:41] pid=2356 ACTIVE cpu=34682.6s(+58.1s) ws=70MB hb={"stage": "build_arb_tau:start", "ts": "2026-09-30 07:55:25", "age_s": 37576.5}
[2026-09-30 18:22:41] pid=2356 ACTIVE cpu=34740.7s(+58.1s) ws=77MB hb={"stage": "build_arb_tau:start", "ts": "2026-09-30 07:55:25", "age_s": 37636.5}
[2026-09-30 18:23:41] pid=2356 ACTIVE cpu=34798.8s(+58.1s) ws=79MB hb={"stage": "build_arb_tau:start", "ts": "2026-09-30 07:55:25", "age_s": 37696.5}
[2026-09-30 18:24:41] pid=2356 ACTIVE cpu=34857.7s(+58.8s) ws=86MB hb={"stage": "build_arb_tau:start", "ts": "2026-09-30 07:55:25", "age_s": 37756.5}
[2026-09-30 18:25:41] pid=2356 ACTIVE cpu=34915.8s(+58.1s) ws=91MB hb={"stage": "build_arb_tau:start", "ts": "2026-09-30 07:55:25", "age_s": 37816.5}
[2026-09-30 18:26:41] pid=2356 ACTIVE cpu=34975.3s(+59.5s) ws=88MB hb={"stage": "build_arb_tau:start", "ts": "2026-09-30 07:55:25", "age_s": 37876.5}
[2026-09-30 18:27:41] pid=2356 ACTIVE cpu=35034.9s(+59.6s) ws=79MB hb={"stage": "build_arb_tau:start", "ts": "2026-09-30 07:55:25", "age_s": 37936.5}
[2026-09-30 18:28:41] pid=2356 ACTIVE cpu=35094.3s(+59.3s) ws=73MB hb={"stage": "build_arb_tau:start", "ts": "2026-09-30 07:55:25", "age_s": 37996.5}
[2026-09-30 18:29:41] pid=2356 ACTIVE cpu=35153.9s(+59.7s) ws=63MB hb={"stage": "build_arb_tau:start", "ts": "2026-09-30 07:55:25", "age_s": 38056.5}
[2026-09-30 18:30:41] pid=2356 ACTIVE cpu=35213.2s(+59.3s) ws=68MB hb={"stage": "build_arb_tau:start", "ts": "2026-09-30 07:55:25", "age_s": 38116.5}
[2026-09-30 18:31:41] pid=2356 ACTIVE cpu=35272.9s(+59.6s) ws=75MB hb={"stage": "build_arb_tau:start", "ts": "2026-09-30 07:55:25", "age_s": 38176.5}
[2026-09-30 18:32:41] pid=2356 ACTIVE cpu=35332.5s(+59.7s) ws=82MB hb={"stage": "build_arb_tau:start", "ts": "2026-09-30 07:55:25", "age_s": 38236.5}
[2026-09-30 18:33:41] pid=2356 ACTIVE cpu=35392.0s(+59.5s) ws=90MB hb={"stage": "build_arb_tau:start", "ts": "2026-09-30 07:55:25", "age_s": 38296.5}
[2026-09-30 18:34:41] pid=2356 ACTIVE cpu=35451.6s(+59.6s) ws=97MB hb={"stage": "build_arb_tau:start", "ts": "2026-09-30 07:55:25", "age_s": 38356.5}
[2026-09-30 18:35:41] pid=2356 ACTIVE cpu=35511.0s(+59.4s) ws=102MB hb={"stage": "build_arb_tau:start", "ts": "2026-09-30 07:55:25", "age_s": 38416.5}
[2026-09-30 18:36:41] pid=2356 ACTIVE cpu=35569.2s(+58.2s) ws=86MB hb={"stage": "build_arb_tau:start", "ts": "2026-09-30 07:55:25", "age_s": 38476.5}
[2026-09-30 18:37:41] pid=2356 ACTIVE cpu=35628.0s(+58.8s) ws=76MB hb={"stage": "build_arb_tau:start", "ts": "2026-09-30 07:55:25", "age_s": 38536.5}
[2026-09-30 18:38:41] pid=2356 ACTIVE cpu=35678.5s(+50.5s) ws=69MB hb={"stage": "build_arb_tau:start", "ts": "2026-09-30 07:55:25", "age_s": 38596.5}
[2026-09-30 18:39:41] pid=2356 ACTIVE cpu=35734.4s(+55.9s) ws=65MB hb={"stage": "build_arb_tau:start", "ts": "2026-09-30 07:55:25", "age_s": 38656.5}
[2026-09-30 18:40:41] pid=2356 ACTIVE cpu=35792.7s(+58.3s) ws=67MB hb={"stage": "build_arb_tau:start", "ts": "2026-09-30 07:55:25", "age_s": 38716.5}
[2026-09-30 18:41:41] pid=2356 ACTIVE cpu=35850.7s(+58.0s) ws=73MB hb={"stage": "build_arb_tau:start", "ts": "2026-09-30 07:55:25", "age_s": 38776.5}
[2026-09-30 18:42:41] pid=2356 ACTIVE cpu=35904.4s(+53.7s) ws=81MB hb={"stage": "build_arb_tau:start", "ts": "2026-09-30 07:55:25", "age_s": 38836.5}
[2026-09-30 18:43:41] pid=2356 ACTIVE cpu=35962.7s(+58.3s) ws=87MB hb={"stage": "build_arb_tau:start", "ts": "2026-09-30 07:55:25", "age_s": 38896.5}
[2026-09-30 18:44:41] pid=2356 ACTIVE cpu=36019.3s(+56.6s) ws=89MB hb={"stage": "build_arb_tau:start", "ts": "2026-09-30 07:55:25", "age_s": 38956.5}
[2026-09-30 18:45:41] pid=2356 ACTIVE cpu=36077.5s(+58.1s) ws=90MB hb={"stage": "build_arb_tau:start", "ts": "2026-09-30 07:55:25", "age_s": 39016.5}
[2026-09-30 18:46:41] pid=2356 ACTIVE cpu=36136.3s(+58.8s) ws=80MB hb={"stage": "build_arb_tau:start", "ts": "2026-09-30 07:55:25", "age_s": 39076.5}
[2026-09-30 18:47:41] pid=2356 ACTIVE cpu=36194.3s(+58.0s) ws=73MB hb={"stage": "build_arb_tau:start", "ts": "2026-09-30 07:55:25", "age_s": 39136.5}
[2026-09-30 18:48:41] pid=2356 ACTIVE cpu=36251.9s(+57.6s) ws=66MB hb={"stage": "build_arb_tau:start", "ts": "2026-09-30 07:55:25", "age_s": 39196.5}
[2026-09-30 18:49:41] pid=2356 ACTIVE cpu=36308.8s(+57.0s) ws=65MB hb={"stage": "build_arb_tau:start", "ts": "2026-09-30 07:55:25", "age_s": 39256.5}
[2026-09-30 18:50:41] pid=2356 ACTIVE cpu=36364.6s(+55.8s) ws=70MB hb={"stage": "build_arb_tau:start", "ts": "2026-09-30 07:55:25", "age_s": 39316.5}
[2026-09-30 18:51:41] pid=2356 ACTIVE cpu=36420.5s(+56.0s) ws=76MB hb={"stage": "build_arb_tau:start", "ts": "2026-09-30 07:55:25", "age_s": 39376.5}
[2026-09-30 18:52:41] pid=2356 ACTIVE cpu=36477.0s(+56.5s) ws=83MB hb={"stage": "build_arb_tau:start", "ts": "2026-09-30 07:55:25", "age_s": 39436.5}
[2026-09-30 18:53:41] pid=2356 ACTIVE cpu=36533.8s(+56.7s) ws=87MB hb={"stage": "build_arb_tau:start", "ts": "2026-09-30 07:55:25", "age_s": 39496.5}
[2026-09-30 18:54:41] pid=2356 ACTIVE cpu=36585.5s(+51.7s) ws=91MB hb={"stage": "build_arb_tau:start", "ts": "2026-09-30 07:55:25", "age_s": 39556.5}
[2026-09-30 18:55:41] pid=2356 ACTIVE cpu=36638.8s(+53.3s) ws=82MB hb={"stage": "build_arb_tau:start", "ts": "2026-09-30 07:55:25", "age_s": 39616.5}
[2026-09-30 18:56:41] pid=2356 ACTIVE cpu=36694.2s(+55.4s) ws=74MB hb={"stage": "build_arb_tau:start", "ts": "2026-09-30 07:55:25", "age_s": 39676.5}
[2026-09-30 18:57:41] pid=2356 ACTIVE cpu=36743.1s(+48.9s) ws=61MB hb={"stage": "build_arb_tau:start", "ts": "2026-09-30 07:55:25", "age_s": 39736.5}
[2026-09-30 18:58:41] pid=2356 ACTIVE cpu=36790.9s(+47.8s) ws=58MB hb={"stage": "build_arb_tau:start", "ts": "2026-09-30 07:55:25", "age_s": 39796.6}
[2026-09-30 18:59:41] pid=2356 ACTIVE cpu=36840.8s(+49.8s) ws=60MB hb={"stage": "build_arb_tau:start", "ts": "2026-09-30 07:55:25", "age_s": 39856.6}
[2026-09-30 19:00:41] pid=2356 ACTIVE cpu=36884.8s(+44.0s) ws=65MB hb={"stage": "build_arb_tau:start", "ts": "2026-09-30 07:55:25", "age_s": 39916.6}
[2026-09-30 19:01:41] pid=2356 ACTIVE cpu=36931.3s(+46.5s) ws=68MB hb={"stage": "build_arb_tau:start", "ts": "2026-09-30 07:55:25", "age_s": 39976.6}
[2026-09-30 19:02:41] pid=2356 ACTIVE cpu=36980.6s(+49.3s) ws=72MB hb={"stage": "build_arb_tau:start", "ts": "2026-09-30 07:55:25", "age_s": 40036.7}
[2026-09-30 19:03:41] pid=2356 ACTIVE cpu=37033.8s(+53.2s) ws=78MB hb={"stage": "build_arb_tau:start", "ts": "2026-09-30 07:55:25", "age_s": 40096.7}
[2026-09-30 19:04:41] pid=2356 ACTIVE cpu=37090.3s(+56.5s) ws=78MB hb={"stage": "build_arb_tau:start", "ts": "2026-09-30 07:55:25", "age_s": 40156.7}
[2026-09-30 19:05:41] pid=2356 ACTIVE cpu=37147.6s(+57.3s) ws=67MB hb={"stage": "build_arb_tau:start", "ts": "2026-09-30 07:55:25", "age_s": 40216.7}
[2026-09-30 19:06:41] pid=2356 ACTIVE cpu=37206.0s(+58.4s) ws=61MB hb={"stage": "build_arb_tau:start", "ts": "2026-09-30 07:55:25", "age_s": 40276.7}
[2026-09-30 19:07:41] pid=2356 ACTIVE cpu=37265.2s(+59.2s) ws=61MB hb={"stage": "build_arb_tau:start", "ts": "2026-09-30 07:55:25", "age_s": 40336.7}
[2026-09-30 19:08:41] pid=2356 ACTIVE cpu=37324.9s(+59.7s) ws=68MB hb={"stage": "build_arb_tau:start", "ts": "2026-09-30 07:55:25", "age_s": 40396.7}
[2026-09-30 19:09:41] pid=2356 ACTIVE cpu=37384.8s(+59.8s) ws=75MB hb={"stage": "build_arb_tau:start", "ts": "2026-09-30 07:55:25", "age_s": 40456.7}
[2026-09-30 19:10:41] pid=2356 ACTIVE cpu=37439.6s(+54.8s) ws=81MB hb={"stage": "build_arb_tau:start", "ts": "2026-09-30 07:55:25", "age_s": 40516.7}
[2026-09-30 19:11:41] pid=2356 ACTIVE cpu=37497.1s(+57.5s) ws=89MB hb={"stage": "build_arb_tau:start", "ts": "2026-09-30 07:55:25", "age_s": 40576.7}
[2026-09-30 19:12:41] pid=2356 ACTIVE cpu=37556.9s(+59.8s) ws=98MB hb={"stage": "build_arb_tau:start", "ts": "2026-09-30 07:55:25", "age_s": 40636.7}
[2026-09-30 19:13:41] pid=2356 ACTIVE cpu=37616.8s(+59.9s) ws=86MB hb={"stage": "build_arb_tau:start", "ts": "2026-09-30 07:55:25", "age_s": 40696.7}
[2026-09-30 19:14:41] pid=2356 ACTIVE cpu=37676.7s(+59.9s) ws=70MB hb={"stage": "build_arb_tau:start", "ts": "2026-09-30 07:55:25", "age_s": 40756.7}
[2026-09-30 19:15:41] pid=2356 ACTIVE cpu=37736.4s(+59.7s) ws=61MB hb={"stage": "build_arb_tau:start", "ts": "2026-09-30 07:55:25", "age_s": 40816.7}
[2026-09-30 19:16:41] pid=2356 ACTIVE cpu=37796.3s(+59.9s) ws=66MB hb={"stage": "build_arb_tau:start", "ts": "2026-09-30 07:55:25", "age_s": 40876.7}
[2026-09-30 19:17:41] pid=2356 ACTIVE cpu=37856.1s(+59.8s) ws=42MB hb={"stage": "build_arb_tau:start", "ts": "2026-09-30 07:55:25", "age_s": 40936.7}
[2026-09-30 19:18:41] pid=2356 ACTIVE cpu=37916.0s(+59.9s) ws=46MB hb={"stage": "build_arb_tau:start", "ts": "2026-09-30 07:55:25", "age_s": 40996.8}
[2026-09-30 19:19:41] pid=2356 ACTIVE cpu=37975.9s(+59.9s) ws=42MB hb={"stage": "build_arb_tau:start", "ts": "2026-09-30 07:55:25", "age_s": 41056.8}
[2026-09-30 19:20:41] pid=2356 ACTIVE cpu=38035.7s(+59.8s) ws=43MB hb={"stage": "build_arb_tau:start", "ts": "2026-09-30 07:55:25", "age_s": 41116.8}
[2026-09-30 19:21:41] pid=2356 ACTIVE cpu=38095.6s(+59.9s) ws=40MB hb={"stage": "build_arb_tau:start", "ts": "2026-09-30 07:55:25", "age_s": 41176.8}
[2026-09-30 19:22:41] pid=2356 ACTIVE cpu=38151.7s(+56.1s) ws=42MB hb={"stage": "build_arb_tau:start", "ts": "2026-09-30 07:55:25", "age_s": 41236.8}
[2026-09-30 19:23:41] pid=2356 ACTIVE cpu=38211.0s(+59.3s) ws=44MB hb={"stage": "build_arb_tau:start", "ts": "2026-09-30 07:55:25", "age_s": 41296.8}
[2026-09-30 19:24:41] pid=2356 ACTIVE cpu=38269.5s(+58.6s) ws=42MB hb={"stage": "build_arb_tau:start", "ts": "2026-09-30 07:55:25", "age_s": 41356.8}
[2026-09-30 19:25:41] pid=2356 ACTIVE cpu=38326.6s(+57.1s) ws=49MB hb={"stage": "build_arb_tau:start", "ts": "2026-09-30 07:55:25", "age_s": 41416.8}
[2026-09-30 19:26:41] pid=2356 ACTIVE cpu=38385.5s(+58.9s) ws=57MB hb={"stage": "build_arb_tau:start", "ts": "2026-09-30 07:55:25", "age_s": 41476.8}
[2026-09-30 19:27:41] pid=2356 ACTIVE cpu=38443.5s(+58.0s) ws=59MB hb={"stage": "build_arb_tau:start", "ts": "2026-09-30 07:55:25", "age_s": 41536.8}
[2026-09-30 19:28:41] pid=2356 ACTIVE cpu=38502.5s(+59.1s) ws=62MB hb={"stage": "build_arb_tau:start", "ts": "2026-09-30 07:55:25", "age_s": 41596.8}
[2026-09-30 19:29:41] pid=2356 ACTIVE cpu=38561.8s(+59.2s) ws=57MB hb={"stage": "build_arb_tau:start", "ts": "2026-09-30 07:55:25", "age_s": 41656.8}
[2026-09-30 19:30:41] pid=2356 ACTIVE cpu=38621.0s(+59.2s) ws=60MB hb={"stage": "build_arb_tau:start", "ts": "2026-09-30 07:55:25", "age_s": 41716.8}
[2026-09-30 19:31:41] pid=2356 ACTIVE cpu=38678.8s(+57.8s) ws=67MB hb={"stage": "build_arb_tau:start", "ts": "2026-09-30 07:55:25", "age_s": 41776.8}
[2026-09-30 19:32:41] pid=2356 ACTIVE cpu=38734.0s(+55.2s) ws=74MB hb={"stage": "build_arb_tau:start", "ts": "2026-09-30 07:55:25", "age_s": 41836.8}
[2026-09-30 19:33:41] pid=2356 ACTIVE cpu=38784.4s(+50.3s) ws=75MB hb={"stage": "build_arb_tau:start", "ts": "2026-09-30 07:55:25", "age_s": 41896.8}
[2026-09-30 19:34:41] pid=2356 ACTIVE cpu=38838.4s(+54.0s) ws=81MB hb={"stage": "build_arb_tau:start", "ts": "2026-09-30 07:55:25", "age_s": 41956.8}
[2026-09-30 19:35:41] pid=2356 ACTIVE cpu=38896.9s(+58.5s) ws=88MB hb={"stage": "build_arb_tau:start", "ts": "2026-09-30 07:55:25", "age_s": 42016.8}
[2026-09-30 19:36:41] pid=2356 ACTIVE cpu=38956.3s(+59.5s) ws=79MB hb={"stage": "build_arb_tau:start", "ts": "2026-09-30 07:55:25", "age_s": 42076.8}
[2026-09-30 19:37:41] pid=2356 ACTIVE cpu=39015.7s(+59.4s) ws=67MB hb={"stage": "build_arb_tau:start", "ts": "2026-09-30 07:55:25", "age_s": 42136.8}
[2026-09-30 19:38:41] pid=2356 ACTIVE cpu=39075.0s(+59.3s) ws=60MB hb={"stage": "build_arb_tau:start", "ts": "2026-09-30 07:55:25", "age_s": 42196.8}
[2026-09-30 19:39:41] pid=2356 ACTIVE cpu=39134.5s(+59.5s) ws=64MB hb={"stage": "build_arb_tau:start", "ts": "2026-09-30 07:55:25", "age_s": 42256.8}
[2026-09-30 19:40:41] pid=2356 ACTIVE cpu=39194.0s(+59.4s) ws=70MB hb={"stage": "build_arb_tau:start", "ts": "2026-09-30 07:55:25", "age_s": 42316.8}
[2026-09-30 19:41:41] pid=2356 ACTIVE cpu=39253.1s(+59.1s) ws=77MB hb={"stage": "build_arb_tau:start", "ts": "2026-09-30 07:55:25", "age_s": 42376.8}
[2026-09-30 19:42:41] pid=2356 ACTIVE cpu=39312.2s(+59.1s) ws=84MB hb={"stage": "build_arb_tau:start", "ts": "2026-09-30 07:55:25", "age_s": 42436.8}
[2026-09-30 19:43:41] pid=2356 ACTIVE cpu=39371.5s(+59.2s) ws=92MB hb={"stage": "build_arb_tau:start", "ts": "2026-09-30 07:55:25", "age_s": 42496.8}
[2026-09-30 19:44:41] pid=2356 ACTIVE cpu=39430.0s(+58.5s) ws=93MB hb={"stage": "build_arb_tau:start", "ts": "2026-09-30 07:55:25", "age_s": 42556.8}
[2026-09-30 19:45:41] pid=2356 ACTIVE cpu=39487.0s(+57.0s) ws=82MB hb={"stage": "build_arb_tau:start", "ts": "2026-09-30 07:55:25", "age_s": 42616.8}
[2026-09-30 19:46:41] pid=2356 ACTIVE cpu=39538.7s(+51.7s) ws=74MB hb={"stage": "build_arb_tau:start", "ts": "2026-09-30 07:55:25", "age_s": 42676.8}
[2026-09-30 19:47:41] pid=2356 ACTIVE cpu=39591.3s(+52.6s) ws=67MB hb={"stage": "build_arb_tau:start", "ts": "2026-09-30 07:55:25", "age_s": 42736.8}
[2026-09-30 19:48:41] pid=2356 ACTIVE cpu=39644.9s(+53.6s) ws=60MB hb={"stage": "build_arb_tau:start", "ts": "2026-09-30 07:55:25", "age_s": 42796.8}
[2026-09-30 19:49:41] pid=2356 ACTIVE cpu=39702.0s(+57.2s) ws=66MB hb={"stage": "build_arb_tau:start", "ts": "2026-09-30 07:55:25", "age_s": 42856.8}
[2026-09-30 19:50:41] pid=2356 ACTIVE cpu=39760.5s(+58.5s) ws=72MB hb={"stage": "build_arb_tau:start", "ts": "2026-09-30 07:55:25", "age_s": 42916.8}
[2026-09-30 19:51:41] pid=2356 ACTIVE cpu=39818.0s(+57.4s) ws=79MB hb={"stage": "build_arb_tau:start", "ts": "2026-09-30 07:55:25", "age_s": 42976.9}
[2026-09-30 19:52:41] pid=2356 ACTIVE cpu=39872.2s(+54.2s) ws=86MB hb={"stage": "build_arb_tau:start", "ts": "2026-09-30 07:55:25", "age_s": 43036.9}
[2026-09-30 19:53:41] pid=2356 ACTIVE cpu=39929.4s(+57.2s) ws=87MB hb={"stage": "build_arb_tau:start", "ts": "2026-09-30 07:55:25", "age_s": 43096.9}
[2026-09-30 19:54:41] pid=2356 ACTIVE cpu=39988.0s(+58.6s) ws=83MB hb={"stage": "build_arb_tau:start", "ts": "2026-09-30 07:55:25", "age_s": 43156.9}
[2026-09-30 19:55:41] pid=2356 ACTIVE cpu=40045.2s(+57.3s) ws=75MB hb={"stage": "build_arb_tau:start", "ts": "2026-09-30 07:55:25", "age_s": 43217.0}
[2026-09-30 19:56:41] pid=2356 ACTIVE cpu=40103.1s(+57.8s) ws=68MB hb={"stage": "build_arb_tau:start", "ts": "2026-09-30 07:55:25", "age_s": 43277.0}
[2026-09-30 19:57:41] pid=2356 ACTIVE cpu=40161.7s(+58.6s) ws=64MB hb={"stage": "build_arb_tau:start", "ts": "2026-09-30 07:55:25", "age_s": 43337.0}
[2026-09-30 19:58:41] pid=2356 ACTIVE cpu=40219.3s(+57.6s) ws=70MB hb={"stage": "build_arb_tau:start", "ts": "2026-09-30 07:55:25", "age_s": 43397.0}
[2026-09-30 19:59:41] pid=2356 ACTIVE cpu=40278.6s(+59.2s) ws=77MB hb={"stage": "build_arb_tau:start", "ts": "2026-09-30 07:55:25", "age_s": 43457.0}
[2026-09-30 20:00:41] pid=2356 ACTIVE cpu=40337.0s(+58.5s) ws=80MB hb={"stage": "build_arb_tau:start", "ts": "2026-09-30 07:55:25", "age_s": 43517.0}
[2026-09-30 20:01:41] pid=2356 ACTIVE cpu=40396.3s(+59.3s) ws=87MB hb={"stage": "build_arb_tau:start", "ts": "2026-09-30 07:55:25", "age_s": 43577.0}
[2026-09-30 20:02:41] pid=2356 ACTIVE cpu=40455.5s(+59.2s) ws=93MB hb={"stage": "build_arb_tau:start", "ts": "2026-09-30 07:55:25", "age_s": 43637.0}
[2026-09-30 20:03:41] pid=2356 ACTIVE cpu=40515.4s(+59.8s) ws=99MB hb={"stage": "build_arb_tau:start", "ts": "2026-09-30 07:55:25", "age_s": 43697.0}
[2026-09-30 20:04:41] pid=2356 ACTIVE cpu=40575.2s(+59.9s) ws=80MB hb={"stage": "build_arb_tau:start", "ts": "2026-09-30 07:55:25", "age_s": 43757.0}
[2026-09-30 20:05:41] pid=2356 ACTIVE cpu=40635.1s(+59.9s) ws=57MB hb={"stage": "build_arb_tau:start", "ts": "2026-09-30 07:55:25", "age_s": 43817.0}
[2026-09-30 20:06:41] pid=2356 ACTIVE cpu=40692.5s(+57.3s) ws=63MB hb={"stage": "build_arb_tau:start", "ts": "2026-09-30 07:55:25", "age_s": 43877.0}
[2026-09-30 20:07:41] pid=2356 ACTIVE cpu=40751.8s(+59.3s) ws=46MB hb={"stage": "build_arb_tau:start", "ts": "2026-09-30 07:55:25", "age_s": 43937.0}
[2026-09-30 20:08:41] pid=2356 ACTIVE cpu=40811.1s(+59.4s) ws=42MB hb={"stage": "build_arb_tau:start", "ts": "2026-09-30 07:55:25", "age_s": 43997.0}
[2026-09-30 20:09:41] pid=2356 ACTIVE cpu=40870.6s(+59.5s) ws=48MB hb={"stage": "build_arb_tau:start", "ts": "2026-09-30 07:55:25", "age_s": 44057.0}
[2026-09-30 20:10:41] pid=2356 ACTIVE cpu=40930.0s(+59.3s) ws=46MB hb={"stage": "build_arb_tau:start", "ts": "2026-09-30 07:55:25", "age_s": 44117.0}
[2026-09-30 20:11:41] pid=2356 ACTIVE cpu=40989.5s(+59.5s) ws=49MB hb={"stage": "build_arb_tau:start", "ts": "2026-09-30 07:55:25", "age_s": 44177.0}
[2026-09-30 20:12:42] pid=2356 ACTIVE cpu=41042.4s(+52.9s) ws=56MB hb={"stage": "build_arb_tau:start", "ts": "2026-09-30 07:55:25", "age_s": 44237.0}
[2026-09-30 20:13:42] pid=2356 ACTIVE cpu=41095.2s(+52.8s) ws=57MB hb={"stage": "build_arb_tau:start", "ts": "2026-09-30 07:55:25", "age_s": 44297.0}
[2026-09-30 20:14:42] pid=2356 ACTIVE cpu=41149.0s(+53.8s) ws=63MB hb={"stage": "build_arb_tau:start", "ts": "2026-09-30 07:55:25", "age_s": 44357.0}
[2026-09-30 20:15:42] pid=2356 ACTIVE cpu=41205.2s(+56.1s) ws=70MB hb={"stage": "build_arb_tau:start", "ts": "2026-09-30 07:55:25", "age_s": 44417.0}
[2026-09-30 20:16:42] pid=2356 ACTIVE cpu=41260.6s(+55.4s) ws=76MB hb={"stage": "build_arb_tau:start", "ts": "2026-09-30 07:55:25", "age_s": 44477.0}
[2026-09-30 20:17:42] pid=2356 ACTIVE cpu=41315.4s(+54.8s) ws=65MB hb={"stage": "build_arb_tau:start", "ts": "2026-09-30 07:55:25", "age_s": 44537.0}
[2026-09-30 20:18:42] pid=2356 ACTIVE cpu=41372.4s(+57.0s) ws=59MB hb={"stage": "build_arb_tau:start", "ts": "2026-09-30 07:55:25", "age_s": 44597.0}
[2026-09-30 20:19:42] pid=2356 ACTIVE cpu=41430.0s(+57.6s) ws=60MB hb={"stage": "build_arb_tau:start", "ts": "2026-09-30 07:55:25", "age_s": 44657.0}
[2026-09-30 20:20:42] pid=2356 ACTIVE cpu=41486.8s(+56.8s) ws=67MB hb={"stage": "build_arb_tau:start", "ts": "2026-09-30 07:55:25", "age_s": 44717.0}
[2026-09-30 20:21:42] pid=2356 ACTIVE cpu=41539.7s(+52.9s) ws=67MB hb={"stage": "build_arb_tau:start", "ts": "2026-09-30 07:55:25", "age_s": 44777.0}
[2026-09-30 20:22:42] pid=2356 ACTIVE cpu=41588.6s(+48.9s) ws=74MB hb={"stage": "build_arb_tau:start", "ts": "2026-09-30 07:55:25", "age_s": 44837.0}
[2026-09-30 20:23:42] pid=2356 ACTIVE cpu=41641.7s(+53.1s) ws=74MB hb={"stage": "build_arb_tau:start", "ts": "2026-09-30 07:55:25", "age_s": 44897.0}
[2026-09-30 20:24:42] pid=2356 ACTIVE cpu=41697.3s(+55.6s) ws=80MB hb={"stage": "build_arb_tau:start", "ts": "2026-09-30 07:55:25", "age_s": 44957.0}
[2026-09-30 20:25:42] pid=2356 ACTIVE cpu=41754.3s(+57.0s) ws=69MB hb={"stage": "build_arb_tau:start", "ts": "2026-09-30 07:55:25", "age_s": 45017.0}
[2026-09-30 20:26:42] pid=2356 ACTIVE cpu=41812.5s(+58.2s) ws=61MB hb={"stage": "build_arb_tau:start", "ts": "2026-09-30 07:55:25", "age_s": 45077.0}
[2026-09-30 20:27:42] pid=2356 ACTIVE cpu=41871.3s(+58.9s) ws=57MB hb={"stage": "build_arb_tau:start", "ts": "2026-09-30 07:55:25", "age_s": 45137.0}
[2026-09-30 20:28:42] pid=2356 ACTIVE cpu=41929.9s(+58.6s) ws=61MB hb={"stage": "build_arb_tau:start", "ts": "2026-09-30 07:55:25", "age_s": 45197.0}
[2026-09-30 20:29:42] pid=2356 ACTIVE cpu=41989.0s(+59.0s) ws=69MB hb={"stage": "build_arb_tau:start", "ts": "2026-09-30 07:55:25", "age_s": 45257.0}
[2026-09-30 20:30:42] pid=2356 ACTIVE cpu=42047.3s(+58.3s) ws=75MB hb={"stage": "build_arb_tau:start", "ts": "2026-09-30 07:55:25", "age_s": 45317.0}
[2026-09-30 20:31:42] pid=2356 ACTIVE cpu=42105.6s(+58.3s) ws=78MB hb={"stage": "build_arb_tau:start", "ts": "2026-09-30 07:55:25", "age_s": 45377.0}
[2026-09-30 20:32:42] pid=2356 ACTIVE cpu=42163.3s(+57.7s) ws=83MB hb={"stage": "build_arb_tau:start", "ts": "2026-09-30 07:55:25", "age_s": 45437.0}
[2026-09-30 20:33:42] pid=2356 ACTIVE cpu=42219.3s(+56.0s) ws=88MB hb={"stage": "build_arb_tau:start", "ts": "2026-09-30 07:55:25", "age_s": 45497.0}
[2026-09-30 20:34:42] pid=2356 ACTIVE cpu=42277.2s(+57.9s) ws=81MB hb={"stage": "build_arb_tau:start", "ts": "2026-09-30 07:55:25", "age_s": 45557.0}
[2026-09-30 20:35:42] pid=2356 ACTIVE cpu=42335.0s(+57.8s) ws=74MB hb={"stage": "build_arb_tau:start", "ts": "2026-09-30 07:55:25", "age_s": 45617.0}
[2026-09-30 20:36:42] pid=2356 ACTIVE cpu=42389.3s(+54.3s) ws=60MB hb={"stage": "build_arb_tau:start", "ts": "2026-09-30 07:55:25", "age_s": 45677.1}
[2026-09-30 20:37:42] pid=2356 ACTIVE cpu=42442.0s(+52.6s) ws=62MB hb={"stage": "build_arb_tau:start", "ts": "2026-09-30 07:55:25", "age_s": 45737.1}
[2026-09-30 20:38:42] pid=2356 ACTIVE cpu=42499.5s(+57.6s) ws=63MB hb={"stage": "build_arb_tau:start", "ts": "2026-09-30 07:55:25", "age_s": 45797.1}
[2026-09-30 20:39:42] pid=2356 ACTIVE cpu=42556.8s(+57.3s) ws=68MB hb={"stage": "build_arb_tau:start", "ts": "2026-09-30 07:55:25", "age_s": 45857.1}
[2026-09-30 20:40:42] pid=2356 ACTIVE cpu=42604.1s(+47.2s) ws=70MB hb={"stage": "build_arb_tau:start", "ts": "2026-09-30 07:55:25", "age_s": 45917.1}
[2026-09-30 20:41:42] pid=2356 ACTIVE cpu=42657.9s(+53.8s) ws=75MB hb={"stage": "build_arb_tau:start", "ts": "2026-09-30 07:55:25", "age_s": 45977.1}
[2026-09-30 20:42:42] pid=2356 ACTIVE cpu=42715.3s(+57.4s) ws=74MB hb={"stage": "build_arb_tau:start", "ts": "2026-09-30 07:55:25", "age_s": 46037.1}
[2026-09-30 20:43:42] pid=2356 ACTIVE cpu=42772.9s(+57.6s) ws=66MB hb={"stage": "build_arb_tau:start", "ts": "2026-09-30 07:55:25", "age_s": 46097.1}
[2026-09-30 20:44:42] pid=2356 ACTIVE cpu=42830.7s(+57.9s) ws=60MB hb={"stage": "build_arb_tau:start", "ts": "2026-09-30 07:55:25", "age_s": 46157.1}
[2026-09-30 20:45:42] pid=2356 ACTIVE cpu=42887.3s(+56.5s) ws=50MB hb={"stage": "build_arb_tau:start", "ts": "2026-09-30 07:55:25", "age_s": 46217.1}
[2026-09-30 20:46:42] pid=2356 ACTIVE cpu=42945.5s(+58.2s) ws=55MB hb={"stage": "build_arb_tau:start", "ts": "2026-09-30 07:55:25", "age_s": 46277.1}
[2026-09-30 20:47:42] pid=2356 ACTIVE cpu=43003.9s(+58.4s) ws=57MB hb={"stage": "build_arb_tau:start", "ts": "2026-09-30 07:55:25", "age_s": 46337.1}
[2026-09-30 20:48:42] pid=2356 ACTIVE cpu=43060.5s(+56.6s) ws=63MB hb={"stage": "build_arb_tau:start", "ts": "2026-09-30 07:55:25", "age_s": 46397.1}
[2026-09-30 20:49:42] pid=2356 ACTIVE cpu=43118.6s(+58.0s) ws=69MB hb={"stage": "build_arb_tau:start", "ts": "2026-09-30 07:55:25", "age_s": 46457.1}
[2026-09-30 20:50:42] pid=2356 ACTIVE cpu=43175.7s(+57.1s) ws=69MB hb={"stage": "build_arb_tau:start", "ts": "2026-09-30 07:55:25", "age_s": 46517.1}
[2026-09-30 20:51:42] pid=2356 ACTIVE cpu=43233.9s(+58.2s) ws=69MB hb={"stage": "build_arb_tau:start", "ts": "2026-09-30 07:55:25", "age_s": 46577.1}
[2026-09-30 20:52:42] pid=2356 ACTIVE cpu=43290.3s(+56.4s) ws=57MB hb={"stage": "build_arb_tau:start", "ts": "2026-09-30 07:55:25", "age_s": 46637.1}
[2026-09-30 20:53:42] pid=2356 ACTIVE cpu=43348.5s(+58.2s) ws=51MB hb={"stage": "build_arb_tau:start", "ts": "2026-09-30 07:55:25", "age_s": 46697.1}
[2026-09-30 20:54:42] pid=2356 ACTIVE cpu=43407.2s(+58.7s) ws=56MB hb={"stage": "build_arb_tau:start", "ts": "2026-09-30 07:55:25", "age_s": 46757.1}
[2026-09-30 20:55:42] pid=2356 ACTIVE cpu=43466.0s(+58.8s) ws=57MB hb={"stage": "build_arb_tau:start", "ts": "2026-09-30 07:55:25", "age_s": 46817.1}
[2026-09-30 20:56:42] pid=2356 ACTIVE cpu=43524.7s(+58.7s) ws=64MB hb={"stage": "build_arb_tau:start", "ts": "2026-09-30 07:55:25", "age_s": 46877.1}
[2026-09-30 20:57:42] pid=2356 ACTIVE cpu=43583.3s(+58.6s) ws=66MB hb={"stage": "build_arb_tau:start", "ts": "2026-09-30 07:55:25", "age_s": 46937.1}
[2026-09-30 20:58:42] pid=2356 ACTIVE cpu=43642.0s(+58.7s) ws=70MB hb={"stage": "build_arb_tau:start", "ts": "2026-09-30 07:55:25", "age_s": 46997.1}
[2026-09-30 20:59:42] pid=2356 ACTIVE cpu=43700.9s(+58.9s) ws=70MB hb={"stage": "build_arb_tau:start", "ts": "2026-09-30 07:55:25", "age_s": 47057.1}
[2026-09-30 21:00:42] pid=2356 ACTIVE cpu=43759.9s(+58.9s) ws=52MB hb={"stage": "build_arb_tau:start", "ts": "2026-09-30 07:55:25", "age_s": 47117.1}
[2026-09-30 21:01:42] pid=2356 ACTIVE cpu=43814.9s(+55.0s) ws=48MB hb={"stage": "build_arb_tau:start", "ts": "2026-09-30 07:55:25", "age_s": 47177.1}
[2026-09-30 21:02:42] pid=2356 ACTIVE cpu=43860.0s(+45.1s) ws=51MB hb={"stage": "build_arb_tau:start", "ts": "2026-09-30 07:55:25", "age_s": 47237.1}
[2026-09-30 21:03:42] pid=2356 ACTIVE cpu=43909.7s(+49.7s) ws=49MB hb={"stage": "build_arb_tau:start", "ts": "2026-09-30 07:55:25", "age_s": 47297.1}
[2026-09-30 21:04:42] pid=2356 ACTIVE cpu=43965.8s(+56.1s) ws=42MB hb={"stage": "build_arb_tau:start", "ts": "2026-09-30 07:55:25", "age_s": 47357.1}
[2026-09-30 21:05:42] pid=2356 ACTIVE cpu=44024.4s(+58.6s) ws=42MB hb={"stage": "build_arb_tau:start", "ts": "2026-09-30 07:55:25", "age_s": 47417.2}
[2026-09-30 21:06:42] pid=2356 ACTIVE cpu=44083.2s(+58.8s) ws=48MB hb={"stage": "build_arb_tau:start", "ts": "2026-09-30 07:55:25", "age_s": 47477.2}
[2026-09-30 21:07:42] pid=2356 ACTIVE cpu=44141.6s(+58.4s) ws=50MB hb={"stage": "build_arb_tau:start", "ts": "2026-09-30 07:55:25", "age_s": 47537.2}
[2026-09-30 21:08:42] pid=2356 ACTIVE cpu=44197.9s(+56.3s) ws=54MB hb={"stage": "build_arb_tau:start", "ts": "2026-09-30 07:55:25", "age_s": 47597.2}
[2026-09-30 21:09:42] pid=2356 ACTIVE cpu=44256.7s(+58.8s) ws=61MB hb={"stage": "build_arb_tau:start", "ts": "2026-09-30 07:55:25", "age_s": 47657.2}
[2026-09-30 21:10:42] pid=2356 ACTIVE cpu=44315.2s(+58.5s) ws=46MB hb={"stage": "build_arb_tau:start", "ts": "2026-09-30 07:55:25", "age_s": 47717.2}
[2026-09-30 21:11:42] pid=2356 ACTIVE cpu=44374.1s(+58.9s) ws=49MB hb={"stage": "build_arb_tau:start", "ts": "2026-09-30 07:55:25", "age_s": 47777.2}
[2026-09-30 21:12:42] pid=2356 ACTIVE cpu=44432.8s(+58.7s) ws=56MB hb={"stage": "build_arb_tau:start", "ts": "2026-09-30 07:55:25", "age_s": 47837.2}
[2026-09-30 21:13:42] pid=2356 ACTIVE cpu=44491.8s(+59.0s) ws=57MB hb={"stage": "build_arb_tau:start", "ts": "2026-09-30 07:55:25", "age_s": 47897.2}
[2026-09-30 21:14:42] pid=2356 ACTIVE cpu=44550.5s(+58.8s) ws=45MB hb={"stage": "build_arb_tau:start", "ts": "2026-09-30 07:55:25", "age_s": 47957.2}
[2026-09-30 21:15:42] pid=2356 ACTIVE cpu=44609.4s(+58.9s) ws=48MB hb={"stage": "build_arb_tau:start", "ts": "2026-09-30 07:55:25", "age_s": 48017.2}
[2026-09-30 21:16:42] pid=2356 ACTIVE cpu=44668.1s(+58.7s) ws=48MB hb={"stage": "build_arb_tau:start", "ts": "2026-09-30 07:55:25", "age_s": 48077.2}
[2026-09-30 21:17:42] pid=2356 ACTIVE cpu=44726.7s(+58.7s) ws=54MB hb={"stage": "build_arb_tau:start", "ts": "2026-09-30 07:55:25", "age_s": 48137.2}
[2026-09-30 21:18:42] pid=2356 ACTIVE cpu=44785.4s(+58.7s) ws=51MB hb={"stage": "build_arb_tau:start", "ts": "2026-09-30 07:55:25", "age_s": 48197.2}
[2026-09-30 21:19:42] pid=2356 ACTIVE cpu=44844.1s(+58.7s) ws=42MB hb={"stage": "build_arb_tau:start", "ts": "2026-09-30 07:55:25", "age_s": 48257.2}
[2026-09-30 21:20:42] pid=2356 ACTIVE cpu=44902.9s(+58.8s) ws=49MB hb={"stage": "build_arb_tau:start", "ts": "2026-09-30 07:55:25", "age_s": 48317.2}
[2026-09-30 21:21:42] pid=2356 ACTIVE cpu=44961.9s(+59.0s) ws=51MB hb={"stage": "build_arb_tau:start", "ts": "2026-09-30 07:55:25", "age_s": 48377.2}
[2026-09-30 21:22:42] pid=2356 ACTIVE cpu=45020.9s(+59.1s) ws=52MB hb={"stage": "build_arb_tau:start", "ts": "2026-09-30 07:55:25", "age_s": 48437.2}
[2026-09-30 21:23:42] pid=2356 ACTIVE cpu=45080.1s(+59.2s) ws=44MB hb={"stage": "build_arb_tau:start", "ts": "2026-09-30 07:55:25", "age_s": 48497.2}
[2026-09-30 21:24:42] pid=2356 ACTIVE cpu=45138.9s(+58.8s) ws=46MB hb={"stage": "build_arb_tau:start", "ts": "2026-09-30 07:55:25", "age_s": 48557.2}
[2026-09-30 21:25:42] pid=2356 ACTIVE cpu=45197.6s(+58.7s) ws=51MB hb={"stage": "build_arb_tau:start", "ts": "2026-09-30 07:55:25", "age_s": 48617.2}
[2026-09-30 21:26:42] pid=2356 ACTIVE cpu=45255.9s(+58.4s) ws=56MB hb={"stage": "build_arb_tau:start", "ts": "2026-09-30 07:55:25", "age_s": 48677.2}
[2026-09-30 21:27:42] pid=2356 ACTIVE cpu=45314.8s(+58.9s) ws=44MB hb={"stage": "build_arb_tau:start", "ts": "2026-09-30 07:55:25", "age_s": 48737.2}
[2026-09-30 21:28:42] pid=2356 ACTIVE cpu=45373.4s(+58.6s) ws=45MB hb={"stage": "build_arb_tau:start", "ts": "2026-09-30 07:55:25", "age_s": 48797.2}
[2026-09-30 21:29:42] pid=2356 ACTIVE cpu=45432.3s(+58.9s) ws=52MB hb={"stage": "build_arb_tau:start", "ts": "2026-09-30 07:55:25", "age_s": 48857.2}
[2026-09-30 21:30:42] pid=2356 ACTIVE cpu=45491.2s(+58.8s) ws=53MB hb={"stage": "build_arb_tau:start", "ts": "2026-09-30 07:55:25", "age_s": 48917.2}
[2026-09-30 21:31:42] pid=2356 ACTIVE cpu=45550.0s(+58.8s) ws=48MB hb={"stage": "build_arb_tau:start", "ts": "2026-09-30 07:55:25", "age_s": 48977.2}
[2026-09-30 21:32:42] pid=2356 ACTIVE cpu=45608.9s(+58.9s) ws=48MB hb={"stage": "build_arb_tau:start", "ts": "2026-09-30 07:55:25", "age_s": 49037.2}
[2026-09-30 21:33:42] pid=2356 ACTIVE cpu=45667.5s(+58.7s) ws=49MB hb={"stage": "build_arb_tau:start", "ts": "2026-09-30 07:55:25", "age_s": 49097.2}
[2026-09-30 21:34:42] pid=2356 ACTIVE cpu=45726.2s(+58.6s) ws=54MB hb={"stage": "build_arb_tau:start", "ts": "2026-09-30 07:55:25", "age_s": 49157.2}
[2026-09-30 21:35:42] pid=2356 ACTIVE cpu=45785.2s(+59.0s) ws=53MB hb={"stage": "build_arb_tau:start", "ts": "2026-09-30 07:55:25", "age_s": 49217.2}
[2026-09-30 21:36:42] pid=2356 ACTIVE cpu=45844.0s(+58.8s) ws=42MB hb={"stage": "build_arb_tau:start", "ts": "2026-09-30 07:55:25", "age_s": 49277.2}
[2026-09-30 21:37:42] pid=2356 ACTIVE cpu=45902.7s(+58.7s) ws=47MB hb={"stage": "build_arb_tau:start", "ts": "2026-09-30 07:55:25", "age_s": 49337.2}
[2026-09-30 21:38:42] pid=2356 ACTIVE cpu=45961.5s(+58.8s) ws=54MB hb={"stage": "build_arb_tau:start", "ts": "2026-09-30 07:55:25", "age_s": 49397.2}
[2026-09-30 21:39:42] pid=2356 ACTIVE cpu=46020.2s(+58.8s) ws=50MB hb={"stage": "build_arb_tau:start", "ts": "2026-09-30 07:55:25", "age_s": 49457.2}
[2026-09-30 21:40:42] pid=2356 ACTIVE cpu=46079.2s(+59.0s) ws=42MB hb={"stage": "build_arb_tau:start", "ts": "2026-09-30 07:55:25", "age_s": 49517.2}
[2026-09-30 21:41:42] pid=2356 ACTIVE cpu=46138.2s(+59.0s) ws=48MB hb={"stage": "build_arb_tau:start", "ts": "2026-09-30 07:55:25", "age_s": 49577.2}
[2026-09-30 21:42:42] pid=2356 ACTIVE cpu=46197.1s(+58.9s) ws=49MB hb={"stage": "build_arb_tau:start", "ts": "2026-09-30 07:55:25", "age_s": 49637.2}
[2026-09-30 21:43:42] pid=2356 ACTIVE cpu=46256.1s(+59.0s) ws=51MB hb={"stage": "build_arb_tau:start", "ts": "2026-09-30 07:55:25", "age_s": 49697.2}
[2026-09-30 21:44:42] pid=2356 ACTIVE cpu=46315.2s(+59.1s) ws=45MB hb={"stage": "build_arb_tau:start", "ts": "2026-09-30 07:55:25", "age_s": 49757.2}
[2026-09-30 21:45:42] pid=2356 ACTIVE cpu=46373.8s(+58.7s) ws=46MB hb={"stage": "build_arb_tau:start", "ts": "2026-09-30 07:55:25", "age_s": 49817.2}
[2026-09-30 21:46:42] pid=2356 ACTIVE cpu=46432.8s(+58.9s) ws=51MB hb={"stage": "build_arb_tau:start", "ts": "2026-09-30 07:55:25", "age_s": 49877.2}
[2026-09-30 21:47:42] pid=2356 ACTIVE cpu=46491.7s(+58.9s) ws=50MB hb={"stage": "build_arb_tau:start", "ts": "2026-09-30 07:55:25", "age_s": 49937.2}
[2026-09-30 21:48:42] pid=2356 ACTIVE cpu=46550.4s(+58.8s) ws=42MB hb={"stage": "build_arb_tau:start", "ts": "2026-09-30 07:55:25", "age_s": 49997.2}
[2026-09-30 21:49:42] pid=2356 ACTIVE cpu=46609.3s(+58.9s) ws=48MB hb={"stage": "build_arb_tau:start", "ts": "2026-09-30 07:55:25", "age_s": 50057.2}
[2026-09-30 21:50:42] pid=2356 ACTIVE cpu=46668.8s(+59.5s) ws=45MB hb={"stage": "build_arb_tau:start", "ts": "2026-09-30 07:55:25", "age_s": 50117.2}
[2026-09-30 21:51:42] pid=2356 ACTIVE cpu=46723.5s(+54.7s) ws=43MB hb={"stage": "build_arb_tau:start", "ts": "2026-09-30 07:55:25", "age_s": 50177.2}
[2026-09-30 21:52:42] pid=2356 ACTIVE cpu=46781.8s(+58.3s) ws=49MB hb={"stage": "build_arb_tau:start", "ts": "2026-09-30 07:55:25", "age_s": 50237.2}
[2026-09-30 21:53:42] pid=2356 ACTIVE cpu=46823.5s(+41.7s) ws=38MB hb={"stage": "build_arb_tau:start", "ts": "2026-09-30 07:55:25", "age_s": 50297.3}
[2026-09-30 21:54:42] pid=2356 ACTIVE cpu=46875.5s(+52.0s) ws=44MB hb={"stage": "build_arb_tau:start", "ts": "2026-09-30 07:55:25", "age_s": 50357.3}
[2026-09-30 21:55:42] pid=2356 ACTIVE cpu=46928.6s(+53.2s) ws=48MB hb={"stage": "build_arb_tau:start", "ts": "2026-09-30 07:55:25", "age_s": 50417.3}
[2026-09-30 21:56:42] pid=2356 ACTIVE cpu=46987.7s(+59.1s) ws=48MB hb={"stage": "build_arb_tau:start", "ts": "2026-09-30 07:55:25", "age_s": 50477.3}
[2026-09-30 21:57:42] pid=2356 ACTIVE cpu=47047.3s(+59.5s) ws=54MB hb={"stage": "build_arb_tau:start", "ts": "2026-09-30 07:55:25", "age_s": 50537.3}
[2026-09-30 21:58:42] pid=2356 ACTIVE cpu=47106.5s(+59.2s) ws=57MB hb={"stage": "build_arb_tau:start", "ts": "2026-09-30 07:55:25", "age_s": 50597.3}
[2026-09-30 21:59:42] pid=2356 ACTIVE cpu=47165.9s(+59.4s) ws=63MB hb={"stage": "build_arb_tau:start", "ts": "2026-09-30 07:55:25", "age_s": 50657.3}
[2026-09-30 22:00:42] pid=2356 ACTIVE cpu=47225.0s(+59.1s) ws=69MB hb={"stage": "build_arb_tau:start", "ts": "2026-09-30 07:55:25", "age_s": 50717.3}
[2026-09-30 22:01:42] pid=2356 ACTIVE cpu=47281.6s(+56.6s) ws=75MB hb={"stage": "build_arb_tau:start", "ts": "2026-09-30 07:55:25", "age_s": 50777.3}
[2026-09-30 22:02:42] pid=2356 ACTIVE cpu=47340.9s(+59.3s) ws=73MB hb={"stage": "build_arb_tau:start", "ts": "2026-09-30 07:55:25", "age_s": 50837.3}
[2026-09-30 22:03:42] pid=2356 ACTIVE cpu=47399.8s(+58.9s) ws=66MB hb={"stage": "build_arb_tau:start", "ts": "2026-09-30 07:55:25", "age_s": 50897.3}
[2026-09-30 22:04:42] pid=2356 ACTIVE cpu=47459.0s(+59.2s) ws=63MB hb={"stage": "build_arb_tau:start", "ts": "2026-09-30 07:55:25", "age_s": 50957.3}
[2026-09-30 22:05:42] pid=2356 ACTIVE cpu=47516.7s(+57.7s) ws=67MB hb={"stage": "build_arb_tau:start", "ts": "2026-09-30 07:55:25", "age_s": 51017.3}
[2026-09-30 22:06:42] pid=2356 ACTIVE cpu=47574.4s(+57.7s) ws=74MB hb={"stage": "build_arb_tau:start", "ts": "2026-09-30 07:55:25", "age_s": 51077.3}
[2026-09-30 22:07:42] pid=2356 ACTIVE cpu=47630.1s(+55.7s) ws=80MB hb={"stage": "build_arb_tau:start", "ts": "2026-09-30 07:55:25", "age_s": 51137.3}
[2026-09-30 22:08:42] pid=2356 ACTIVE cpu=47661.4s(+31.3s) ws=80MB hb={"stage": "build_arb_tau:start", "ts": "2026-09-30 07:55:25", "age_s": 51197.3}
[2026-09-30 22:09:42] pid=2356 ACTIVE cpu=47714.6s(+53.2s) ws=86MB hb={"stage": "build_arb_tau:start", "ts": "2026-09-30 07:55:25", "age_s": 51257.6}
[2026-09-30 22:10:42] pid=2356 ACTIVE cpu=47765.4s(+50.8s) ws=80MB hb={"stage": "build_arb_tau:start", "ts": "2026-09-30 07:55:25", "age_s": 51317.6}
[2026-09-30 22:11:42] pid=2356 ACTIVE cpu=47822.7s(+57.4s) ws=71MB hb={"stage": "build_arb_tau:start", "ts": "2026-09-30 07:55:25", "age_s": 51377.6}
[2026-09-30 22:12:42] pid=2356 ACTIVE cpu=47876.3s(+53.5s) ws=63MB hb={"stage": "build_arb_tau:start", "ts": "2026-09-30 07:55:25", "age_s": 51437.6}
[2026-09-30 22:13:42] pid=2356 ACTIVE cpu=47931.4s(+55.2s) ws=57MB hb={"stage": "build_arb_tau:start", "ts": "2026-09-30 07:55:25", "age_s": 51497.6}
[2026-09-30 22:14:42] pid=2356 ACTIVE cpu=47974.4s(+43.0s) ws=58MB hb={"stage": "build_arb_tau:start", "ts": "2026-09-30 07:55:25", "age_s": 51557.6}
[2026-09-30 22:15:42] pid=2356 ACTIVE cpu=48029.0s(+54.6s) ws=63MB hb={"stage": "build_arb_tau:start", "ts": "2026-09-30 07:55:25", "age_s": 51617.6}
[2026-09-30 22:16:42] pid=2356 ACTIVE cpu=48081.4s(+52.4s) ws=68MB hb={"stage": "build_arb_tau:start", "ts": "2026-09-30 07:55:25", "age_s": 51677.6}
[2026-09-30 22:17:42] pid=2356 ACTIVE cpu=48130.3s(+48.9s) ws=76MB hb={"stage": "build_arb_tau:start", "ts": "2026-09-30 07:55:25", "age_s": 51737.6}
[2026-09-30 22:18:42] pid=2356 ACTIVE cpu=48172.6s(+42.3s) ws=75MB hb={"stage": "build_arb_tau:start", "ts": "2026-09-30 07:55:25", "age_s": 51797.6}
[2026-09-30 22:19:42] pid=2356 ACTIVE cpu=48215.5s(+42.9s) ws=75MB hb={"stage": "build_arb_tau:start", "ts": "2026-09-30 07:55:25", "age_s": 51857.6}
[2026-09-30 22:20:42] pid=2356 ACTIVE cpu=48268.9s(+53.4s) ws=67MB hb={"stage": "build_arb_tau:start", "ts": "2026-09-30 07:55:25", "age_s": 51917.6}
[2026-09-30 22:21:42] pid=2356 ACTIVE cpu=48320.3s(+51.4s) ws=57MB hb={"stage": "build_arb_tau:start", "ts": "2026-09-30 07:55:25", "age_s": 51977.6}
[2026-09-30 22:22:42] pid=2356 ACTIVE cpu=48374.7s(+54.4s) ws=56MB hb={"stage": "build_arb_tau:start", "ts": "2026-09-30 07:55:25", "age_s": 52037.6}
[2026-09-30 22:23:42] pid=2356 ACTIVE cpu=48417.0s(+42.3s) ws=61MB hb={"stage": "build_arb_tau:start", "ts": "2026-09-30 07:55:25", "age_s": 52097.6}
[2026-09-30 22:24:42] pid=2356 ACTIVE cpu=48471.7s(+54.7s) ws=68MB hb={"stage": "build_arb_tau:start", "ts": "2026-09-30 07:55:25", "age_s": 52157.6}
[2026-09-30 22:25:42] pid=2356 ACTIVE cpu=48527.5s(+55.8s) ws=74MB hb={"stage": "build_arb_tau:start", "ts": "2026-09-30 07:55:25", "age_s": 52217.6}
[2026-09-30 22:26:42] pid=2356 ACTIVE cpu=48574.4s(+46.9s) ws=74MB hb={"stage": "build_arb_tau:start", "ts": "2026-09-30 07:55:25", "age_s": 52277.6}
[2026-09-30 22:27:42] pid=2356 ACTIVE cpu=48625.0s(+50.6s) ws=79MB hb={"stage": "build_arb_tau:start", "ts": "2026-09-30 07:55:25", "age_s": 52337.6}
[2026-09-30 22:28:42] pid=2356 ACTIVE cpu=48666.7s(+41.7s) ws=68MB hb={"stage": "build_arb_tau:start", "ts": "2026-09-30 07:55:25", "age_s": 52397.6}
[2026-09-30 22:29:42] pid=2356 ACTIVE cpu=48715.0s(+48.3s) ws=59MB hb={"stage": "build_arb_tau:start", "ts": "2026-09-30 07:55:25", "age_s": 52457.7}
[2026-09-30 22:30:42] pid=2356 ACTIVE cpu=48768.8s(+53.8s) ws=55MB hb={"stage": "build_arb_tau:start", "ts": "2026-09-30 07:55:25", "age_s": 52517.7}
[2026-09-30 22:31:42] pid=2356 ACTIVE cpu=48824.2s(+55.5s) ws=61MB hb={"stage": "build_arb_tau:start", "ts": "2026-09-30 07:55:25", "age_s": 52577.7}
[2026-09-30 22:32:42] pid=2356 ACTIVE cpu=48879.3s(+55.0s) ws=68MB hb={"stage": "build_arb_tau:start", "ts": "2026-09-30 07:55:25", "age_s": 52637.7}
[2026-09-30 22:33:42] pid=2356 ACTIVE cpu=48921.4s(+42.2s) ws=68MB hb={"stage": "build_arb_tau:start", "ts": "2026-09-30 07:55:25", "age_s": 52697.7}
[2026-09-30 22:34:42] pid=2356 ACTIVE cpu=48976.9s(+55.5s) ws=74MB hb={"stage": "build_arb_tau:start", "ts": "2026-09-30 07:55:25", "age_s": 52757.7}
[2026-09-30 22:35:42] pid=2356 ACTIVE cpu=49035.1s(+58.1s) ws=79MB hb={"stage": "build_arb_tau:start", "ts": "2026-09-30 07:55:25", "age_s": 52817.7}
[2026-09-30 22:36:42] pid=2356 ACTIVE cpu=49092.1s(+57.0s) ws=76MB hb={"stage": "build_arb_tau:start", "ts": "2026-09-30 07:55:25", "age_s": 52877.7}
[2026-09-30 22:37:42] pid=2356 ACTIVE cpu=49149.1s(+57.0s) ws=68MB hb={"stage": "build_arb_tau:start", "ts": "2026-09-30 07:55:25", "age_s": 52937.7}
[2026-09-30 22:38:42] pid=2356 ACTIVE cpu=49207.7s(+58.6s) ws=62MB hb={"stage": "build_arb_tau:start", "ts": "2026-09-30 07:55:25", "age_s": 52997.7}
[2026-09-30 22:39:42] pid=2356 ACTIVE cpu=49266.0s(+58.3s) ws=67MB hb={"stage": "build_arb_tau:start", "ts": "2026-09-30 07:55:25", "age_s": 53057.7}
[2026-09-30 22:40:42] pid=2356 ACTIVE cpu=49316.1s(+50.1s) ws=74MB hb={"stage": "build_arb_tau:start", "ts": "2026-09-30 07:55:25", "age_s": 53117.7}
[2026-09-30 22:41:42] pid=2356 ACTIVE cpu=49375.0s(+58.9s) ws=65MB hb={"stage": "build_arb_tau:start", "ts": "2026-09-30 07:55:25", "age_s": 53177.7}
[2026-09-30 22:42:42] pid=2356 ACTIVE cpu=49433.8s(+58.8s) ws=44MB hb={"stage": "build_arb_tau:start", "ts": "2026-09-30 07:55:25", "age_s": 53237.7}
[2026-09-30 22:43:42] pid=2356 ACTIVE cpu=49490.9s(+57.1s) ws=49MB hb={"stage": "build_arb_tau:start", "ts": "2026-09-30 07:55:25", "age_s": 53297.7}
[2026-09-30 22:44:42] pid=2356 ACTIVE cpu=49546.1s(+55.2s) ws=42MB hb={"stage": "build_arb_tau:start", "ts": "2026-09-30 07:55:25", "age_s": 53357.7}
[2026-09-30 22:45:42] pid=2356 ACTIVE cpu=49604.8s(+58.7s) ws=47MB hb={"stage": "build_arb_tau:start", "ts": "2026-09-30 07:55:25", "age_s": 53417.7}
[2026-09-30 22:46:42] pid=2356 ACTIVE cpu=49663.8s(+59.0s) ws=41MB hb={"stage": "build_arb_tau:start", "ts": "2026-09-30 07:55:25", "age_s": 53477.7}
[2026-09-30 22:47:42] pid=2356 ACTIVE cpu=49718.5s(+54.8s) ws=47MB hb={"stage": "build_arb_tau:start", "ts": "2026-09-30 07:55:25", "age_s": 53537.7}
[2026-09-30 22:48:42] pid=2356 ACTIVE cpu=49776.0s(+57.5s) ws=49MB hb={"stage": "build_arb_tau:start", "ts": "2026-09-30 07:55:25", "age_s": 53597.7}
[2026-09-30 22:49:42] pid=2356 ACTIVE cpu=49835.0s(+58.9s) ws=46MB hb={"stage": "build_arb_tau:start", "ts": "2026-09-30 07:55:25", "age_s": 53657.7}
[2026-09-30 22:50:42] pid=2356 ACTIVE cpu=49893.7s(+58.7s) ws=48MB hb={"stage": "build_arb_tau:start", "ts": "2026-09-30 07:55:25", "age_s": 53717.7}
[2026-09-30 22:51:42] pid=2356 ACTIVE cpu=49952.7s(+59.1s) ws=42MB hb={"stage": "build_arb_tau:start", "ts": "2026-09-30 07:55:25", "age_s": 53777.7}
[2026-09-30 22:52:42] pid=2356 ACTIVE cpu=50011.0s(+58.3s) ws=48MB hb={"stage": "build_arb_tau:start", "ts": "2026-09-30 07:55:25", "age_s": 53837.7}
[2026-09-30 22:53:42] pid=2356 ACTIVE cpu=50069.8s(+58.8s) ws=42MB hb={"stage": "build_arb_tau:start", "ts": "2026-09-30 07:55:25", "age_s": 53897.7}
[2026-09-30 22:54:42] pid=2356 ACTIVE cpu=50122.4s(+52.6s) ws=48MB hb={"stage": "build_arb_tau:start", "ts": "2026-09-30 07:55:25", "age_s": 53957.7}
[2026-09-30 22:55:42] pid=2356 ACTIVE cpu=50181.0s(+58.6s) ws=41MB hb={"stage": "build_arb_tau:start", "ts": "2026-09-30 07:55:25", "age_s": 54017.7}
[2026-09-30 22:56:42] pid=2356 ACTIVE cpu=50239.8s(+58.8s) ws=48MB hb={"stage": "build_arb_tau:start", "ts": "2026-09-30 07:55:25", "age_s": 54077.7}
[2026-09-30 22:57:42] pid=2356 ACTIVE cpu=50298.6s(+58.8s) ws=42MB hb={"stage": "build_arb_tau:start", "ts": "2026-09-30 07:55:25", "age_s": 54137.7}
[2026-09-30 22:58:42] pid=2356 ACTIVE cpu=50357.9s(+59.2s) ws=49MB hb={"stage": "build_arb_tau:start", "ts": "2026-09-30 07:55:25", "age_s": 54197.7}
[2026-09-30 22:59:42] pid=2356 ACTIVE cpu=50411.2s(+53.4s) ws=42MB hb={"stage": "build_arb_tau:start", "ts": "2026-09-30 07:55:25", "age_s": 54257.7}
[2026-09-30 23:00:42] pid=2356 ACTIVE cpu=50464.6s(+53.4s) ws=47MB hb={"stage": "build_arb_tau:start", "ts": "2026-09-30 07:55:25", "age_s": 54317.7}
[2026-09-30 23:01:42] pid=2356 ACTIVE cpu=50522.5s(+57.8s) ws=40MB hb={"stage": "build_arb_tau:start", "ts": "2026-09-30 07:55:25", "age_s": 54377.7}
[2026-09-30 23:02:42] pid=2356 ACTIVE cpu=50580.2s(+57.8s) ws=47MB hb={"stage": "build_arb_tau:start", "ts": "2026-09-30 07:55:25", "age_s": 54437.7}
[2026-09-30 23:03:42] pid=2356 ACTIVE cpu=50638.4s(+58.2s) ws=39MB hb={"stage": "build_arb_tau:start", "ts": "2026-09-30 07:55:25", "age_s": 54497.7}
[2026-09-30 23:04:42] pid=2356 ACTIVE cpu=50696.6s(+58.2s) ws=49MB hb={"stage": "build_arb_tau:start", "ts": "2026-09-30 07:55:25", "age_s": 54557.7}
[2026-09-30 23:05:42] pid=2356 ACTIVE cpu=50754.8s(+58.2s) ws=42MB hb={"stage": "build_arb_tau:start", "ts": "2026-09-30 07:55:25", "age_s": 54617.7}
[2026-09-30 23:06:42] pid=2356 ACTIVE cpu=50813.5s(+58.7s) ws=47MB hb={"stage": "build_arb_tau:start", "ts": "2026-09-30 07:55:25", "age_s": 54677.7}
[2026-09-30 23:07:42] pid=2356 ACTIVE cpu=50872.0s(+58.5s) ws=42MB hb={"stage": "build_arb_tau:start", "ts": "2026-09-30 07:55:25", "age_s": 54737.7}
[2026-09-30 23:08:42] pid=2356 ACTIVE cpu=50930.1s(+58.1s) ws=47MB hb={"stage": "build_arb_tau:start", "ts": "2026-09-30 07:55:25", "age_s": 54797.7}
[2026-09-30 23:09:42] pid=2356 ACTIVE cpu=50988.6s(+58.5s) ws=42MB hb={"stage": "build_arb_tau:start", "ts": "2026-09-30 07:55:25", "age_s": 54857.7}
[2026-09-30 23:10:42] pid=2356 ACTIVE cpu=51046.2s(+57.7s) ws=48MB hb={"stage": "build_arb_tau:start", "ts": "2026-09-30 07:55:25", "age_s": 54917.7}
[2026-09-30 23:11:42] pid=2356 ACTIVE cpu=51103.7s(+57.5s) ws=42MB hb={"stage": "build_arb_tau:start", "ts": "2026-09-30 07:55:25", "age_s": 54977.7}
[2026-09-30 23:12:42] pid=2356 ACTIVE cpu=51161.0s(+57.3s) ws=45MB hb={"stage": "build_arb_tau:start", "ts": "2026-09-30 07:55:25", "age_s": 55037.7}
[2026-09-30 23:13:42] pid=2356 ACTIVE cpu=51219.0s(+58.1s) ws=49MB hb={"stage": "build_arb_tau:start", "ts": "2026-09-30 07:55:25", "age_s": 55097.7}
[2026-09-30 23:14:42] pid=2356 ACTIVE cpu=51277.7s(+58.7s) ws=43MB hb={"stage": "build_arb_tau:start", "ts": "2026-09-30 07:55:25", "age_s": 55157.7}
[2026-09-30 23:15:42] pid=2356 ACTIVE cpu=51336.6s(+58.9s) ws=49MB hb={"stage": "build_arb_tau:start", "ts": "2026-09-30 07:55:25", "age_s": 55217.7}
[2026-09-30 23:16:42] pid=2356 ACTIVE cpu=51394.7s(+58.1s) ws=42MB hb={"stage": "build_arb_tau:start", "ts": "2026-09-30 07:55:25", "age_s": 55277.9}
[2026-09-30 23:17:42] pid=2356 ACTIVE cpu=51448.6s(+54.0s) ws=47MB hb={"stage": "build_arb_tau:start", "ts": "2026-09-30 07:55:25", "age_s": 55338.0}
[2026-09-30 23:18:42] pid=2356 ACTIVE cpu=51507.2s(+58.6s) ws=41MB hb={"stage": "build_arb_tau:start", "ts": "2026-09-30 07:55:25", "age_s": 55398.0}
[2026-09-30 23:19:42] pid=2356 ACTIVE cpu=51565.9s(+58.7s) ws=47MB hb={"stage": "build_arb_tau:start", "ts": "2026-09-30 07:55:25", "age_s": 55458.0}
[2026-09-30 23:20:42] pid=2356 ACTIVE cpu=51624.6s(+58.7s) ws=42MB hb={"stage": "build_arb_tau:start", "ts": "2026-09-30 07:55:25", "age_s": 55518.0}
[2026-09-30 23:21:42] pid=2356 ACTIVE cpu=51683.3s(+58.7s) ws=46MB hb={"stage": "build_arb_tau:start", "ts": "2026-09-30 07:55:25", "age_s": 55578.0}
[2026-09-30 23:22:42] pid=2356 ACTIVE cpu=51742.0s(+58.7s) ws=48MB hb={"stage": "build_arb_tau:start", "ts": "2026-09-30 07:55:25", "age_s": 55638.0}
[2026-09-30 23:23:42] pid=2356 ACTIVE cpu=51801.1s(+59.0s) ws=49MB hb={"stage": "build_arb_tau:start", "ts": "2026-09-30 07:55:25", "age_s": 55698.0}
[2026-09-30 23:24:42] pid=2356 ACTIVE cpu=51860.0s(+58.9s) ws=47MB hb={"stage": "build_arb_tau:start", "ts": "2026-09-30 07:55:25", "age_s": 55758.0}
[2026-09-30 23:25:43] pid=2356 ACTIVE cpu=51918.6s(+58.6s) ws=52MB hb={"stage": "build_arb_tau:start", "ts": "2026-09-30 07:55:25", "age_s": 55818.0}
[2026-09-30 23:26:43] pid=2356 ACTIVE cpu=51977.6s(+59.0s) ws=42MB hb={"stage": "build_arb_tau:start", "ts": "2026-09-30 07:55:25", "age_s": 55878.0}
[2026-09-30 23:27:43] pid=2356 ACTIVE cpu=52036.1s(+58.5s) ws=48MB hb={"stage": "build_arb_tau:start", "ts": "2026-09-30 07:55:25", "age_s": 55938.0}
[2026-09-30 23:28:43] pid=2356 ACTIVE cpu=52094.2s(+58.1s) ws=42MB hb={"stage": "build_arb_tau:start", "ts": "2026-09-30 07:55:25", "age_s": 55998.0}
[2026-09-30 23:29:43] pid=2356 ACTIVE cpu=52153.0s(+58.7s) ws=49MB hb={"stage": "build_arb_tau:start", "ts": "2026-09-30 07:55:25", "age_s": 56058.0}
[2026-09-30 23:30:43] pid=2356 ACTIVE cpu=52211.9s(+59.0s) ws=48MB hb={"stage": "build_arb_tau:start", "ts": "2026-09-30 07:55:25", "age_s": 56118.0}
[2026-09-30 23:31:43] pid=2356 ACTIVE cpu=52270.8s(+58.9s) ws=48MB hb={"stage": "build_arb_tau:start", "ts": "2026-09-30 07:55:25", "age_s": 56178.0}
[2026-09-30 23:32:43] pid=2356 ACTIVE cpu=52329.4s(+58.7s) ws=46MB hb={"stage": "build_arb_tau:start", "ts": "2026-09-30 07:55:25", "age_s": 56238.0}
[2026-09-30 23:33:43] pid=2356 ACTIVE cpu=52388.4s(+58.9s) ws=48MB hb={"stage": "build_arb_tau:start", "ts": "2026-09-30 07:55:25", "age_s": 56298.0}
[2026-09-30 23:34:43] pid=2356 ACTIVE cpu=52446.5s(+58.2s) ws=42MB hb={"stage": "build_arb_tau:start", "ts": "2026-09-30 07:55:25", "age_s": 56358.0}
[2026-09-30 23:35:43] pid=2356 ACTIVE cpu=52505.4s(+58.9s) ws=49MB hb={"stage": "build_arb_tau:start", "ts": "2026-09-30 07:55:25", "age_s": 56418.0}
[2026-09-30 23:36:43] pid=2356 ACTIVE cpu=52561.5s(+56.1s) ws=42MB hb={"stage": "build_arb_tau:start", "ts": "2026-09-30 07:55:25", "age_s": 56478.0}
[2026-09-30 23:37:43] pid=2356 ACTIVE cpu=52615.3s(+53.8s) ws=46MB hb={"stage": "build_arb_tau:start", "ts": "2026-09-30 07:55:25", "age_s": 56538.0}
[2026-09-30 23:38:43] pid=2356 ACTIVE cpu=52674.3s(+58.9s) ws=40MB hb={"stage": "build_arb_tau:start", "ts": "2026-09-30 07:55:25", "age_s": 56598.0}
[2026-09-30 23:39:43] pid=2356 ACTIVE cpu=52733.0s(+58.8s) ws=47MB hb={"stage": "build_arb_tau:start", "ts": "2026-09-30 07:55:25", "age_s": 56658.0}
[2026-09-30 23:40:43] pid=2356 ACTIVE cpu=52789.8s(+56.7s) ws=38MB hb={"stage": "build_arb_tau:start", "ts": "2026-09-30 07:55:25", "age_s": 56718.0}
[2026-09-30 23:41:43] pid=2356 ACTIVE cpu=52847.0s(+57.2s) ws=48MB hb={"stage": "build_arb_tau:start", "ts": "2026-09-30 07:55:25", "age_s": 56778.0}
[2026-09-30 23:42:43] pid=2356 ACTIVE cpu=52905.4s(+58.4s) ws=43MB hb={"stage": "build_arb_tau:start", "ts": "2026-09-30 07:55:25", "age_s": 56838.0}
[2026-09-30 23:43:43] pid=2356 ACTIVE cpu=52963.7s(+58.3s) ws=47MB hb={"stage": "build_arb_tau:start", "ts": "2026-09-30 07:55:25", "age_s": 56898.0}
[2026-09-30 23:44:43] pid=2356 ACTIVE cpu=53019.2s(+55.5s) ws=42MB hb={"stage": "build_arb_tau:start", "ts": "2026-09-30 07:55:25", "age_s": 56958.0}
[2026-09-30 23:45:43] pid=2356 ACTIVE cpu=53077.4s(+58.2s) ws=46MB hb={"stage": "build_arb_tau:start", "ts": "2026-09-30 07:55:25", "age_s": 57018.0}
[2026-09-30 23:46:43] pid=2356 ACTIVE cpu=53135.2s(+57.8s) ws=52MB hb={"stage": "build_arb_tau:start", "ts": "2026-09-30 07:55:25", "age_s": 57078.0}
[2026-09-30 23:47:43] pid=2356 ACTIVE cpu=53193.0s(+57.8s) ws=57MB hb={"stage": "build_arb_tau:start", "ts": "2026-09-30 07:55:25", "age_s": 57138.0}
[2026-09-30 23:48:43] pid=2356 ACTIVE cpu=53251.2s(+58.1s) ws=64MB hb={"stage": "build_arb_tau:start", "ts": "2026-09-30 07:55:25", "age_s": 57198.0}
[2026-09-30 23:49:43] pid=2356 ACTIVE cpu=53309.2s(+58.0s) ws=70MB hb={"stage": "build_arb_tau:start", "ts": "2026-09-30 07:55:25", "age_s": 57258.0}
[2026-09-30 23:50:43] pid=2356 ACTIVE cpu=53367.7s(+58.4s) ws=51MB hb={"stage": "build_arb_tau:start", "ts": "2026-09-30 07:55:25", "age_s": 57318.0}
[2026-09-30 23:51:43] pid=2356 ACTIVE cpu=53425.9s(+58.2s) ws=57MB hb={"stage": "build_arb_tau:start", "ts": "2026-09-30 07:55:25", "age_s": 57378.0}
[2026-09-30 23:52:43] pid=2356 ACTIVE cpu=53484.1s(+58.2s) ws=48MB hb={"stage": "build_arb_tau:start", "ts": "2026-09-30 07:55:25", "age_s": 57438.0}
[2026-09-30 23:53:43] pid=2356 ACTIVE cpu=53541.6s(+57.5s) ws=48MB hb={"stage": "build_arb_tau:start", "ts": "2026-09-30 07:55:25", "age_s": 57498.0}
[2026-09-30 23:54:43] pid=2356 ACTIVE cpu=53599.5s(+57.9s) ws=46MB hb={"stage": "build_arb_tau:start", "ts": "2026-09-30 07:55:25", "age_s": 57558.0}
[2026-09-30 23:55:43] pid=2356 ACTIVE cpu=53657.7s(+58.2s) ws=47MB hb={"stage": "build_arb_tau:start", "ts": "2026-09-30 07:55:25", "age_s": 57618.0}
[2026-09-30 23:56:43] pid=2356 ACTIVE cpu=53716.1s(+58.4s) ws=42MB hb={"stage": "build_arb_tau:start", "ts": "2026-09-30 07:55:25", "age_s": 57678.0}
[2026-09-30 23:57:43] pid=2356 ACTIVE cpu=53774.4s(+58.3s) ws=46MB hb={"stage": "build_arb_tau:start", "ts": "2026-09-30 07:55:25", "age_s": 57738.0}
[2026-09-30 23:58:43] pid=2356 ACTIVE cpu=53832.8s(+58.4s) ws=42MB hb={"stage": "build_arb_tau:start", "ts": "2026-09-30 07:55:25", "age_s": 57798.0}
[2026-09-30 23:59:43] pid=2356 ACTIVE cpu=53890.8s(+58.0s) ws=43MB hb={"stage": "build_arb_tau:start", "ts": "2026-09-30 07:55:25", "age_s": 57858.0}
[2026-10-01 00:00:43] pid=2356 ACTIVE cpu=53946.8s(+56.0s) ws=42MB hb={"stage": "build_arb_tau:start", "ts": "2026-09-30 07:55:25", "age_s": 57918.0}
[2026-10-01 00:01:43] pid=2356 ACTIVE cpu=54004.9s(+58.1s) ws=47MB hb={"stage": "build_arb_tau:start", "ts": "2026-09-30 07:55:25", "age_s": 57978.1}
[2026-10-01 00:02:43] pid=2356 ACTIVE cpu=54062.9s(+58.0s) ws=43MB hb={"stage": "build_arb_tau:start", "ts": "2026-09-30 07:55:25", "age_s": 58038.1}
[2026-10-01 00:03:43] pid=2356 ACTIVE cpu=54121.2s(+58.3s) ws=46MB hb={"stage": "build_arb_tau:start", "ts": "2026-09-30 07:55:25", "age_s": 58098.1}
[2026-10-01 00:04:43] pid=2356 ACTIVE cpu=54180.2s(+58.9s) ws=42MB hb={"stage": "build_arb_tau:start", "ts": "2026-09-30 07:55:25", "age_s": 58158.1}
[2026-10-01 00:05:43] pid=2356 ACTIVE cpu=54239.1s(+58.9s) ws=46MB hb={"stage": "build_arb_tau:start", "ts": "2026-09-30 07:55:25", "age_s": 58218.1}
[2026-10-01 00:06:43] pid=2356 ACTIVE cpu=54297.7s(+58.6s) ws=44MB hb={"stage": "build_arb_tau:start", "ts": "2026-09-30 07:55:25", "age_s": 58278.1}
[2026-10-01 00:07:43] pid=2356 ACTIVE cpu=54356.7s(+59.0s) ws=47MB hb={"stage": "build_arb_tau:start", "ts": "2026-09-30 07:55:25", "age_s": 58338.1}
[2026-10-01 00:08:43] pid=2356 ACTIVE cpu=54411.9s(+55.2s) ws=46MB hb={"stage": "build_arb_tau:start", "ts": "2026-09-30 07:55:25", "age_s": 58398.1}
[2026-10-01 00:09:43] pid=2356 ACTIVE cpu=54466.7s(+54.8s) ws=43MB hb={"stage": "build_arb_tau:start", "ts": "2026-09-30 07:55:25", "age_s": 58458.1}
[2026-10-01 00:10:43] pid=2356 ACTIVE cpu=54525.8s(+59.1s) ws=44MB hb={"stage": "build_arb_tau:start", "ts": "2026-09-30 07:55:25", "age_s": 58518.1}
[2026-10-01 00:11:43] pid=2356 ACTIVE cpu=54584.5s(+58.7s) ws=48MB hb={"stage": "build_arb_tau:start", "ts": "2026-09-30 07:55:25", "age_s": 58578.1}
[2026-10-01 00:12:43] pid=2356 ACTIVE cpu=54643.3s(+58.8s) ws=47MB hb={"stage": "build_arb_tau:start", "ts": "2026-09-30 07:55:25", "age_s": 58638.1}
[2026-10-01 00:13:43] pid=2356 ACTIVE cpu=54701.9s(+58.7s) ws=48MB hb={"stage": "build_arb_tau:start", "ts": "2026-09-30 07:55:25", "age_s": 58698.1}
[2026-10-01 00:14:43] pid=2356 ACTIVE cpu=54756.2s(+54.2s) ws=52MB hb={"stage": "build_arb_tau:start", "ts": "2026-09-30 07:55:25", "age_s": 58758.1}
[2026-10-01 00:15:43] pid=2356 ACTIVE cpu=54809.5s(+53.3s) ws=45MB hb={"stage": "build_arb_tau:start", "ts": "2026-09-30 07:55:25", "age_s": 58818.1}
[2026-10-01 00:16:43] pid=2356 ACTIVE cpu=54868.2s(+58.8s) ws=50MB hb={"stage": "build_arb_tau:start", "ts": "2026-09-30 07:55:25", "age_s": 58878.1}
[2026-10-01 00:17:43] pid=2356 ACTIVE cpu=54926.8s(+58.5s) ws=43MB hb={"stage": "build_arb_tau:start", "ts": "2026-09-30 07:55:25", "age_s": 58938.1}
[2026-10-01 00:18:43] pid=2356 ACTIVE cpu=54985.5s(+58.7s) ws=49MB hb={"stage": "build_arb_tau:start", "ts": "2026-09-30 07:55:25", "age_s": 58998.1}
[2026-10-01 00:19:43] pid=2356 ACTIVE cpu=55044.1s(+58.7s) ws=42MB hb={"stage": "build_arb_tau:start", "ts": "2026-09-30 07:55:25", "age_s": 59058.1}
[2026-10-01 00:20:43] pid=2356 ACTIVE cpu=55102.8s(+58.7s) ws=48MB hb={"stage": "build_arb_tau:start", "ts": "2026-09-30 07:55:25", "age_s": 59118.1}
[2026-10-01 00:21:43] pid=2356 ACTIVE cpu=55161.0s(+58.2s) ws=46MB hb={"stage": "build_arb_tau:start", "ts": "2026-09-30 07:55:25", "age_s": 59178.1}
[2026-10-01 00:22:43] pid=2356 ACTIVE cpu=55214.1s(+53.2s) ws=48MB hb={"stage": "build_arb_tau:start", "ts": "2026-09-30 07:55:25", "age_s": 59238.1}
[2026-10-01 00:23:43] pid=2356 ACTIVE cpu=55271.9s(+57.7s) ws=45MB hb={"stage": "build_arb_tau:start", "ts": "2026-09-30 07:55:25", "age_s": 59298.1}
[2026-10-01 00:24:43] pid=2356 ACTIVE cpu=55330.1s(+58.2s) ws=51MB hb={"stage": "build_arb_tau:start", "ts": "2026-09-30 07:55:25", "age_s": 59358.1}
[2026-10-01 00:25:43] pid=2356 ACTIVE cpu=55389.2s(+59.1s) ws=56MB hb={"stage": "build_arb_tau:start", "ts": "2026-09-30 07:55:25", "age_s": 59418.1}
[2026-10-01 00:26:43] pid=2356 ACTIVE cpu=55448.1s(+59.0s) ws=52MB hb={"stage": "build_arb_tau:start", "ts": "2026-09-30 07:55:25", "age_s": 59478.1}
[2026-10-01 00:27:43] pid=2356 ACTIVE cpu=55505.9s(+57.7s) ws=52MB hb={"stage": "build_arb_tau:start", "ts": "2026-09-30 07:55:25", "age_s": 59538.1}
[2026-10-01 00:28:43] pid=2356 ACTIVE cpu=55563.2s(+57.3s) ws=58MB hb={"stage": "build_arb_tau:start", "ts": "2026-09-30 07:55:25", "age_s": 59598.1}
[2026-10-01 00:29:43] pid=2356 ACTIVE cpu=55619.8s(+56.6s) ws=63MB hb={"stage": "build_arb_tau:start", "ts": "2026-09-30 07:55:25", "age_s": 59658.1}
[2026-10-01 00:30:43] pid=2356 ACTIVE cpu=55678.6s(+58.8s) ws=69MB hb={"stage": "build_arb_tau:start", "ts": "2026-09-30 07:55:25", "age_s": 59718.1}
[2026-10-01 00:31:43] pid=2356 ACTIVE cpu=55735.5s(+57.0s) ws=42MB hb={"stage": "build_arb_tau:start", "ts": "2026-09-30 07:55:25", "age_s": 59778.1}
[2026-10-01 00:32:43] pid=2356 ACTIVE cpu=55789.6s(+54.0s) ws=47MB hb={"stage": "build_arb_tau:start", "ts": "2026-09-30 07:55:25", "age_s": 59838.1}
[2026-10-01 00:33:43] pid=2356 ACTIVE cpu=55848.1s(+58.5s) ws=42MB hb={"stage": "build_arb_tau:start", "ts": "2026-09-30 07:55:25", "age_s": 59898.1}
[2026-10-01 00:34:43] pid=2356 ACTIVE cpu=55906.5s(+58.5s) ws=46MB hb={"stage": "build_arb_tau:start", "ts": "2026-09-30 07:55:25", "age_s": 59958.1}
[2026-10-01 00:35:43] pid=2356 ACTIVE cpu=55965.6s(+59.1s) ws=44MB hb={"stage": "build_arb_tau:start", "ts": "2026-09-30 07:55:25", "age_s": 60018.1}
[2026-10-01 00:36:43] pid=2356 ACTIVE cpu=56024.7s(+59.1s) ws=46MB hb={"stage": "build_arb_tau:start", "ts": "2026-09-30 07:55:25", "age_s": 60078.1}
[2026-10-01 00:37:43] pid=2356 ACTIVE cpu=56083.3s(+58.6s) ws=42MB hb={"stage": "build_arb_tau:start", "ts": "2026-09-30 07:55:25", "age_s": 60138.1}
[2026-10-01 00:38:43] pid=2356 ACTIVE cpu=56142.1s(+58.8s) ws=47MB hb={"stage": "build_arb_tau:start", "ts": "2026-09-30 07:55:25", "age_s": 60198.1}
[2026-10-01 00:39:43] pid=2356 ACTIVE cpu=56193.3s(+51.3s) ws=43MB hb={"stage": "build_arb_tau:start", "ts": "2026-09-30 07:55:25", "age_s": 60258.1}
[2026-10-01 00:40:43] pid=2356 ACTIVE cpu=56252.2s(+58.8s) ws=45MB hb={"stage": "build_arb_tau:start", "ts": "2026-09-30 07:55:25", "age_s": 60318.1}
[2026-10-01 00:41:43] pid=2356 ACTIVE cpu=56310.9s(+58.7s) ws=39MB hb={"stage": "build_arb_tau:start", "ts": "2026-09-30 07:55:25", "age_s": 60378.1}
[2026-10-01 00:42:43] pid=2356 ACTIVE cpu=56368.7s(+57.8s) ws=48MB hb={"stage": "build_arb_tau:start", "ts": "2026-09-30 07:55:25", "age_s": 60438.1}
[2026-10-01 00:43:43] pid=2356 ACTIVE cpu=56427.7s(+59.0s) ws=43MB hb={"stage": "build_arb_tau:start", "ts": "2026-09-30 07:55:25", "age_s": 60498.1}
[2026-10-01 00:44:43] pid=2356 ACTIVE cpu=56486.2s(+58.5s) ws=47MB hb={"stage": "build_arb_tau:start", "ts": "2026-09-30 07:55:25", "age_s": 60558.1}
[2026-10-01 00:45:43] pid=2356 ACTIVE cpu=56544.3s(+58.1s) ws=48MB hb={"stage": "build_arb_tau:start", "ts": "2026-09-30 07:55:25", "age_s": 60618.1}
[2026-10-01 00:46:43] pid=2356 ACTIVE cpu=56602.9s(+58.6s) ws=47MB hb={"stage": "build_arb_tau:start", "ts": "2026-09-30 07:55:25", "age_s": 60678.1}
[2026-10-01 00:47:43] pid=2356 ACTIVE cpu=56661.6s(+58.7s) ws=46MB hb={"stage": "build_arb_tau:start", "ts": "2026-09-30 07:55:25", "age_s": 60738.1}
[2026-10-01 00:48:43] pid=2356 ACTIVE cpu=56720.4s(+58.8s) ws=48MB hb={"stage": "build_arb_tau:start", "ts": "2026-09-30 07:55:25", "age_s": 60798.1}
[2026-10-01 00:49:43] pid=2356 ACTIVE cpu=56779.2s(+58.8s) ws=44MB hb={"stage": "build_arb_tau:start", "ts": "2026-09-30 07:55:25", "age_s": 60858.1}
[2026-10-01 00:50:43] pid=2356 ACTIVE cpu=56838.0s(+58.8s) ws=47MB hb={"stage": "build_arb_tau:start", "ts": "2026-09-30 07:55:25", "age_s": 60918.1}
[2026-10-01 00:51:43] pid=2356 ACTIVE cpu=56887.8s(+49.8s) ws=46MB hb={"stage": "build_arb_tau:start", "ts": "2026-09-30 07:55:25", "age_s": 60978.1}
[2026-10-01 00:52:43] pid=2356 ACTIVE cpu=56945.4s(+57.6s) ws=44MB hb={"stage": "build_arb_tau:start", "ts": "2026-09-30 07:55:25", "age_s": 61038.1}
[2026-10-01 00:53:43] pid=2356 ACTIVE cpu=57004.3s(+58.9s) ws=44MB hb={"stage": "build_arb_tau:start", "ts": "2026-09-30 07:55:25", "age_s": 61098.1}
[2026-10-01 00:54:43] pid=2356 ACTIVE cpu=57063.0s(+58.7s) ws=44MB hb={"stage": "build_arb_tau:start", "ts": "2026-09-30 07:55:25", "age_s": 61158.1}
[2026-10-01 00:55:43] pid=2356 ACTIVE cpu=57121.8s(+58.8s) ws=46MB hb={"stage": "build_arb_tau:start", "ts": "2026-09-30 07:55:25", "age_s": 61218.1}
[2026-10-01 00:56:43] pid=2356 ACTIVE cpu=57180.9s(+59.1s) ws=47MB hb={"stage": "build_arb_tau:start", "ts": "2026-09-30 07:55:25", "age_s": 61278.1}
[2026-10-01 00:57:43] pid=2356 ACTIVE cpu=57239.2s(+58.3s) ws=42MB hb={"stage": "build_arb_tau:start", "ts": "2026-09-30 07:55:25", "age_s": 61338.1}
[2026-10-01 00:58:43] pid=2356 ACTIVE cpu=57297.7s(+58.5s) ws=47MB hb={"stage": "build_arb_tau:start", "ts": "2026-09-30 07:55:25", "age_s": 61398.1}
[2026-10-01 00:59:43] pid=2356 ACTIVE cpu=57356.0s(+58.3s) ws=45MB hb={"stage": "build_arb_tau:start", "ts": "2026-09-30 07:55:25", "age_s": 61458.1}
[2026-10-01 01:00:43] pid=2356 ACTIVE cpu=57414.9s(+58.9s) ws=48MB hb={"stage": "build_arb_tau:start", "ts": "2026-09-30 07:55:25", "age_s": 61518.1}
[2026-10-01 01:01:43] pid=2356 ACTIVE cpu=57473.7s(+58.8s) ws=41MB hb={"stage": "build_arb_tau:start", "ts": "2026-09-30 07:55:25", "age_s": 61578.1}
[2026-10-01 01:02:43] pid=2356 ACTIVE cpu=57532.2s(+58.6s) ws=46MB hb={"stage": "build_arb_tau:start", "ts": "2026-09-30 07:55:25", "age_s": 61638.1}
[2026-10-01 01:03:43] pid=2356 ACTIVE cpu=57591.2s(+59.0s) ws=40MB hb={"stage": "build_arb_tau:start", "ts": "2026-09-30 07:55:25", "age_s": 61698.1}
[2026-10-01 01:04:43] pid=2356 ACTIVE cpu=57649.9s(+58.7s) ws=50MB hb={"stage": "build_arb_tau:start", "ts": "2026-09-30 07:55:25", "age_s": 61758.1}
[2026-10-01 01:05:43] pid=2356 ACTIVE cpu=57708.6s(+58.7s) ws=42MB hb={"stage": "build_arb_tau:start", "ts": "2026-09-30 07:55:25", "age_s": 61818.1}
[2026-10-01 01:06:43] pid=2356 ACTIVE cpu=57767.5s(+58.9s) ws=47MB hb={"stage": "build_arb_tau:start", "ts": "2026-09-30 07:55:25", "age_s": 61878.1}
[2026-10-01 01:07:43] pid=2356 ACTIVE cpu=57826.1s(+58.6s) ws=42MB hb={"stage": "build_arb_tau:start", "ts": "2026-09-30 07:55:25", "age_s": 61938.1}
[2026-10-01 01:08:43] pid=2356 ACTIVE cpu=57883.3s(+57.1s) ws=52MB hb={"stage": "build_arb_tau:start", "ts": "2026-09-30 07:55:25", "age_s": 61998.1}
[2026-10-01 01:09:43] pid=2356 ACTIVE cpu=57942.4s(+59.1s) ws=43MB hb={"stage": "build_arb_tau:start", "ts": "2026-09-30 07:55:25", "age_s": 62058.1}
[2026-10-01 01:10:43] pid=2356 ACTIVE cpu=58001.1s(+58.7s) ws=49MB hb={"stage": "build_arb_tau:start", "ts": "2026-09-30 07:55:25", "age_s": 62118.1}
[2026-10-01 01:11:43] pid=2356 ACTIVE cpu=58059.6s(+58.5s) ws=41MB hb={"stage": "build_arb_tau:start", "ts": "2026-09-30 07:55:25", "age_s": 62178.1}
[2026-10-01 01:12:43] pid=2356 ACTIVE cpu=58118.2s(+58.7s) ws=47MB hb={"stage": "build_arb_tau:start", "ts": "2026-09-30 07:55:25", "age_s": 62238.1}
[2026-10-01 01:13:43] pid=2356 ACTIVE cpu=58176.5s(+58.2s) ws=46MB hb={"stage": "build_arb_tau:start", "ts": "2026-09-30 07:55:25", "age_s": 62298.1}
[2026-10-01 01:14:43] pid=2356 ACTIVE cpu=58234.8s(+58.3s) ws=51MB hb={"stage": "build_arb_tau:start", "ts": "2026-09-30 07:55:25", "age_s": 62358.1}
[2026-10-01 01:15:43] pid=2356 ACTIVE cpu=58293.2s(+58.5s) ws=42MB hb={"stage": "build_arb_tau:start", "ts": "2026-09-30 07:55:25", "age_s": 62418.1}
[2026-10-01 01:16:43] pid=2356 ACTIVE cpu=58352.1s(+58.8s) ws=48MB hb={"stage": "build_arb_tau:start", "ts": "2026-09-30 07:55:25", "age_s": 62478.1}
[2026-10-01 01:17:43] pid=2356 ACTIVE cpu=58410.7s(+58.7s) ws=47MB hb={"stage": "build_arb_tau:start", "ts": "2026-09-30 07:55:25", "age_s": 62538.1}
[2026-10-01 01:18:43] pid=2356 ACTIVE cpu=58469.1s(+58.4s) ws=52MB hb={"stage": "build_arb_tau:start", "ts": "2026-09-30 07:55:25", "age_s": 62598.2}
[2026-10-01 01:19:43] pid=2356 ACTIVE cpu=58527.9s(+58.8s) ws=42MB hb={"stage": "build_arb_tau:start", "ts": "2026-09-30 07:55:25", "age_s": 62658.2}
[2026-10-01 01:20:43] pid=2356 ACTIVE cpu=58586.5s(+58.5s) ws=48MB hb={"stage": "build_arb_tau:start", "ts": "2026-09-30 07:55:25", "age_s": 62718.2}
[2026-10-01 01:21:43] pid=2356 ACTIVE cpu=58645.2s(+58.7s) ws=47MB hb={"stage": "build_arb_tau:start", "ts": "2026-09-30 07:55:25", "age_s": 62778.2}
[2026-10-01 01:22:43] pid=2356 ACTIVE cpu=58703.8s(+58.6s) ws=52MB hb={"stage": "build_arb_tau:start", "ts": "2026-09-30 07:55:25", "age_s": 62838.2}
[2026-10-01 01:23:43] pid=2356 ACTIVE cpu=58762.8s(+59.1s) ws=43MB hb={"stage": "build_arb_tau:start", "ts": "2026-09-30 07:55:25", "age_s": 62898.2}
[2026-10-01 01:24:43] pid=2356 ACTIVE cpu=58821.1s(+58.2s) ws=49MB hb={"stage": "build_arb_tau:start", "ts": "2026-09-30 07:55:25", "age_s": 62958.2}
[2026-10-01 01:25:43] pid=2356 ACTIVE cpu=58870.9s(+49.8s) ws=43MB hb={"stage": "build_arb_tau:start", "ts": "2026-09-30 07:55:25", "age_s": 63018.2}
[2026-10-01 01:26:43] pid=2356 ACTIVE cpu=58926.9s(+56.0s) ws=48MB hb={"stage": "build_arb_tau:start", "ts": "2026-09-30 07:55:25", "age_s": 63078.2}
[2026-10-01 01:27:43] pid=2356 ACTIVE cpu=58983.4s(+56.5s) ws=48MB hb={"stage": "build_arb_tau:start", "ts": "2026-09-30 07:55:25", "age_s": 63138.2}
[2026-10-01 01:28:43] pid=2356 ACTIVE cpu=59040.4s(+57.0s) ws=50MB hb={"stage": "build_arb_tau:start", "ts": "2026-09-30 07:55:25", "age_s": 63198.2}
[2026-10-01 01:29:43] pid=2356 ACTIVE cpu=59097.3s(+56.9s) ws=48MB hb={"stage": "build_arb_tau:start", "ts": "2026-09-30 07:55:25", "age_s": 63258.2}
[2026-10-01 01:30:43] pid=2356 ACTIVE cpu=59153.8s(+56.5s) ws=47MB hb={"stage": "build_arb_tau:start", "ts": "2026-09-30 07:55:25", "age_s": 63318.2}
[2026-10-01 01:31:43] pid=2356 ACTIVE cpu=59211.3s(+57.5s) ws=51MB hb={"stage": "build_arb_tau:start", "ts": "2026-09-30 07:55:25", "age_s": 63378.2}
[2026-10-01 01:32:43] pid=2356 ACTIVE cpu=59268.6s(+57.3s) ws=44MB hb={"stage": "build_arb_tau:start", "ts": "2026-09-30 07:55:25", "age_s": 63438.2}
[2026-10-01 01:33:43] pid=2356 ACTIVE cpu=59325.5s(+57.0s) ws=54MB hb={"stage": "build_arb_tau:start", "ts": "2026-09-30 07:55:25", "age_s": 63498.2}
[2026-10-01 01:34:43] pid=2356 ACTIVE cpu=59383.2s(+57.7s) ws=47MB hb={"stage": "build_arb_tau:start", "ts": "2026-09-30 07:55:25", "age_s": 63558.2}
[2026-10-01 01:35:43] pid=2356 ACTIVE cpu=59440.9s(+57.7s) ws=52MB hb={"stage": "build_arb_tau:start", "ts": "2026-09-30 07:55:25", "age_s": 63618.2}
[2026-10-01 01:36:43] pid=2356 ACTIVE cpu=59498.7s(+57.7s) ws=42MB hb={"stage": "build_arb_tau:start", "ts": "2026-09-30 07:55:25", "age_s": 63678.2}
[2026-10-01 01:37:43] pid=2356 ACTIVE cpu=59556.1s(+57.4s) ws=48MB hb={"stage": "build_arb_tau:start", "ts": "2026-09-30 07:55:25", "age_s": 63738.2}
[2026-10-01 01:38:43] pid=2356 ACTIVE cpu=59614.1s(+58.0s) ws=44MB hb={"stage": "build_arb_tau:start", "ts": "2026-09-30 07:55:25", "age_s": 63798.2}
[2026-10-01 01:39:43] pid=2356 ACTIVE cpu=59671.7s(+57.6s) ws=49MB hb={"stage": "build_arb_tau:start", "ts": "2026-09-30 07:55:25", "age_s": 63858.2}
[2026-10-01 01:40:43] pid=2356 ACTIVE cpu=59729.3s(+57.6s) ws=44MB hb={"stage": "build_arb_tau:start", "ts": "2026-09-30 07:55:25", "age_s": 63918.2}
[2026-10-01 01:41:43] pid=2356 ACTIVE cpu=59786.2s(+56.8s) ws=47MB hb={"stage": "build_arb_tau:start", "ts": "2026-09-30 07:55:25", "age_s": 63978.2}
[2026-10-01 01:42:43] pid=2356 ACTIVE cpu=59843.7s(+57.6s) ws=48MB hb={"stage": "build_arb_tau:start", "ts": "2026-09-30 07:55:25", "age_s": 64038.2}
[2026-10-01 01:43:43] pid=2356 ACTIVE cpu=59899.6s(+55.9s) ws=46MB hb={"stage": "build_arb_tau:start", "ts": "2026-09-30 07:55:25", "age_s": 64098.2}
[2026-10-01 01:44:43] pid=2356 ACTIVE cpu=59957.0s(+57.4s) ws=52MB hb={"stage": "build_arb_tau:start", "ts": "2026-09-30 07:55:25", "age_s": 64158.2}
[2026-10-01 01:45:43] pid=2356 ACTIVE cpu=60014.9s(+57.8s) ws=44MB hb={"stage": "build_arb_tau:start", "ts": "2026-09-30 07:55:25", "age_s": 64218.2}
[2026-10-01 01:46:43] pid=2356 ACTIVE cpu=60072.5s(+57.6s) ws=49MB hb={"stage": "build_arb_tau:start", "ts": "2026-09-30 07:55:25", "age_s": 64278.2}
[2026-10-01 01:47:43] pid=2356 ACTIVE cpu=60129.4s(+56.9s) ws=47MB hb={"stage": "build_arb_tau:start", "ts": "2026-09-30 07:55:25", "age_s": 64338.2}
[2026-10-01 01:48:43] pid=2356 ACTIVE cpu=60187.1s(+57.7s) ws=52MB hb={"stage": "build_arb_tau:start", "ts": "2026-09-30 07:55:25", "age_s": 64398.2}
[2026-10-01 01:49:43] pid=2356 ACTIVE cpu=60244.7s(+57.6s) ws=42MB hb={"stage": "build_arb_tau:start", "ts": "2026-09-30 07:55:25", "age_s": 64458.2}
[2026-10-01 01:50:43] pid=2356 ACTIVE cpu=60302.4s(+57.8s) ws=47MB hb={"stage": "build_arb_tau:start", "ts": "2026-09-30 07:55:25", "age_s": 64518.2}
[2026-10-01 01:51:43] pid=2356 ACTIVE cpu=60360.0s(+57.6s) ws=42MB hb={"stage": "build_arb_tau:start", "ts": "2026-09-30 07:55:25", "age_s": 64578.2}
[2026-10-01 01:52:43] pid=2356 ACTIVE cpu=60417.5s(+57.5s) ws=51MB hb={"stage": "build_arb_tau:start", "ts": "2026-09-30 07:55:25", "age_s": 64638.2}
[2026-10-01 01:53:43] pid=2356 ACTIVE cpu=60474.8s(+57.2s) ws=42MB hb={"stage": "build_arb_tau:start", "ts": "2026-09-30 07:55:25", "age_s": 64698.2}
[2026-10-01 01:54:43] pid=2356 ACTIVE cpu=60531.9s(+57.2s) ws=47MB hb={"stage": "build_arb_tau:start", "ts": "2026-09-30 07:55:25", "age_s": 64758.2}
[2026-10-01 01:55:43] pid=2356 ACTIVE cpu=60589.4s(+57.5s) ws=46MB hb={"stage": "build_arb_tau:start", "ts": "2026-09-30 07:55:25", "age_s": 64818.2}
[2026-10-01 01:56:43] pid=2356 ACTIVE cpu=60647.1s(+57.7s) ws=50MB hb={"stage": "build_arb_tau:start", "ts": "2026-09-30 07:55:25", "age_s": 64878.2}
[2026-10-01 01:57:43] pid=2356 ACTIVE cpu=60705.0s(+57.8s) ws=51MB hb={"stage": "build_arb_tau:start", "ts": "2026-09-30 07:55:25", "age_s": 64938.2}
[2026-10-01 01:58:43] pid=2356 ACTIVE cpu=60762.2s(+57.2s) ws=46MB hb={"stage": "build_arb_tau:start", "ts": "2026-09-30 07:55:25", "age_s": 64998.2}
[2026-10-01 01:59:43] pid=2356 ACTIVE cpu=60819.2s(+57.1s) ws=51MB hb={"stage": "build_arb_tau:start", "ts": "2026-09-30 07:55:25", "age_s": 65058.2}
[2026-10-01 02:00:43] pid=2356 ACTIVE cpu=60876.2s(+57.0s) ws=43MB hb={"stage": "build_arb_tau:start", "ts": "2026-09-30 07:55:25", "age_s": 65118.2}
[2026-10-01 02:01:43] pid=2356 ACTIVE cpu=60933.3s(+57.1s) ws=52MB hb={"stage": "build_arb_tau:start", "ts": "2026-09-30 07:55:25", "age_s": 65178.2}
[2026-10-01 02:02:43] pid=2356 ACTIVE cpu=60989.8s(+56.5s) ws=45MB hb={"stage": "build_arb_tau:start", "ts": "2026-09-30 07:55:25", "age_s": 65238.2}
[2026-10-01 02:03:43] pid=2356 ACTIVE cpu=61047.3s(+57.5s) ws=49MB hb={"stage": "build_arb_tau:start", "ts": "2026-09-30 07:55:25", "age_s": 65298.2}
[2026-10-01 02:04:43] pid=2356 ACTIVE cpu=61103.9s(+56.5s) ws=42MB hb={"stage": "build_arb_tau:start", "ts": "2026-09-30 07:55:25", "age_s": 65358.2}
[2026-10-01 02:05:43] pid=2356 ACTIVE cpu=61160.9s(+57.0s) ws=50MB hb={"stage": "build_arb_tau:start", "ts": "2026-09-30 07:55:25", "age_s": 65418.2}
[2026-10-01 02:06:43] pid=2356 ACTIVE cpu=61218.2s(+57.3s) ws=41MB hb={"stage": "build_arb_tau:start", "ts": "2026-09-30 07:55:25", "age_s": 65478.3}
[2026-10-01 02:07:43] pid=2356 ACTIVE cpu=61275.5s(+57.4s) ws=46MB hb={"stage": "build_arb_tau:start", "ts": "2026-09-30 07:55:25", "age_s": 65538.3}
[2026-10-01 02:08:43] pid=2356 ACTIVE cpu=61332.3s(+56.7s) ws=47MB hb={"stage": "build_arb_tau:start", "ts": "2026-09-30 07:55:25", "age_s": 65598.3}
[2026-10-01 02:09:43] pid=2356 ACTIVE cpu=61389.6s(+57.3s) ws=47MB hb={"stage": "build_arb_tau:start", "ts": "2026-09-30 07:55:25", "age_s": 65658.3}
[2026-10-01 02:10:43] pid=2356 ACTIVE cpu=61447.2s(+57.6s) ws=49MB hb={"stage": "build_arb_tau:start", "ts": "2026-09-30 07:55:25", "age_s": 65718.3}
[2026-10-01 02:11:43] pid=2356 ACTIVE cpu=61504.8s(+57.6s) ws=46MB hb={"stage": "build_arb_tau:start", "ts": "2026-09-30 07:55:25", "age_s": 65778.3}
[2026-10-01 02:12:43] pid=2356 ACTIVE cpu=61561.5s(+56.8s) ws=48MB hb={"stage": "build_arb_tau:start", "ts": "2026-09-30 07:55:25", "age_s": 65838.3}
[2026-10-01 02:13:43] pid=2356 ACTIVE cpu=61619.3s(+57.8s) ws=46MB hb={"stage": "build_arb_tau:start", "ts": "2026-09-30 07:55:25", "age_s": 65898.3}
[2026-10-01 02:14:43] pid=2356 ACTIVE cpu=61677.4s(+58.1s) ws=51MB hb={"stage": "build_arb_tau:start", "ts": "2026-09-30 07:55:25", "age_s": 65958.3}
[2026-10-01 02:15:43] pid=2356 ACTIVE cpu=61734.0s(+56.7s) ws=44MB hb={"stage": "build_arb_tau:start", "ts": "2026-09-30 07:55:25", "age_s": 66018.3}
[2026-10-01 02:16:43] pid=2356 ACTIVE cpu=61791.4s(+57.4s) ws=50MB hb={"stage": "build_arb_tau:start", "ts": "2026-09-30 07:55:25", "age_s": 66078.3}
[2026-10-01 02:17:43] pid=2356 ACTIVE cpu=61849.0s(+57.6s) ws=46MB hb={"stage": "build_arb_tau:start", "ts": "2026-09-30 07:55:25", "age_s": 66138.3}
[2026-10-01 02:18:43] pid=2356 ACTIVE cpu=61906.7s(+57.7s) ws=51MB hb={"stage": "build_arb_tau:start", "ts": "2026-09-30 07:55:25", "age_s": 66198.3}
[2026-10-01 02:19:43] pid=2356 ACTIVE cpu=61964.1s(+57.4s) ws=43MB hb={"stage": "build_arb_tau:start", "ts": "2026-09-30 07:55:25", "age_s": 66258.3}
[2026-10-01 02:20:43] pid=2356 ACTIVE cpu=62020.5s(+56.4s) ws=49MB hb={"stage": "build_arb_tau:start", "ts": "2026-09-30 07:55:25", "age_s": 66318.3}
[2026-10-01 02:21:43] pid=2356 ACTIVE cpu=62077.1s(+56.7s) ws=45MB hb={"stage": "build_arb_tau:start", "ts": "2026-09-30 07:55:25", "age_s": 66378.3}
[2026-10-01 02:22:43] pid=2356 ACTIVE cpu=62130.2s(+53.0s) ws=49MB hb={"stage": "build_arb_tau:start", "ts": "2026-09-30 07:55:25", "age_s": 66438.3}
[2026-10-01 02:23:43] pid=2356 ACTIVE cpu=62183.2s(+53.0s) ws=38MB hb={"stage": "build_arb_tau:start", "ts": "2026-09-30 07:55:25", "age_s": 66498.3}
[2026-10-01 02:24:43] pid=2356 ACTIVE cpu=62241.5s(+58.3s) ws=46MB hb={"stage": "build_arb_tau:start", "ts": "2026-09-30 07:55:25", "age_s": 66558.3}
[2026-10-01 02:25:43] pid=2356 ACTIVE cpu=62300.8s(+59.2s) ws=41MB hb={"stage": "build_arb_tau:start", "ts": "2026-09-30 07:55:25", "age_s": 66618.3}
[2026-10-01 02:26:43] pid=2356 ACTIVE cpu=62359.7s(+58.9s) ws=51MB hb={"stage": "build_arb_tau:start", "ts": "2026-09-30 07:55:25", "age_s": 66678.3}
[2026-10-01 02:27:43] pid=2356 ACTIVE cpu=62418.2s(+58.6s) ws=44MB hb={"stage": "build_arb_tau:start", "ts": "2026-09-30 07:55:25", "age_s": 66738.3}
[2026-10-01 02:28:43] pid=2356 ACTIVE cpu=62475.0s(+56.7s) ws=49MB hb={"stage": "build_arb_tau:start", "ts": "2026-09-30 07:55:25", "age_s": 66798.3}
[2026-10-01 02:29:43] pid=2356 ACTIVE cpu=62526.7s(+51.7s) ws=42MB hb={"stage": "build_arb_tau:start", "ts": "2026-09-30 07:55:25", "age_s": 66858.3}
[2026-10-01 02:30:43] pid=2356 ACTIVE cpu=62583.9s(+57.2s) ws=50MB hb={"stage": "build_arb_tau:start", "ts": "2026-09-30 07:55:25", "age_s": 66918.3}
[2026-10-01 02:31:43] pid=2356 ACTIVE cpu=62642.4s(+58.5s) ws=56MB hb={"stage": "build_arb_tau:start", "ts": "2026-09-30 07:55:25", "age_s": 66978.3}
[2026-10-01 02:32:43] pid=2356 ACTIVE cpu=62701.0s(+58.6s) ws=64MB hb={"stage": "build_arb_tau:start", "ts": "2026-09-30 07:55:25", "age_s": 67038.3}
[2026-10-01 02:33:43] pid=2356 ACTIVE cpu=62759.8s(+58.8s) ws=70MB hb={"stage": "build_arb_tau:start", "ts": "2026-09-30 07:55:25", "age_s": 67098.3}
[2026-10-01 02:34:43] pid=2356 ACTIVE cpu=62818.5s(+58.7s) ws=72MB hb={"stage": "build_arb_tau:start", "ts": "2026-09-30 07:55:25", "age_s": 67158.3}
[2026-10-01 02:35:43] pid=2356 ACTIVE cpu=62875.0s(+56.5s) ws=61MB hb={"stage": "build_arb_tau:start", "ts": "2026-09-30 07:55:25", "age_s": 67218.3}
[2026-10-01 02:36:43] pid=2356 ACTIVE cpu=62929.3s(+54.4s) ws=66MB hb={"stage": "build_arb_tau:start", "ts": "2026-09-30 07:55:25", "age_s": 67278.3}
[2026-10-01 02:37:43] pid=2356 ACTIVE cpu=62988.2s(+58.9s) ws=58MB hb={"stage": "build_arb_tau:start", "ts": "2026-09-30 07:55:25", "age_s": 67338.3}
[2026-10-01 02:38:43] pid=2356 ACTIVE cpu=63046.8s(+58.6s) ws=47MB hb={"stage": "build_arb_tau:start", "ts": "2026-09-30 07:55:25", "age_s": 67398.3}
[2026-10-01 02:39:43] pid=2356 ACTIVE cpu=63105.5s(+58.6s) ws=52MB hb={"stage": "build_arb_tau:start", "ts": "2026-09-30 07:55:25", "age_s": 67458.3}
[2026-10-01 02:40:43] pid=2356 ACTIVE cpu=63164.0s(+58.5s) ws=46MB hb={"stage": "build_arb_tau:start", "ts": "2026-09-30 07:55:25", "age_s": 67518.3}
[2026-10-01 02:41:43] pid=2356 ACTIVE cpu=63222.8s(+58.8s) ws=49MB hb={"stage": "build_arb_tau:start", "ts": "2026-09-30 07:55:25", "age_s": 67578.3}
[2026-10-01 02:42:43] pid=2356 ACTIVE cpu=63281.1s(+58.3s) ws=49MB hb={"stage": "build_arb_tau:start", "ts": "2026-09-30 07:55:25", "age_s": 67638.3}
[2026-10-01 02:43:43] pid=2356 ACTIVE cpu=63340.3s(+59.2s) ws=51MB hb={"stage": "build_arb_tau:start", "ts": "2026-09-30 07:55:25", "age_s": 67698.3}
[2026-10-01 02:44:43] pid=2356 ACTIVE cpu=63398.0s(+57.8s) ws=47MB hb={"stage": "build_arb_tau:start", "ts": "2026-09-30 07:55:25", "age_s": 67758.3}
[2026-10-01 02:45:43] pid=2356 ACTIVE cpu=63457.3s(+59.3s) ws=48MB hb={"stage": "build_arb_tau:start", "ts": "2026-09-30 07:55:25", "age_s": 67818.3}
[2026-10-01 02:46:43] pid=2356 ACTIVE cpu=63516.0s(+58.7s) ws=46MB hb={"stage": "build_arb_tau:start", "ts": "2026-09-30 07:55:25", "age_s": 67878.3}
[2026-10-01 02:47:43] pid=2356 ACTIVE cpu=63574.9s(+58.9s) ws=48MB hb={"stage": "build_arb_tau:start", "ts": "2026-09-30 07:55:25", "age_s": 67938.3}
[2026-10-01 02:48:43] pid=2356 ACTIVE cpu=63634.1s(+59.1s) ws=47MB hb={"stage": "build_arb_tau:start", "ts": "2026-09-30 07:55:25", "age_s": 67998.3}
[2026-10-01 02:49:43] pid=2356 ACTIVE cpu=63692.7s(+58.7s) ws=48MB hb={"stage": "build_arb_tau:start", "ts": "2026-09-30 07:55:25", "age_s": 68058.3}
[2026-10-01 02:50:43] pid=2356 ACTIVE cpu=63751.7s(+59.0s) ws=49MB hb={"stage": "build_arb_tau:start", "ts": "2026-09-30 07:55:25", "age_s": 68118.3}
[2026-10-01 02:51:43] pid=2356 ACTIVE cpu=63810.2s(+58.5s) ws=42MB hb={"stage": "build_arb_tau:start", "ts": "2026-09-30 07:55:25", "age_s": 68178.3}
[2026-10-01 02:52:43] pid=2356 ACTIVE cpu=63868.8s(+58.6s) ws=50MB hb={"stage": "build_arb_tau:start", "ts": "2026-09-30 07:55:25", "age_s": 68238.3}
[2026-10-01 02:53:43] pid=2356 ACTIVE cpu=63927.5s(+58.7s) ws=41MB hb={"stage": "build_arb_tau:start", "ts": "2026-09-30 07:55:25", "age_s": 68298.3}
[2026-10-01 02:54:43] pid=2356 ACTIVE cpu=63986.4s(+58.9s) ws=50MB hb={"stage": "build_arb_tau:start", "ts": "2026-09-30 07:55:25", "age_s": 68358.3}
[2026-10-01 02:55:43] pid=2356 ACTIVE cpu=64045.6s(+59.2s) ws=41MB hb={"stage": "build_arb_tau:start", "ts": "2026-09-30 07:55:25", "age_s": 68418.3}
[2026-10-01 02:56:43] pid=2356 ACTIVE cpu=64104.2s(+58.7s) ws=51MB hb={"stage": "build_arb_tau:start", "ts": "2026-09-30 07:55:25", "age_s": 68478.3}
[2026-10-01 02:57:43] pid=2356 ACTIVE cpu=64163.4s(+59.1s) ws=43MB hb={"stage": "build_arb_tau:start", "ts": "2026-09-30 07:55:25", "age_s": 68538.3}
[2026-10-01 02:58:43] pid=2356 ACTIVE cpu=64222.1s(+58.7s) ws=49MB hb={"stage": "build_arb_tau:start", "ts": "2026-09-30 07:55:25", "age_s": 68598.3}
[2026-10-01 02:59:43] pid=2356 ACTIVE cpu=64281.0s(+58.9s) ws=45MB hb={"stage": "build_arb_tau:start", "ts": "2026-09-30 07:55:25", "age_s": 68658.3}
[2026-10-01 03:00:43] pid=2356 ACTIVE cpu=64339.6s(+58.6s) ws=50MB hb={"stage": "build_arb_tau:start", "ts": "2026-09-30 07:55:25", "age_s": 68718.3}
[2026-10-01 03:01:43] pid=2356 ACTIVE cpu=64398.7s(+59.1s) ws=45MB hb={"stage": "build_arb_tau:start", "ts": "2026-09-30 07:55:25", "age_s": 68778.3}
[2026-10-01 03:02:43] pid=2356 ACTIVE cpu=64457.5s(+58.8s) ws=50MB hb={"stage": "build_arb_tau:start", "ts": "2026-09-30 07:55:25", "age_s": 68838.3}
[2026-10-01 03:03:43] pid=2356 ACTIVE cpu=64516.0s(+58.5s) ws=46MB hb={"stage": "build_arb_tau:start", "ts": "2026-09-30 07:55:25", "age_s": 68898.3}
[2026-10-01 03:04:43] pid=2356 ACTIVE cpu=64574.8s(+58.7s) ws=50MB hb={"stage": "build_arb_tau:start", "ts": "2026-09-30 07:55:25", "age_s": 68958.3}
[2026-10-01 03:05:43] pid=2356 ACTIVE cpu=64633.1s(+58.4s) ws=45MB hb={"stage": "build_arb_tau:start", "ts": "2026-09-30 07:55:25", "age_s": 69018.3}
[2026-10-01 03:06:43] pid=2356 ACTIVE cpu=64692.2s(+59.0s) ws=50MB hb={"stage": "build_arb_tau:start", "ts": "2026-09-30 07:55:25", "age_s": 69078.3}
[2026-10-01 03:07:43] pid=2356 ACTIVE cpu=64750.9s(+58.7s) ws=46MB hb={"stage": "build_arb_tau:start", "ts": "2026-09-30 07:55:25", "age_s": 69138.3}
[2026-10-01 03:08:43] pid=2356 ACTIVE cpu=64809.5s(+58.7s) ws=51MB hb={"stage": "build_arb_tau:start", "ts": "2026-09-30 07:55:25", "age_s": 69198.3}
[2026-10-01 03:09:43] pid=2356 ACTIVE cpu=64868.7s(+59.1s) ws=45MB hb={"stage": "build_arb_tau:start", "ts": "2026-09-30 07:55:25", "age_s": 69258.3}
[2026-10-01 03:10:43] pid=2356 ACTIVE cpu=64927.5s(+58.8s) ws=50MB hb={"stage": "build_arb_tau:start", "ts": "2026-09-30 07:55:25", "age_s": 69318.4}
[2026-10-01 03:11:43] pid=2356 ACTIVE cpu=64986.8s(+59.3s) ws=47MB hb={"stage": "build_arb_tau:start", "ts": "2026-09-30 07:55:25", "age_s": 69378.4}
[2026-10-01 03:12:43] pid=2356 ACTIVE cpu=65045.6s(+58.8s) ws=52MB hb={"stage": "build_arb_tau:start", "ts": "2026-09-30 07:55:25", "age_s": 69438.4}
[2026-10-01 03:13:43] pid=2356 ACTIVE cpu=65104.5s(+58.8s) ws=48MB hb={"stage": "build_arb_tau:start", "ts": "2026-09-30 07:55:25", "age_s": 69498.4}
[2026-10-01 03:14:43] pid=2356 ACTIVE cpu=65163.1s(+58.6s) ws=52MB hb={"stage": "build_arb_tau:start", "ts": "2026-09-30 07:55:25", "age_s": 69558.4}
[2026-10-01 03:15:43] pid=2356 ACTIVE cpu=65221.8s(+58.7s) ws=50MB hb={"stage": "build_arb_tau:start", "ts": "2026-09-30 07:55:25", "age_s": 69618.4}
[2026-10-01 03:16:43] pid=2356 ACTIVE cpu=65280.5s(+58.7s) ws=46MB hb={"stage": "build_arb_tau:start", "ts": "2026-09-30 07:55:25", "age_s": 69678.4}
[2026-10-01 03:17:43] pid=2356 ACTIVE cpu=65339.1s(+58.6s) ws=49MB hb={"stage": "build_arb_tau:start", "ts": "2026-09-30 07:55:25", "age_s": 69738.4}
[2026-10-01 03:18:43] pid=2356 ACTIVE cpu=65397.8s(+58.7s) ws=45MB hb={"stage": "build_arb_tau:start", "ts": "2026-09-30 07:55:25", "age_s": 69798.4}
[2026-10-01 03:19:43] pid=2356 ACTIVE cpu=65456.5s(+58.8s) ws=49MB hb={"stage": "build_arb_tau:start", "ts": "2026-09-30 07:55:25", "age_s": 69858.4}
[2026-10-01 03:20:43] pid=2356 ACTIVE cpu=65515.6s(+59.1s) ws=43MB hb={"stage": "build_arb_tau:start", "ts": "2026-09-30 07:55:25", "age_s": 69918.4}
[2026-10-01 03:21:43] pid=2356 ACTIVE cpu=65574.3s(+58.7s) ws=49MB hb={"stage": "build_arb_tau:start", "ts": "2026-09-30 07:55:25", "age_s": 69978.4}
[2026-10-01 03:22:43] pid=2356 ACTIVE cpu=65633.2s(+58.8s) ws=41MB hb={"stage": "build_arb_tau:start", "ts": "2026-09-30 07:55:25", "age_s": 70038.4}
[2026-10-01 03:23:43] pid=2356 ACTIVE cpu=65691.5s(+58.3s) ws=48MB hb={"stage": "build_arb_tau:start", "ts": "2026-09-30 07:55:25", "age_s": 70098.4}
[2026-10-01 03:24:43] pid=2356 ACTIVE cpu=65750.2s(+58.8s) ws=41MB hb={"stage": "build_arb_tau:start", "ts": "2026-09-30 07:55:25", "age_s": 70158.4}
[2026-10-01 03:25:43] pid=2356 ACTIVE cpu=65809.4s(+59.2s) ws=49MB hb={"stage": "build_arb_tau:start", "ts": "2026-09-30 07:55:25", "age_s": 70218.4}
[2026-10-01 03:26:43] pid=2356 ACTIVE cpu=65868.1s(+58.7s) ws=45MB hb={"stage": "build_arb_tau:start", "ts": "2026-09-30 07:55:25", "age_s": 70278.4}
[2026-10-01 03:27:43] pid=2356 ACTIVE cpu=65927.2s(+59.1s) ws=48MB hb={"stage": "build_arb_tau:start", "ts": "2026-09-30 07:55:25", "age_s": 70338.4}
[2026-10-01 03:28:43] pid=2356 ACTIVE cpu=65985.6s(+58.4s) ws=45MB hb={"stage": "build_arb_tau:start", "ts": "2026-09-30 07:55:25", "age_s": 70398.4}
[2026-10-01 03:29:43] pid=2356 ACTIVE cpu=66044.5s(+58.9s) ws=49MB hb={"stage": "build_arb_tau:start", "ts": "2026-09-30 07:55:25", "age_s": 70458.4}
[2026-10-01 03:30:43] pid=2356 ACTIVE cpu=66103.3s(+58.8s) ws=45MB hb={"stage": "build_arb_tau:start", "ts": "2026-09-30 07:55:25", "age_s": 70518.4}
[2026-10-01 03:31:43] pid=2356 ACTIVE cpu=66161.9s(+58.6s) ws=50MB hb={"stage": "build_arb_tau:start", "ts": "2026-09-30 07:55:25", "age_s": 70578.4}
[2026-10-01 03:32:43] pid=2356 ACTIVE cpu=66219.9s(+57.9s) ws=45MB hb={"stage": "build_arb_tau:start", "ts": "2026-09-30 07:55:25", "age_s": 70638.4}
[2026-10-01 03:33:43] pid=2356 ACTIVE cpu=66278.8s(+59.0s) ws=50MB hb={"stage": "build_arb_tau:start", "ts": "2026-09-30 07:55:25", "age_s": 70698.4}
[2026-10-01 03:34:43] pid=2356 ACTIVE cpu=66336.3s(+57.5s) ws=45MB hb={"stage": "build_arb_tau:start", "ts": "2026-09-30 07:55:25", "age_s": 70758.4}
[2026-10-01 03:35:43] pid=2356 ACTIVE cpu=66395.0s(+58.7s) ws=49MB hb={"stage": "build_arb_tau:start", "ts": "2026-09-30 07:55:25", "age_s": 70818.4}
[2026-10-01 03:36:43] pid=2356 ACTIVE cpu=66452.7s(+57.7s) ws=49MB hb={"stage": "build_arb_tau:start", "ts": "2026-09-30 07:55:25", "age_s": 70878.4}
[2026-10-01 03:37:43] pid=2356 ACTIVE cpu=66511.2s(+58.6s) ws=45MB hb={"stage": "build_arb_tau:start", "ts": "2026-09-30 07:55:25", "age_s": 70938.4}
[2026-10-01 03:38:43] pid=2356 ACTIVE cpu=66570.0s(+58.8s) ws=48MB hb={"stage": "build_arb_tau:start", "ts": "2026-09-30 07:55:25", "age_s": 70998.4}
[2026-10-01 03:39:43] pid=2356 ACTIVE cpu=66628.9s(+58.8s) ws=46MB hb={"stage": "build_arb_tau:start", "ts": "2026-09-30 07:55:25", "age_s": 71058.4}
[2026-10-01 03:40:43] pid=2356 ACTIVE cpu=66687.8s(+58.9s) ws=47MB hb={"stage": "build_arb_tau:start", "ts": "2026-09-30 07:55:25", "age_s": 71118.4}
[2026-10-01 03:41:43] pid=2356 ACTIVE cpu=66746.5s(+58.7s) ws=49MB hb={"stage": "build_arb_tau:start", "ts": "2026-09-30 07:55:25", "age_s": 71178.4}
[2026-10-01 03:42:43] pid=2356 ACTIVE cpu=66805.5s(+59.0s) ws=45MB hb={"stage": "build_arb_tau:start", "ts": "2026-09-30 07:55:25", "age_s": 71238.4}
[2026-10-01 03:43:43] pid=2356 ACTIVE cpu=66864.4s(+58.9s) ws=48MB hb={"stage": "build_arb_tau:start", "ts": "2026-09-30 07:55:25", "age_s": 71298.4}
[2026-10-01 03:44:43] pid=2356 ACTIVE cpu=66923.1s(+58.8s) ws=41MB hb={"stage": "build_arb_tau:start", "ts": "2026-09-30 07:55:25", "age_s": 71358.4}
[2026-10-01 03:45:43] pid=2356 ACTIVE cpu=66981.1s(+58.0s) ws=48MB hb={"stage": "build_arb_tau:start", "ts": "2026-09-30 07:55:25", "age_s": 71418.4}
[2026-10-01 03:46:43] pid=2356 ACTIVE cpu=67039.9s(+58.8s) ws=44MB hb={"stage": "build_arb_tau:start", "ts": "2026-09-30 07:55:25", "age_s": 71478.4}
[2026-10-01 03:47:43] pid=2356 ACTIVE cpu=67098.2s(+58.3s) ws=48MB hb={"stage": "build_arb_tau:start", "ts": "2026-09-30 07:55:25", "age_s": 71538.4}
[2026-10-01 03:48:43] pid=2356 ACTIVE cpu=67157.2s(+58.9s) ws=44MB hb={"stage": "build_arb_tau:start", "ts": "2026-09-30 07:55:25", "age_s": 71598.4}
[2026-10-01 03:49:43] pid=2356 ACTIVE cpu=67215.9s(+58.8s) ws=49MB hb={"stage": "build_arb_tau:start", "ts": "2026-09-30 07:55:25", "age_s": 71658.4}
[2026-10-01 03:50:43] pid=2356 ACTIVE cpu=67274.8s(+58.9s) ws=44MB hb={"stage": "build_arb_tau:start", "ts": "2026-09-30 07:55:25", "age_s": 71718.4}
[2026-10-01 03:51:43] pid=2356 ACTIVE cpu=67333.8s(+59.0s) ws=52MB hb={"stage": "build_arb_tau:start", "ts": "2026-09-30 07:55:25", "age_s": 71778.4}
[2026-10-01 03:52:43] pid=2356 ACTIVE cpu=67392.0s(+58.2s) ws=44MB hb={"stage": "build_arb_tau:start", "ts": "2026-09-30 07:55:25", "age_s": 71838.4}
[2026-10-01 03:53:43] pid=2356 ACTIVE cpu=67450.9s(+58.9s) ws=52MB hb={"stage": "build_arb_tau:start", "ts": "2026-09-30 07:55:25", "age_s": 71898.4}
[2026-10-01 03:54:43] pid=2356 ACTIVE cpu=67510.0s(+59.1s) ws=47MB hb={"stage": "build_arb_tau:start", "ts": "2026-09-30 07:55:25", "age_s": 71958.4}
[2026-10-01 03:55:43] pid=2356 ACTIVE cpu=67568.6s(+58.5s) ws=51MB hb={"stage": "build_arb_tau:start", "ts": "2026-09-30 07:55:25", "age_s": 72018.4}
[2026-10-01 03:56:43] pid=2356 ACTIVE cpu=67627.8s(+59.2s) ws=46MB hb={"stage": "build_arb_tau:start", "ts": "2026-09-30 07:55:25", "age_s": 72078.4}
[2026-10-01 03:57:43] pid=2356 ACTIVE cpu=67686.7s(+59.0s) ws=54MB hb={"stage": "build_arb_tau:start", "ts": "2026-09-30 07:55:25", "age_s": 72138.4}
[2026-10-01 03:58:43] pid=2356 ACTIVE cpu=67745.5s(+58.8s) ws=45MB hb={"stage": "build_arb_tau:start", "ts": "2026-09-30 07:55:25", "age_s": 72198.4}
[2026-10-01 03:59:43] pid=2356 ACTIVE cpu=67804.1s(+58.7s) ws=49MB hb={"stage": "build_arb_tau:start", "ts": "2026-09-30 07:55:25", "age_s": 72258.4}
[2026-10-01 04:00:43] pid=2356 ACTIVE cpu=67863.0s(+58.9s) ws=48MB hb={"stage": "build_arb_tau:start", "ts": "2026-09-30 07:55:25", "age_s": 72318.4}
[2026-10-01 04:01:43] pid=2356 ACTIVE cpu=67921.7s(+58.7s) ws=43MB hb={"stage": "build_arb_tau:start", "ts": "2026-09-30 07:55:25", "age_s": 72378.4}
[2026-10-01 04:02:43] pid=2356 ACTIVE cpu=67980.6s(+58.9s) ws=47MB hb={"stage": "build_arb_tau:start", "ts": "2026-09-30 07:55:25", "age_s": 72438.4}
[2026-10-01 04:03:43] pid=2356 ACTIVE cpu=68039.7s(+59.1s) ws=44MB hb={"stage": "build_arb_tau:start", "ts": "2026-09-30 07:55:25", "age_s": 72498.4}
[2026-10-01 04:04:43] pid=2356 ACTIVE cpu=68098.9s(+59.2s) ws=48MB hb={"stage": "build_arb_tau:start", "ts": "2026-09-30 07:55:25", "age_s": 72558.4}
[2026-10-01 04:05:43] pid=2356 ACTIVE cpu=68157.6s(+58.6s) ws=44MB hb={"stage": "build_arb_tau:start", "ts": "2026-09-30 07:55:25", "age_s": 72618.4}
[2026-10-01 04:06:43] pid=2356 ACTIVE cpu=68216.5s(+58.9s) ws=52MB hb={"stage": "build_arb_tau:start", "ts": "2026-09-30 07:55:25", "age_s": 72678.4}
[2026-10-01 04:07:43] pid=2356 ACTIVE cpu=68275.1s(+58.6s) ws=44MB hb={"stage": "build_arb_tau:start", "ts": "2026-09-30 07:55:25", "age_s": 72738.4}
[2026-10-01 04:08:43] pid=2356 ACTIVE cpu=68334.0s(+58.9s) ws=48MB hb={"stage": "build_arb_tau:start", "ts": "2026-09-30 07:55:25", "age_s": 72798.4}
[2026-10-01 04:09:43] pid=2356 ACTIVE cpu=68389.4s(+55.3s) ws=43MB hb={"stage": "build_arb_tau:start", "ts": "2026-09-30 07:55:25", "age_s": 72858.4}
[2026-10-01 04:10:43] pid=2356 ACTIVE cpu=68447.1s(+57.8s) ws=48MB hb={"stage": "build_arb_tau:start", "ts": "2026-09-30 07:55:25", "age_s": 72918.4}
[2026-10-01 04:11:43] pid=2356 ACTIVE cpu=68504.8s(+57.7s) ws=43MB hb={"stage": "build_arb_tau:start", "ts": "2026-09-30 07:55:25", "age_s": 72978.4}
[2026-10-01 04:12:43] pid=2356 ACTIVE cpu=68562.6s(+57.8s) ws=48MB hb={"stage": "build_arb_tau:start", "ts": "2026-09-30 07:55:25", "age_s": 73038.4}
[2026-10-01 04:13:43] pid=2356 ACTIVE cpu=68620.1s(+57.5s) ws=54MB hb={"stage": "build_arb_tau:start", "ts": "2026-09-30 07:55:25", "age_s": 73098.4}
[2026-10-01 04:14:43] pid=2356 ACTIVE cpu=68678.1s(+58.0s) ws=48MB hb={"stage": "build_arb_tau:start", "ts": "2026-09-30 07:55:25", "age_s": 73158.4}
[2026-10-01 04:15:43] pid=2356 ACTIVE cpu=68735.4s(+57.3s) ws=55MB hb={"stage": "build_arb_tau:start", "ts": "2026-09-30 07:55:25", "age_s": 73218.4}
[2026-10-01 04:16:43] pid=2356 ACTIVE cpu=68792.8s(+57.4s) ws=48MB hb={"stage": "build_arb_tau:start", "ts": "2026-09-30 07:55:25", "age_s": 73278.4}
[2026-10-01 04:17:43] pid=2356 ACTIVE cpu=68850.8s(+57.9s) ws=52MB hb={"stage": "build_arb_tau:start", "ts": "2026-09-30 07:55:25", "age_s": 73338.4}
[2026-10-01 04:18:43] pid=2356 ACTIVE cpu=68908.4s(+57.6s) ws=45MB hb={"stage": "build_arb_tau:start", "ts": "2026-09-30 07:55:25", "age_s": 73398.4}
[2026-10-01 04:19:43] pid=2356 ACTIVE cpu=68966.8s(+58.4s) ws=53MB hb={"stage": "build_arb_tau:start", "ts": "2026-09-30 07:55:25", "age_s": 73458.5}
[2026-10-01 04:20:43] pid=2356 ACTIVE cpu=69024.5s(+57.7s) ws=53MB hb={"stage": "build_arb_tau:start", "ts": "2026-09-30 07:55:25", "age_s": 73518.5}
[2026-10-01 04:21:43] pid=2356 ACTIVE cpu=69082.1s(+57.7s) ws=50MB hb={"stage": "build_arb_tau:start", "ts": "2026-09-30 07:55:25", "age_s": 73578.5}
[2026-10-01 04:22:43] pid=2356 ACTIVE cpu=69139.8s(+57.7s) ws=56MB hb={"stage": "build_arb_tau:start", "ts": "2026-09-30 07:55:25", "age_s": 73638.5}
[2026-10-01 04:23:43] pid=2356 ACTIVE cpu=69198.0s(+58.1s) ws=49MB hb={"stage": "build_arb_tau:start", "ts": "2026-09-30 07:55:25", "age_s": 73698.5}
[2026-10-01 04:24:43] pid=2356 ACTIVE cpu=69255.8s(+57.8s) ws=51MB hb={"stage": "build_arb_tau:start", "ts": "2026-09-30 07:55:25", "age_s": 73758.5}
[2026-10-01 04:25:43] pid=2356 ACTIVE cpu=69313.5s(+57.7s) ws=44MB hb={"stage": "build_arb_tau:start", "ts": "2026-09-30 07:55:25", "age_s": 73818.5}
[2026-10-01 04:26:43] pid=2356 ACTIVE cpu=69371.2s(+57.8s) ws=51MB hb={"stage": "build_arb_tau:start", "ts": "2026-09-30 07:55:25", "age_s": 73878.5}
[2026-10-01 04:27:43] pid=2356 ACTIVE cpu=69428.7s(+57.5s) ws=46MB hb={"stage": "build_arb_tau:start", "ts": "2026-09-30 07:55:25", "age_s": 73938.5}
[2026-10-01 04:28:43] pid=2356 ACTIVE cpu=69486.6s(+57.8s) ws=48MB hb={"stage": "build_arb_tau:start", "ts": "2026-09-30 07:55:25", "age_s": 73998.5}
[2026-10-01 04:29:43] pid=2356 ACTIVE cpu=69538.5s(+51.9s) ws=54MB hb={"stage": "build_arb_tau:start", "ts": "2026-09-30 07:55:25", "age_s": 74058.5}
[2026-10-01 04:30:43] pid=2356 ACTIVE cpu=69595.9s(+57.4s) ws=45MB hb={"stage": "build_arb_tau:start", "ts": "2026-09-30 07:55:25", "age_s": 74118.5}
[2026-10-01 04:31:43] pid=2356 ACTIVE cpu=69654.1s(+58.2s) ws=52MB hb={"stage": "build_arb_tau:start", "ts": "2026-09-30 07:55:25", "age_s": 74178.5}
[2026-10-01 04:32:43] pid=2356 ACTIVE cpu=69710.3s(+56.2s) ws=45MB hb={"stage": "build_arb_tau:start", "ts": "2026-09-30 07:55:25", "age_s": 74238.5}
[2026-10-01 04:33:43] pid=2356 ACTIVE cpu=69767.2s(+56.9s) ws=52MB hb={"stage": "build_arb_tau:start", "ts": "2026-09-30 07:55:25", "age_s": 74298.5}
[2026-10-01 04:34:43] pid=2356 ACTIVE cpu=69825.2s(+58.0s) ws=48MB hb={"stage": "build_arb_tau:start", "ts": "2026-09-30 07:55:25", "age_s": 74358.5}
[2026-10-01 04:35:43] pid=2356 ACTIVE cpu=69883.0s(+57.8s) ws=47MB hb={"stage": "build_arb_tau:start", "ts": "2026-09-30 07:55:25", "age_s": 74418.5}
[2026-10-01 04:36:43] pid=2356 ACTIVE cpu=69941.0s(+58.0s) ws=55MB hb={"stage": "build_arb_tau:start", "ts": "2026-09-30 07:55:25", "age_s": 74478.5}
[2026-10-01 04:37:43] pid=2356 ACTIVE cpu=69998.6s(+57.6s) ws=46MB hb={"stage": "build_arb_tau:start", "ts": "2026-09-30 07:55:25", "age_s": 74538.5}
[2026-10-01 04:38:43] pid=2356 ACTIVE cpu=70056.4s(+57.7s) ws=55MB hb={"stage": "build_arb_tau:start", "ts": "2026-09-30 07:55:25", "age_s": 74598.5}
[2026-10-01 04:39:43] pid=2356 ACTIVE cpu=70114.2s(+57.9s) ws=43MB hb={"stage": "build_arb_tau:start", "ts": "2026-09-30 07:55:25", "age_s": 74658.5}
[2026-10-01 04:40:43] pid=2356 ACTIVE cpu=70172.3s(+58.0s) ws=50MB hb={"stage": "build_arb_tau:start", "ts": "2026-09-30 07:55:25", "age_s": 74718.5}
[2026-10-01 04:41:43] pid=2356 ACTIVE cpu=70230.1s(+57.9s) ws=52MB hb={"stage": "build_arb_tau:start", "ts": "2026-09-30 07:55:25", "age_s": 74778.5}
[2026-10-01 04:42:43] pid=2356 ACTIVE cpu=70287.6s(+57.5s) ws=48MB hb={"stage": "build_arb_tau:start", "ts": "2026-09-30 07:55:25", "age_s": 74838.5}
[2026-10-01 04:43:43] pid=2356 ACTIVE cpu=70345.8s(+58.2s) ws=55MB hb={"stage": "build_arb_tau:start", "ts": "2026-09-30 07:55:25", "age_s": 74898.5}
[2026-10-01 04:44:43] pid=2356 ACTIVE cpu=70400.5s(+54.8s) ws=44MB hb={"stage": "build_arb_tau:start", "ts": "2026-09-30 07:55:25", "age_s": 74958.5}
[2026-10-01 04:45:43] pid=2356 ACTIVE cpu=70457.4s(+56.8s) ws=51MB hb={"stage": "build_arb_tau:start", "ts": "2026-09-30 07:55:25", "age_s": 75018.5}
[2026-10-01 04:46:43] pid=2356 ACTIVE cpu=70513.9s(+56.6s) ws=43MB hb={"stage": "build_arb_tau:start", "ts": "2026-09-30 07:55:25", "age_s": 75078.5}
[2026-10-01 04:47:43] pid=2356 ACTIVE cpu=70571.8s(+57.9s) ws=50MB hb={"stage": "build_arb_tau:start", "ts": "2026-09-30 07:55:25", "age_s": 75138.5}
[2026-10-01 04:48:43] pid=2356 ACTIVE cpu=70629.4s(+57.6s) ws=44MB hb={"stage": "build_arb_tau:start", "ts": "2026-09-30 07:55:25", "age_s": 75198.5}
[2026-10-01 04:49:43] pid=2356 ACTIVE cpu=70687.5s(+58.1s) ws=49MB hb={"stage": "build_arb_tau:start", "ts": "2026-09-30 07:55:25", "age_s": 75258.5}
[2026-10-01 04:50:43] pid=2356 ACTIVE cpu=70745.5s(+58.0s) ws=45MB hb={"stage": "build_arb_tau:start", "ts": "2026-09-30 07:55:25", "age_s": 75318.5}
[2026-10-01 04:51:43] pid=2356 ACTIVE cpu=70798.0s(+52.5s) ws=47MB hb={"stage": "build_arb_tau:start", "ts": "2026-09-30 07:55:25", "age_s": 75378.5}
[2026-10-01 04:52:43] pid=2356 ACTIVE cpu=70855.5s(+57.5s) ws=53MB hb={"stage": "build_arb_tau:start", "ts": "2026-09-30 07:55:25", "age_s": 75438.5}
[2026-10-01 04:53:43] pid=2356 ACTIVE cpu=70913.4s(+57.9s) ws=49MB hb={"stage": "build_arb_tau:start", "ts": "2026-09-30 07:55:25", "age_s": 75498.5}
[2026-10-01 04:54:43] pid=2356 ACTIVE cpu=70971.0s(+57.6s) ws=56MB hb={"stage": "build_arb_tau:start", "ts": "2026-09-30 07:55:25", "age_s": 75558.5}
[2026-10-01 04:55:43] pid=2356 ACTIVE cpu=71028.7s(+57.7s) ws=47MB hb={"stage": "build_arb_tau:start", "ts": "2026-09-30 07:55:25", "age_s": 75618.5}
[2026-10-01 04:56:43] pid=2356 ACTIVE cpu=71086.7s(+58.0s) ws=52MB hb={"stage": "build_arb_tau:start", "ts": "2026-09-30 07:55:25", "age_s": 75678.5}
[2026-10-01 04:57:43] pid=2356 ACTIVE cpu=71142.3s(+55.7s) ws=43MB hb={"stage": "build_arb_tau:start", "ts": "2026-09-30 07:55:25", "age_s": 75738.6}
[2026-10-01 04:58:43] pid=2356 ACTIVE cpu=71196.3s(+54.0s) ws=49MB hb={"stage": "build_arb_tau:start", "ts": "2026-09-30 07:55:25", "age_s": 75798.6}
[2026-10-01 04:59:43] pid=2356 ACTIVE cpu=71253.9s(+57.6s) ws=53MB hb={"stage": "build_arb_tau:start", "ts": "2026-09-30 07:55:25", "age_s": 75858.6}
[2026-10-01 05:00:43] pid=2356 ACTIVE cpu=71312.1s(+58.1s) ws=48MB hb={"stage": "build_arb_tau:start", "ts": "2026-09-30 07:55:25", "age_s": 75918.6}
[2026-10-01 05:01:43] pid=2356 ACTIVE cpu=71370.1s(+58.1s) ws=55MB hb={"stage": "build_arb_tau:start", "ts": "2026-09-30 07:55:25", "age_s": 75978.6}
[2026-10-01 05:02:43] pid=2356 ACTIVE cpu=71427.8s(+57.7s) ws=48MB hb={"stage": "build_arb_tau:start", "ts": "2026-09-30 07:55:25", "age_s": 76038.6}
[2026-10-01 05:03:43] pid=2356 ACTIVE cpu=71486.0s(+58.2s) ws=55MB hb={"stage": "build_arb_tau:start", "ts": "2026-09-30 07:55:25", "age_s": 76098.7}
[2026-10-01 05:04:43] pid=2356 ACTIVE cpu=71544.0s(+58.0s) ws=43MB hb={"stage": "build_arb_tau:start", "ts": "2026-09-30 07:55:25", "age_s": 76158.7}
[2026-10-01 05:05:43] pid=2356 ACTIVE cpu=71601.4s(+57.5s) ws=49MB hb={"stage": "build_arb_tau:start", "ts": "2026-09-30 07:55:25", "age_s": 76218.7}
[2026-10-01 05:06:43] pid=2356 ACTIVE cpu=71659.5s(+58.1s) ws=42MB hb={"stage": "build_arb_tau:start", "ts": "2026-09-30 07:55:25", "age_s": 76278.7}
[2026-10-01 05:07:43] pid=2356 ACTIVE cpu=71716.8s(+57.3s) ws=49MB hb={"stage": "build_arb_tau:start", "ts": "2026-09-30 07:55:25", "age_s": 76338.7}
[2026-10-01 05:08:43] pid=2356 ACTIVE cpu=71769.3s(+52.4s) ws=55MB hb={"stage": "build_arb_tau:start", "ts": "2026-09-30 07:55:25", "age_s": 76398.7}
[2026-10-01 05:09:43] pid=2356 ACTIVE cpu=71826.6s(+57.3s) ws=47MB hb={"stage": "build_arb_tau:start", "ts": "2026-09-30 07:55:25", "age_s": 76458.7}
[2026-10-01 05:10:43] pid=2356 ACTIVE cpu=71884.4s(+57.8s) ws=53MB hb={"stage": "build_arb_tau:start", "ts": "2026-09-30 07:55:25", "age_s": 76518.7}
[2026-10-01 05:11:43] pid=2356 ACTIVE cpu=71942.2s(+57.8s) ws=45MB hb={"stage": "build_arb_tau:start", "ts": "2026-09-30 07:55:25", "age_s": 76578.7}
[2026-10-01 05:12:43] pid=2356 ACTIVE cpu=71998.8s(+56.7s) ws=51MB hb={"stage": "build_arb_tau:start", "ts": "2026-09-30 07:55:25", "age_s": 76638.7}
[2026-10-01 05:13:43] pid=2356 ACTIVE cpu=72052.2s(+53.3s) ws=45MB hb={"stage": "build_arb_tau:start", "ts": "2026-09-30 07:55:25", "age_s": 76698.7}
[2026-10-01 05:14:43] pid=2356 ACTIVE cpu=72108.6s(+56.5s) ws=48MB hb={"stage": "build_arb_tau:start", "ts": "2026-09-30 07:55:25", "age_s": 76758.7}
[2026-10-01 05:15:43] pid=2356 ACTIVE cpu=72166.3s(+57.7s) ws=44MB hb={"stage": "build_arb_tau:start", "ts": "2026-09-30 07:55:25", "age_s": 76818.7}
[2026-10-01 05:16:43] pid=2356 ACTIVE cpu=72223.6s(+57.3s) ws=51MB hb={"stage": "build_arb_tau:start", "ts": "2026-09-30 07:55:25", "age_s": 76878.7}
[2026-10-01 05:17:43] pid=2356 ACTIVE cpu=72280.5s(+56.8s) ws=54MB hb={"stage": "build_arb_tau:start", "ts": "2026-09-30 07:55:25", "age_s": 76938.7}
[2026-10-01 05:18:43] pid=2356 ACTIVE cpu=72337.7s(+57.2s) ws=49MB hb={"stage": "build_arb_tau:start", "ts": "2026-09-30 07:55:25", "age_s": 76998.7}
[2026-10-01 05:19:43] pid=2356 ACTIVE cpu=72395.4s(+57.7s) ws=55MB hb={"stage": "build_arb_tau:start", "ts": "2026-09-30 07:55:25", "age_s": 77058.7}
[2026-10-01 05:20:43] pid=2356 ACTIVE cpu=72452.9s(+57.5s) ws=45MB hb={"stage": "build_arb_tau:start", "ts": "2026-09-30 07:55:25", "age_s": 77118.7}
[2026-10-01 05:21:43] pid=2356 ACTIVE cpu=72510.6s(+57.7s) ws=51MB hb={"stage": "build_arb_tau:start", "ts": "2026-09-30 07:55:25", "age_s": 77178.7}
[2026-10-01 05:22:43] pid=2356 ACTIVE cpu=72567.6s(+57.0s) ws=44MB hb={"stage": "build_arb_tau:start", "ts": "2026-09-30 07:55:25", "age_s": 77238.7}
[2026-10-01 05:23:43] pid=2356 ACTIVE cpu=72624.6s(+57.0s) ws=50MB hb={"stage": "build_arb_tau:start", "ts": "2026-09-30 07:55:25", "age_s": 77298.7}
[2026-10-01 05:24:43] pid=2356 ACTIVE cpu=72682.2s(+57.6s) ws=43MB hb={"stage": "build_arb_tau:start", "ts": "2026-09-30 07:55:25", "age_s": 77358.7}
[2026-10-01 05:25:43] pid=2356 ACTIVE cpu=72739.8s(+57.6s) ws=48MB hb={"stage": "build_arb_tau:start", "ts": "2026-09-30 07:55:25", "age_s": 77418.7}
[2026-10-01 05:26:43] pid=2356 ACTIVE cpu=72796.9s(+57.1s) ws=47MB hb={"stage": "build_arb_tau:start", "ts": "2026-09-30 07:55:25", "age_s": 77478.7}
[2026-10-01 05:27:43] pid=2356 ACTIVE cpu=72854.0s(+57.1s) ws=47MB hb={"stage": "build_arb_tau:start", "ts": "2026-09-30 07:55:25", "age_s": 77538.7}
[2026-10-01 05:28:43] pid=2356 ACTIVE cpu=72911.7s(+57.6s) ws=53MB hb={"stage": "build_arb_tau:start", "ts": "2026-09-30 07:55:25", "age_s": 77598.7}
[2026-10-01 05:29:43] pid=2356 ACTIVE cpu=72969.9s(+58.3s) ws=48MB hb={"stage": "build_arb_tau:start", "ts": "2026-09-30 07:55:25", "age_s": 77658.7}
[2026-10-01 05:30:43] pid=2356 ACTIVE cpu=73027.3s(+57.4s) ws=53MB hb={"stage": "build_arb_tau:start", "ts": "2026-09-30 07:55:25", "age_s": 77718.7}
[2026-10-01 05:31:43] pid=2356 ACTIVE cpu=73084.9s(+57.5s) ws=44MB hb={"stage": "build_arb_tau:start", "ts": "2026-09-30 07:55:25", "age_s": 77778.7}
[2026-10-01 05:32:43] pid=2356 ACTIVE cpu=73143.0s(+58.1s) ws=51MB hb={"stage": "build_arb_tau:start", "ts": "2026-09-30 07:55:25", "age_s": 77838.7}
[2026-10-01 05:33:43] pid=2356 ACTIVE cpu=73200.8s(+57.8s) ws=45MB hb={"stage": "build_arb_tau:start", "ts": "2026-09-30 07:55:25", "age_s": 77898.7}
[2026-10-01 05:34:43] pid=2356 ACTIVE cpu=73256.6s(+55.8s) ws=47MB hb={"stage": "build_arb_tau:start", "ts": "2026-09-30 07:55:25", "age_s": 77958.7}
[2026-10-01 05:35:43] pid=2356 ACTIVE cpu=73314.2s(+57.7s) ws=55MB hb={"stage": "build_arb_tau:start", "ts": "2026-09-30 07:55:25", "age_s": 78018.7}
[2026-10-01 05:36:43] pid=2356 ACTIVE cpu=73371.5s(+57.3s) ws=46MB hb={"stage": "build_arb_tau:start", "ts": "2026-09-30 07:55:25", "age_s": 78078.7}
[2026-10-01 05:37:43] pid=2356 ACTIVE cpu=73428.9s(+57.4s) ws=52MB hb={"stage": "build_arb_tau:start", "ts": "2026-09-30 07:55:25", "age_s": 78138.7}
[2026-10-01 05:38:43] pid=2356 ACTIVE cpu=73487.4s(+58.4s) ws=45MB hb={"stage": "build_arb_tau:start", "ts": "2026-09-30 07:55:25", "age_s": 78198.7}
[2026-10-01 05:39:43] pid=2356 ACTIVE cpu=73545.0s(+57.7s) ws=56MB hb={"stage": "build_arb_tau:start", "ts": "2026-09-30 07:55:25", "age_s": 78258.7}
[2026-10-01 05:40:43] pid=2356 ACTIVE cpu=73602.1s(+57.1s) ws=46MB hb={"stage": "build_arb_tau:start", "ts": "2026-09-30 07:55:25", "age_s": 78318.7}
[2026-10-01 05:41:43] pid=2356 ACTIVE cpu=73659.5s(+57.4s) ws=52MB hb={"stage": "build_arb_tau:start", "ts": "2026-09-30 07:55:25", "age_s": 78378.7}
[2026-10-01 05:42:43] pid=2356 ACTIVE cpu=73717.0s(+57.5s) ws=43MB hb={"stage": "build_arb_tau:start", "ts": "2026-09-30 07:55:25", "age_s": 78438.7}
[2026-10-01 05:43:43] pid=2356 ACTIVE cpu=73774.5s(+57.6s) ws=51MB hb={"stage": "build_arb_tau:start", "ts": "2026-09-30 07:55:25", "age_s": 78498.7}
[2026-10-01 05:44:43] pid=2356 ACTIVE cpu=73829.1s(+54.6s) ws=45MB hb={"stage": "build_arb_tau:start", "ts": "2026-09-30 07:55:25", "age_s": 78558.7}
[2026-10-01 05:45:43] pid=2356 ACTIVE cpu=73888.0s(+58.9s) ws=50MB hb={"stage": "build_arb_tau:start", "ts": "2026-09-30 07:55:25", "age_s": 78618.7}
[2026-10-01 05:46:43] pid=2356 ACTIVE cpu=73947.5s(+59.5s) ws=56MB hb={"stage": "build_arb_tau:start", "ts": "2026-09-30 07:55:25", "age_s": 78678.7}
[2026-10-01 05:47:43] pid=2356 ACTIVE cpu=74005.8s(+58.4s) ws=63MB hb={"stage": "build_arb_tau:start", "ts": "2026-09-30 07:55:25", "age_s": 78738.7}
[2026-10-01 05:48:43] pid=2356 ACTIVE cpu=74065.0s(+59.1s) ws=58MB hb={"stage": "build_arb_tau:start", "ts": "2026-09-30 07:55:25", "age_s": 78798.7}
[2026-10-01 05:49:43] pid=2356 ACTIVE cpu=74124.2s(+59.2s) ws=64MB hb={"stage": "build_arb_tau:start", "ts": "2026-09-30 07:55:25", "age_s": 78858.7}
[2026-10-01 05:50:43] pid=2356 ACTIVE cpu=74179.1s(+54.9s) ws=70MB hb={"stage": "build_arb_tau:start", "ts": "2026-09-30 07:55:25", "age_s": 78918.7}
[2026-10-01 05:51:43] pid=2356 ACTIVE cpu=74237.8s(+58.7s) ws=80MB hb={"stage": "build_arb_tau:start", "ts": "2026-09-30 07:55:25", "age_s": 78978.7}
[2026-10-01 05:52:43] pid=2356 ACTIVE cpu=74294.0s(+56.1s) ws=86MB hb={"stage": "build_arb_tau:start", "ts": "2026-09-30 07:55:25", "age_s": 79038.7}
[2026-10-01 05:53:43] pid=2356 ACTIVE cpu=74353.0s(+59.0s) ws=93MB hb={"stage": "build_arb_tau:start", "ts": "2026-09-30 07:55:25", "age_s": 79098.7}
[2026-10-01 05:54:43] pid=2356 ACTIVE cpu=74412.4s(+59.4s) ws=96MB hb={"stage": "build_arb_tau:start", "ts": "2026-09-30 07:55:25", "age_s": 79158.7}
[2026-10-01 05:55:43] pid=2356 ACTIVE cpu=74472.0s(+59.6s) ws=83MB hb={"stage": "build_arb_tau:start", "ts": "2026-09-30 07:55:25", "age_s": 79218.7}
[2026-10-01 05:56:43] pid=2356 ACTIVE cpu=74530.6s(+58.6s) ws=78MB hb={"stage": "build_arb_tau:start", "ts": "2026-09-30 07:55:25", "age_s": 79278.7}
[2026-10-01 05:57:43] pid=2356 ACTIVE cpu=74590.1s(+59.6s) ws=77MB hb={"stage": "build_arb_tau:start", "ts": "2026-09-30 07:55:25", "age_s": 79338.7}
[2026-10-01 05:58:43] pid=2356 ACTIVE cpu=74649.2s(+59.0s) ws=84MB hb={"stage": "build_arb_tau:start", "ts": "2026-09-30 07:55:25", "age_s": 79398.7}
[2026-10-01 05:59:43] pid=2356 ACTIVE cpu=74708.5s(+59.3s) ws=93MB hb={"stage": "build_arb_tau:start", "ts": "2026-09-30 07:55:25", "age_s": 79458.7}
[2026-10-01 06:00:43] pid=2356 ACTIVE cpu=74766.7s(+58.2s) ws=99MB hb={"stage": "build_arb_tau:start", "ts": "2026-09-30 07:55:25", "age_s": 79518.7}
[2026-10-01 06:01:43] pid=2356 ACTIVE cpu=74825.2s(+58.5s) ws=106MB hb={"stage": "build_arb_tau:start", "ts": "2026-09-30 07:55:25", "age_s": 79578.7}
[2026-10-01 06:02:43] pid=2356 ACTIVE cpu=74884.4s(+59.2s) ws=110MB hb={"stage": "build_arb_tau:start", "ts": "2026-09-30 07:55:25", "age_s": 79638.7}
[2026-10-01 06:03:43] pid=2356 ACTIVE cpu=74943.2s(+58.8s) ws=98MB hb={"stage": "build_arb_tau:start", "ts": "2026-09-30 07:55:25", "age_s": 79698.7}
[2026-10-01 06:04:43] pid=2356 ACTIVE cpu=75002.3s(+59.1s) ws=86MB hb={"stage": "build_arb_tau:start", "ts": "2026-09-30 07:55:25", "age_s": 79758.7}
[2026-10-01 06:05:43] pid=2356 ACTIVE cpu=75061.8s(+59.5s) ws=77MB hb={"stage": "build_arb_tau:start", "ts": "2026-09-30 07:55:25", "age_s": 79818.7}
[2026-10-01 06:06:43] pid=2356 ACTIVE cpu=75121.0s(+59.2s) ws=80MB hb={"stage": "build_arb_tau:start", "ts": "2026-09-30 07:55:25", "age_s": 79878.7}
[2026-10-01 06:07:43] pid=2356 ACTIVE cpu=75179.2s(+58.3s) ws=88MB hb={"stage": "build_arb_tau:start", "ts": "2026-09-30 07:55:25", "age_s": 79938.7}
[2026-10-01 06:08:43] pid=2356 ACTIVE cpu=75236.8s(+57.5s) ws=98MB hb={"stage": "build_arb_tau:start", "ts": "2026-09-30 07:55:25", "age_s": 79998.7}
[2026-10-01 06:09:43] pid=2356 ACTIVE cpu=75294.6s(+57.9s) ws=103MB hb={"stage": "build_arb_tau:start", "ts": "2026-09-30 07:55:25", "age_s": 80058.7}
[2026-10-01 06:10:43] pid=2356 ACTIVE cpu=75352.5s(+57.9s) ws=109MB hb={"stage": "build_arb_tau:start", "ts": "2026-09-30 07:55:25", "age_s": 80118.7}
[2026-10-01 06:11:43] pid=2356 ACTIVE cpu=75407.7s(+55.2s) ws=111MB hb={"stage": "build_arb_tau:start", "ts": "2026-09-30 07:55:25", "age_s": 80178.7}
[2026-10-01 06:12:43] pid=2356 ACTIVE cpu=75466.0s(+58.3s) ws=99MB hb={"stage": "build_arb_tau:start", "ts": "2026-09-30 07:55:25", "age_s": 80238.7}
[2026-10-01 06:13:43] pid=2356 ACTIVE cpu=75525.1s(+59.0s) ws=87MB hb={"stage": "build_arb_tau:start", "ts": "2026-09-30 07:55:25", "age_s": 80298.7}
[2026-10-01 06:14:43] pid=2356 ACTIVE cpu=75583.5s(+58.4s) ws=77MB hb={"stage": "build_arb_tau:start", "ts": "2026-09-30 07:55:25", "age_s": 80358.7}
[2026-10-01 06:15:43] pid=2356 ACTIVE cpu=75642.3s(+58.8s) ws=78MB hb={"stage": "build_arb_tau:start", "ts": "2026-09-30 07:55:25", "age_s": 80418.7}
[2026-10-01 06:16:43] pid=2356 ACTIVE cpu=75701.4s(+59.1s) ws=87MB hb={"stage": "build_arb_tau:start", "ts": "2026-09-30 07:55:25", "age_s": 80478.7}
[2026-10-01 06:17:43] pid=2356 ACTIVE cpu=75759.7s(+58.3s) ws=94MB hb={"stage": "build_arb_tau:start", "ts": "2026-09-30 07:55:25", "age_s": 80538.8}
[2026-10-01 06:18:43] pid=2356 ACTIVE cpu=75817.9s(+58.2s) ws=100MB hb={"stage": "build_arb_tau:start", "ts": "2026-09-30 07:55:25", "age_s": 80598.8}
[2026-10-01 06:19:43] pid=2356 ACTIVE cpu=75876.8s(+58.9s) ws=107MB hb={"stage": "build_arb_tau:start", "ts": "2026-09-30 07:55:25", "age_s": 80658.8}
[2026-10-01 06:20:43] pid=2356 ACTIVE cpu=75935.3s(+58.5s) ws=108MB hb={"stage": "build_arb_tau:start", "ts": "2026-09-30 07:55:25", "age_s": 80718.8}
[2026-10-01 06:21:43] pid=2356 ACTIVE cpu=75994.1s(+58.8s) ws=95MB hb={"stage": "build_arb_tau:start", "ts": "2026-09-30 07:55:25", "age_s": 80778.8}
[2026-10-01 06:22:43] pid=2356 ACTIVE cpu=76053.1s(+59.0s) ws=84MB hb={"stage": "build_arb_tau:start", "ts": "2026-09-30 07:55:25", "age_s": 80838.8}
[2026-10-01 06:23:43] pid=2356 ACTIVE cpu=76112.2s(+59.2s) ws=76MB hb={"stage": "build_arb_tau:start", "ts": "2026-09-30 07:55:25", "age_s": 80898.8}
[2026-10-01 06:24:43] pid=2356 ACTIVE cpu=76171.5s(+59.2s) ws=80MB hb={"stage": "build_arb_tau:start", "ts": "2026-09-30 07:55:25", "age_s": 80958.8}
[2026-10-01 06:25:43] pid=2356 ACTIVE cpu=76230.0s(+58.5s) ws=87MB hb={"stage": "build_arb_tau:start", "ts": "2026-09-30 07:55:25", "age_s": 81018.8}
[2026-10-01 06:26:43] pid=2356 ACTIVE cpu=76279.4s(+49.3s) ws=95MB hb={"stage": "build_arb_tau:start", "ts": "2026-09-30 07:55:25", "age_s": 81078.8}
[2026-10-01 06:27:43] pid=2356 ACTIVE cpu=76331.5s(+52.2s) ws=99MB hb={"stage": "build_arb_tau:start", "ts": "2026-09-30 07:55:25", "age_s": 81138.8}
[2026-10-01 06:28:43] pid=2356 ACTIVE cpu=76384.7s(+53.2s) ws=103MB hb={"stage": "build_arb_tau:start", "ts": "2026-09-30 07:55:25", "age_s": 81198.8}
[2026-10-01 06:29:43] pid=2356 ACTIVE cpu=76428.5s(+43.8s) ws=97MB hb={"stage": "build_arb_tau:start", "ts": "2026-09-30 07:55:25", "age_s": 81258.8}
[2026-10-01 06:30:43] pid=2356 ACTIVE cpu=76477.0s(+48.5s) ws=83MB hb={"stage": "build_arb_tau:start", "ts": "2026-09-30 07:55:25", "age_s": 81318.8}
[2026-10-01 06:31:43] pid=2356 ACTIVE cpu=76522.3s(+45.3s) ws=71MB hb={"stage": "build_arb_tau:start", "ts": "2026-09-30 07:55:25", "age_s": 81378.8}
[2026-10-01 06:32:43] pid=2356 ACTIVE cpu=76556.2s(+33.9s) ws=61MB hb={"stage": "build_arb_tau:start", "ts": "2026-09-30 07:55:25", "age_s": 81438.8}
[2026-10-01 06:33:43] pid=2356 ACTIVE cpu=76588.5s(+32.3s) ws=62MB hb={"stage": "build_arb_tau:start", "ts": "2026-09-30 07:55:25", "age_s": 81498.8}
[2026-10-01 06:34:43] pid=2356 ACTIVE cpu=76631.0s(+42.5s) ws=66MB hb={"stage": "build_arb_tau:start", "ts": "2026-09-30 07:55:25", "age_s": 81558.8}
[2026-10-01 06:35:43] pid=2356 ACTIVE cpu=76676.6s(+45.6s) ws=71MB hb={"stage": "build_arb_tau:start", "ts": "2026-09-30 07:55:25", "age_s": 81618.9}
[2026-10-01 06:36:43] pid=2356 ACTIVE cpu=76730.8s(+54.2s) ws=74MB hb={"stage": "build_arb_tau:start", "ts": "2026-09-30 07:55:25", "age_s": 81678.9}
[2026-10-01 06:37:43] pid=2356 ACTIVE cpu=76789.7s(+58.9s) ws=81MB hb={"stage": "build_arb_tau:start", "ts": "2026-09-30 07:55:25", "age_s": 81738.9}
[2026-10-01 06:38:43] pid=2356 ACTIVE cpu=76847.4s(+57.7s) ws=73MB hb={"stage": "build_arb_tau:start", "ts": "2026-09-30 07:55:25", "age_s": 81798.9}
[2026-10-01 06:39:43] pid=2356 ACTIVE cpu=76898.4s(+50.9s) ws=65MB hb={"stage": "build_arb_tau:start", "ts": "2026-09-30 07:55:25", "age_s": 81858.9}
[2026-10-01 06:40:43] pid=2356 ACTIVE cpu=76953.9s(+55.5s) ws=67MB hb={"stage": "build_arb_tau:start", "ts": "2026-09-30 07:55:25", "age_s": 81918.9}
[2026-10-01 06:41:43] pid=2356 ACTIVE cpu=77009.6s(+55.7s) ws=73MB hb={"stage": "build_arb_tau:start", "ts": "2026-09-30 07:55:25", "age_s": 81978.9}
[2026-10-01 06:42:43] pid=2356 ACTIVE cpu=77066.8s(+57.2s) ws=82MB hb={"stage": "build_arb_tau:start", "ts": "2026-09-30 07:55:25", "age_s": 82038.9}
[2026-10-01 06:43:43] pid=2356 ACTIVE cpu=77123.8s(+57.0s) ws=89MB hb={"stage": "build_arb_tau:start", "ts": "2026-09-30 07:55:25", "age_s": 82098.9}
[2026-10-01 06:44:43] pid=2356 ACTIVE cpu=77182.3s(+58.5s) ws=96MB hb={"stage": "build_arb_tau:start", "ts": "2026-09-30 07:55:25", "age_s": 82158.9}
[2026-10-01 06:45:43] pid=2356 ACTIVE cpu=77236.2s(+53.9s) ws=98MB hb={"stage": "build_arb_tau:start", "ts": "2026-09-30 07:55:25", "age_s": 82218.9}
[2026-10-01 06:46:43] pid=2356 ACTIVE cpu=77291.1s(+54.8s) ws=87MB hb={"stage": "build_arb_tau:start", "ts": "2026-09-30 07:55:25", "age_s": 82278.9}
[2026-10-01 06:47:43] pid=2356 ACTIVE cpu=77349.8s(+58.7s) ws=76MB hb={"stage": "build_arb_tau:start", "ts": "2026-09-30 07:55:25", "age_s": 82338.9}
[2026-10-01 06:48:43] pid=2356 ACTIVE cpu=77407.9s(+58.1s) ws=73MB hb={"stage": "build_arb_tau:start", "ts": "2026-09-30 07:55:25", "age_s": 82398.9}
[2026-10-01 06:49:43] pid=2356 ACTIVE cpu=77467.4s(+59.5s) ws=80MB hb={"stage": "build_arb_tau:start", "ts": "2026-09-30 07:55:25", "age_s": 82458.9}
[2026-10-01 06:50:43] pid=2356 ACTIVE cpu=77526.4s(+59.0s) ws=86MB hb={"stage": "build_arb_tau:start", "ts": "2026-09-30 07:55:25", "age_s": 82518.9}
[2026-10-01 06:51:43] pid=2356 ACTIVE cpu=77584.4s(+58.1s) ws=94MB hb={"stage": "build_arb_tau:start", "ts": "2026-09-30 07:55:25", "age_s": 82578.9}
[2026-10-01 06:52:43] pid=2356 ACTIVE cpu=77640.8s(+56.4s) ws=99MB hb={"stage": "build_arb_tau:start", "ts": "2026-09-30 07:55:25", "age_s": 82638.9}
[2026-10-01 06:53:43] pid=2356 ACTIVE cpu=77699.8s(+59.0s) ws=108MB hb={"stage": "build_arb_tau:start", "ts": "2026-09-30 07:55:25", "age_s": 82698.9}
[2026-10-01 06:54:43] pid=2356 ACTIVE cpu=77758.8s(+58.9s) ws=99MB hb={"stage": "build_arb_tau:start", "ts": "2026-09-30 07:55:25", "age_s": 82758.9}
[2026-10-01 06:55:43] pid=2356 ACTIVE cpu=77818.1s(+59.3s) ws=86MB hb={"stage": "build_arb_tau:start", "ts": "2026-09-30 07:55:25", "age_s": 82818.9}
[2026-10-01 06:56:43] pid=2356 ACTIVE cpu=77874.4s(+56.3s) ws=77MB hb={"stage": "build_arb_tau:start", "ts": "2026-09-30 07:55:25", "age_s": 82878.9}
[2026-10-01 06:57:43] pid=2356 ACTIVE cpu=77929.3s(+54.9s) ws=74MB hb={"stage": "build_arb_tau:start", "ts": "2026-09-30 07:55:25", "age_s": 82938.9}
[2026-10-01 06:58:43] pid=2356 ACTIVE cpu=77986.2s(+56.9s) ws=82MB hb={"stage": "build_arb_tau:start", "ts": "2026-09-30 07:55:25", "age_s": 82998.9}
[2026-10-01 06:59:43] pid=2356 ACTIVE cpu=78041.1s(+54.9s) ws=87MB hb={"stage": "build_arb_tau:start", "ts": "2026-09-30 07:55:25", "age_s": 83058.9}
[2026-10-01 07:00:43] pid=2356 ACTIVE cpu=78096.4s(+55.4s) ws=95MB hb={"stage": "build_arb_tau:start", "ts": "2026-09-30 07:55:25", "age_s": 83118.9}
[2026-10-01 07:01:43] pid=2356 ACTIVE cpu=78152.9s(+56.5s) ws=101MB hb={"stage": "build_arb_tau:start", "ts": "2026-09-30 07:55:25", "age_s": 83178.9}
[2026-10-01 07:02:43] pid=2356 ACTIVE cpu=78210.0s(+57.1s) ws=107MB hb={"stage": "build_arb_tau:start", "ts": "2026-09-30 07:55:25", "age_s": 83238.9}
[2026-10-01 07:03:43] pid=2356 ACTIVE cpu=78269.5s(+59.4s) ws=96MB hb={"stage": "build_arb_tau:start", "ts": "2026-09-30 07:55:25", "age_s": 83298.9}
[2026-10-01 07:04:43] pid=2356 ACTIVE cpu=78326.8s(+57.3s) ws=84MB hb={"stage": "build_arb_tau:start", "ts": "2026-09-30 07:55:25", "age_s": 83358.9}
[2026-10-01 07:05:43] pid=2356 ACTIVE cpu=78380.2s(+53.4s) ws=73MB hb={"stage": "build_arb_tau:start", "ts": "2026-09-30 07:55:25", "age_s": 83418.9}
[2026-10-01 07:06:43] pid=2356 ACTIVE cpu=78436.3s(+56.1s) ws=73MB hb={"stage": "build_arb_tau:start", "ts": "2026-09-30 07:55:25", "age_s": 83478.9}
[2026-10-01 07:07:43] pid=2356 ACTIVE cpu=78490.1s(+53.7s) ws=79MB hb={"stage": "build_arb_tau:start", "ts": "2026-09-30 07:55:25", "age_s": 83538.9}
[2026-10-01 07:08:43] pid=2356 ACTIVE cpu=78545.6s(+55.6s) ws=85MB hb={"stage": "build_arb_tau:start", "ts": "2026-09-30 07:55:25", "age_s": 83598.9}
[2026-10-01 07:09:43] pid=2356 ACTIVE cpu=78596.4s(+50.8s) ws=91MB hb={"stage": "build_arb_tau:start", "ts": "2026-09-30 07:55:25", "age_s": 83658.9}
[2026-10-01 07:10:43] pid=2356 ACTIVE cpu=78652.0s(+55.6s) ws=96MB hb={"stage": "build_arb_tau:start", "ts": "2026-09-30 07:55:25", "age_s": 83718.9}
[2026-10-01 07:11:43] pid=2356 ACTIVE cpu=78708.6s(+56.6s) ws=101MB hb={"stage": "build_arb_tau:start", "ts": "2026-09-30 07:55:25", "age_s": 83778.9}
[2026-10-01 07:12:43] pid=2356 ACTIVE cpu=78764.0s(+55.4s) ws=87MB hb={"stage": "build_arb_tau:start", "ts": "2026-09-30 07:55:25", "age_s": 83838.9}
[2026-10-01 07:13:43] pid=2356 ACTIVE cpu=78818.6s(+54.6s) ws=77MB hb={"stage": "build_arb_tau:start", "ts": "2026-09-30 07:55:25", "age_s": 83898.9}
[2026-10-01 07:14:43] pid=2356 ACTIVE cpu=78873.2s(+54.6s) ws=67MB hb={"stage": "build_arb_tau:start", "ts": "2026-09-30 07:55:25", "age_s": 83958.9}
[2026-10-01 07:15:43] pid=2356 ACTIVE cpu=78928.4s(+55.2s) ws=72MB hb={"stage": "build_arb_tau:start", "ts": "2026-09-30 07:55:25", "age_s": 84018.9}
[2026-10-01 07:16:43] pid=2356 ACTIVE cpu=78981.9s(+53.5s) ws=79MB hb={"stage": "build_arb_tau:start", "ts": "2026-09-30 07:55:25", "age_s": 84078.9}
[2026-10-01 07:17:43] pid=2356 ACTIVE cpu=79038.7s(+56.8s) ws=85MB hb={"stage": "build_arb_tau:start", "ts": "2026-09-30 07:55:25", "age_s": 84138.9}
[2026-10-01 07:18:43] pid=2356 ACTIVE cpu=79092.8s(+54.1s) ws=91MB hb={"stage": "build_arb_tau:start", "ts": "2026-09-30 07:55:25", "age_s": 84198.9}
[2026-10-01 07:19:43] pid=2356 ACTIVE cpu=79147.3s(+54.4s) ws=96MB hb={"stage": "build_arb_tau:start", "ts": "2026-09-30 07:55:25", "age_s": 84258.9}
[2026-10-01 07:20:43] pid=2356 ACTIVE cpu=79205.3s(+58.0s) ws=94MB hb={"stage": "build_arb_tau:start", "ts": "2026-09-30 07:55:25", "age_s": 84318.9}
[2026-10-01 07:21:43] pid=2356 ACTIVE cpu=79263.1s(+57.8s) ws=82MB hb={"stage": "build_arb_tau:start", "ts": "2026-09-30 07:55:25", "age_s": 84378.9}
[2026-10-01 07:22:43] pid=2356 ACTIVE cpu=79321.3s(+58.2s) ws=72MB hb={"stage": "build_arb_tau:start", "ts": "2026-09-30 07:55:25", "age_s": 84438.9}
[2026-10-01 07:23:43] pid=2356 ACTIVE cpu=79380.1s(+58.8s) ws=68MB hb={"stage": "build_arb_tau:start", "ts": "2026-09-30 07:55:25", "age_s": 84498.9}
[2026-10-01 07:24:43] pid=2356 ACTIVE cpu=79439.1s(+59.0s) ws=75MB hb={"stage": "build_arb_tau:start", "ts": "2026-09-30 07:55:25", "age_s": 84558.9}
[2026-10-01 07:25:43] pid=2356 ACTIVE cpu=79495.9s(+56.8s) ws=81MB hb={"stage": "build_arb_tau:start", "ts": "2026-09-30 07:55:25", "age_s": 84618.9}
[2026-10-01 07:26:43] pid=2356 ACTIVE cpu=79554.0s(+58.1s) ws=87MB hb={"stage": "build_arb_tau:start", "ts": "2026-09-30 07:55:25", "age_s": 84678.9}
[2026-10-01 07:27:43] pid=2356 ACTIVE cpu=79612.8s(+58.8s) ws=93MB hb={"stage": "build_arb_tau:start", "ts": "2026-09-30 07:55:25", "age_s": 84738.9}
[2026-10-01 07:28:43] pid=2356 ACTIVE cpu=79672.1s(+59.3s) ws=99MB hb={"stage": "build_arb_tau:start", "ts": "2026-09-30 07:55:25", "age_s": 84798.9}
[2026-10-01 07:29:43] pid=2356 ACTIVE cpu=79730.0s(+57.8s) ws=88MB hb={"stage": "build_arb_tau:start", "ts": "2026-09-30 07:55:25", "age_s": 84858.9}
[2026-10-01 07:30:43] pid=2356 ACTIVE cpu=79788.9s(+58.9s) ws=67MB hb={"stage": "build_arb_tau:start", "ts": "2026-09-30 07:55:25", "age_s": 84918.9}
[2026-10-01 07:31:43] pid=2356 ACTIVE cpu=79848.1s(+59.2s) ws=67MB hb={"stage": "build_arb_tau:start", "ts": "2026-09-30 07:55:25", "age_s": 84978.9}
[2026-10-01 07:32:43] pid=2356 ACTIVE cpu=79906.9s(+58.9s) ws=59MB hb={"stage": "build_arb_tau:start", "ts": "2026-09-30 07:55:25", "age_s": 85038.9}
[2026-10-01 07:33:43] pid=2356 ACTIVE cpu=79965.4s(+58.5s) ws=49MB hb={"stage": "build_arb_tau:start", "ts": "2026-09-30 07:55:25", "age_s": 85098.9}
[2026-10-01 07:34:43] pid=2356 ACTIVE cpu=80022.8s(+57.3s) ws=49MB hb={"stage": "build_arb_tau:start", "ts": "2026-09-30 07:55:25", "age_s": 85159.0}
[2026-10-01 07:35:43] pid=2356 ACTIVE cpu=80078.4s(+55.6s) ws=476MB hb={"stage": "build_arb_tau:done", "ts": "2026-10-01 07:35:38", "age_s": 6.0}
[2026-10-01 07:36:43] pid=2356 ACTIVE cpu=80094.5s(+16.2s) ws=4480MB hb={"stage": "build_arb_tau:done", "ts": "2026-10-01 07:35:38", "age_s": 66.0}
[2026-10-01 07:37:43] pid=2356 ACTIVE cpu=80126.1s(+31.5s) ws=6773MB hb={"stage": "certified_ldlt:start", "ts": "2026-10-01 07:37:37", "age_s": 7.0}
[2026-10-01 07:38:43] pid=2356 ACTIVE cpu=80185.3s(+59.2s) ws=6881MB hb={"stage": "certified_ldlt:start", "ts": "2026-10-01 07:37:37", "age_s": 67.0}
[2026-10-01 07:39:43] pid=2356 ACTIVE cpu=80243.3s(+58.0s) ws=6931MB hb={"stage": "certified_ldlt:start", "ts": "2026-10-01 07:37:37", "age_s": 127.0}
[2026-10-01 07:40:43] pid=2356 ACTIVE cpu=80302.1s(+58.8s) ws=5976MB hb={"stage": "certified_ldlt:start", "ts": "2026-10-01 07:37:37", "age_s": 187.0}
[2026-10-01 07:41:43] pid=2356 ACTIVE cpu=80358.8s(+56.7s) ws=3942MB hb={"stage": "certified_ldlt:start", "ts": "2026-10-01 07:37:37", "age_s": 247.0}
[2026-10-01 07:42:43] pid=2356 ACTIVE cpu=80417.1s(+58.3s) ws=2500MB hb={"stage": "certified_ldlt:start", "ts": "2026-10-01 07:37:37", "age_s": 307.0}
[2026-10-01 07:43:43] pid=2356 ACTIVE cpu=80475.3s(+58.2s) ws=1726MB hb={"stage": "certified_ldlt:start", "ts": "2026-10-01 07:37:37", "age_s": 367.0}
[2026-10-01 07:44:43] pid=2356 ACTIVE cpu=80533.4s(+58.0s) ws=1105MB hb={"stage": "certified_ldlt:start", "ts": "2026-10-01 07:37:37", "age_s": 427.0}
[2026-10-01 07:45:43] pid=2356 ACTIVE cpu=80592.3s(+58.9s) ws=864MB hb={"stage": "certified_ldlt:start", "ts": "2026-10-01 07:37:37", "age_s": 487.0}
[2026-10-01 07:46:43] pid=2356 ACTIVE cpu=80650.8s(+58.5s) ws=930MB hb={"stage": "certified_ldlt:start", "ts": "2026-10-01 07:37:37", "age_s": 547.0}
[2026-10-01 07:47:43] pid=2356 ACTIVE cpu=80709.8s(+59.0s) ws=817MB hb={"stage": "certified_ldlt:start", "ts": "2026-10-01 07:37:37", "age_s": 607.0}
[2026-10-01 07:48:43] pid=2356 ACTIVE cpu=80768.7s(+58.9s) ws=874MB hb={"stage": "certified_ldlt:start", "ts": "2026-10-01 07:37:37", "age_s": 667.0}
[2026-10-01 07:49:43] pid=2356 ACTIVE cpu=80826.9s(+58.2s) ws=775MB hb={"stage": "certified_ldlt:start", "ts": "2026-10-01 07:37:37", "age_s": 727.0}
[2026-10-01 07:50:43] pid=2356 ACTIVE cpu=80885.3s(+58.4s) ws=632MB hb={"stage": "certified_ldlt:start", "ts": "2026-10-01 07:37:37", "age_s": 787.0}
[2026-10-01 07:51:43] pid=2356 ACTIVE cpu=80944.3s(+59.0s) ws=684MB hb={"stage": "certified_ldlt:start", "ts": "2026-10-01 07:37:37", "age_s": 847.0}
[2026-10-01 07:52:43] pid=2356 ACTIVE cpu=81003.9s(+59.6s) ws=686MB hb={"stage": "certified_ldlt:start", "ts": "2026-10-01 07:37:37", "age_s": 907.0}
[2026-10-01 07:53:43] pid=2356 ACTIVE cpu=81063.5s(+59.7s) ws=736MB hb={"stage": "certified_ldlt:start", "ts": "2026-10-01 07:37:37", "age_s": 967.0}
[2026-10-01 07:54:43] pid=2356 ACTIVE cpu=81123.1s(+59.6s) ws=675MB hb={"stage": "certified_ldlt:start", "ts": "2026-10-01 07:37:37", "age_s": 1027.0}
[2026-10-01 07:55:43] pid=2356 ACTIVE cpu=81182.5s(+59.4s) ws=723MB hb={"stage": "certified_ldlt:start", "ts": "2026-10-01 07:37:37", "age_s": 1087.0}
[2026-10-01 07:56:43] pid=2356 ACTIVE cpu=81242.0s(+59.4s) ws=702MB hb={"stage": "certified_ldlt:start", "ts": "2026-10-01 07:37:37", "age_s": 1147.0}
[2026-10-01 07:57:43] pid=2356 ACTIVE cpu=81301.6s(+59.6s) ws=746MB hb={"stage": "certified_ldlt:start", "ts": "2026-10-01 07:37:37", "age_s": 1207.0}
[2026-10-01 07:58:43] pid=2356 ACTIVE cpu=81361.3s(+59.7s) ws=728MB hb={"stage": "certified_ldlt:start", "ts": "2026-10-01 07:37:37", "age_s": 1267.0}
[2026-10-01 07:59:43] pid=2356 ACTIVE cpu=81420.9s(+59.7s) ws=715MB hb={"stage": "certified_ldlt:start", "ts": "2026-10-01 07:37:37", "age_s": 1327.0}
[2026-10-01 08:00:43] pid=2356 ACTIVE cpu=81480.5s(+59.6s) ws=757MB hb={"stage": "certified_ldlt:start", "ts": "2026-10-01 07:37:37", "age_s": 1387.0}
[2026-10-01 08:01:43] pid=2356 ACTIVE cpu=81540.2s(+59.7s) ws=748MB hb={"stage": "certified_ldlt:start", "ts": "2026-10-01 07:37:37", "age_s": 1447.0}
[2026-10-01 08:02:43] pid=2356 ACTIVE cpu=81599.8s(+59.5s) ws=787MB hb={"stage": "certified_ldlt:start", "ts": "2026-10-01 07:37:37", "age_s": 1507.0}
[2026-10-01 08:03:43] pid=2356 ACTIVE cpu=81659.4s(+59.7s) ws=770MB hb={"stage": "certified_ldlt:start", "ts": "2026-10-01 07:37:37", "age_s": 1567.0}
[2026-10-01 08:04:44] pid=2356 ACTIVE cpu=81719.1s(+59.7s) ws=809MB hb={"stage": "certified_ldlt:start", "ts": "2026-10-01 07:37:37", "age_s": 1627.0}
[2026-10-01 08:05:44] pid=2356 ACTIVE cpu=81778.7s(+59.5s) ws=799MB hb={"stage": "certified_ldlt:start", "ts": "2026-10-01 07:37:37", "age_s": 1687.0}
[2026-10-01 08:06:44] pid=2356 ACTIVE cpu=81838.2s(+59.5s) ws=836MB hb={"stage": "certified_ldlt:start", "ts": "2026-10-01 07:37:37", "age_s": 1747.0}
[2026-10-01 08:07:44] pid=2356 ACTIVE cpu=81897.7s(+59.5s) ws=825MB hb={"stage": "certified_ldlt:start", "ts": "2026-10-01 07:37:37", "age_s": 1807.0}
[2026-10-01 08:08:44] pid=2356 ACTIVE cpu=81957.3s(+59.5s) ws=850MB hb={"stage": "certified_ldlt:start", "ts": "2026-10-01 07:37:37", "age_s": 1867.0}
[2026-10-01 08:09:44] pid=2356 ACTIVE cpu=82016.8s(+59.5s) ws=844MB hb={"stage": "certified_ldlt:start", "ts": "2026-10-01 07:37:37", "age_s": 1927.0}
[2026-10-01 08:10:44] pid=2356 ACTIVE cpu=82076.5s(+59.7s) ws=837MB hb={"stage": "certified_ldlt:start", "ts": "2026-10-01 07:37:37", "age_s": 1987.0}
[2026-10-01 08:11:44] pid=2356 ACTIVE cpu=82136.0s(+59.5s) ws=871MB hb={"stage": "certified_ldlt:start", "ts": "2026-10-01 07:37:37", "age_s": 2047.0}
[2026-10-01 08:12:44] pid=2356 ACTIVE cpu=82195.5s(+59.5s) ws=859MB hb={"stage": "certified_ldlt:start", "ts": "2026-10-01 07:37:37", "age_s": 2107.0}
[2026-10-01 08:13:44] pid=2356 ACTIVE cpu=82255.1s(+59.6s) ws=891MB hb={"stage": "certified_ldlt:start", "ts": "2026-10-01 07:37:37", "age_s": 2167.0}
[2026-10-01 08:14:44] pid=2356 ACTIVE cpu=82314.7s(+59.6s) ws=880MB hb={"stage": "certified_ldlt:start", "ts": "2026-10-01 07:37:37", "age_s": 2227.0}
[2026-10-01 08:15:44] pid=2356 ACTIVE cpu=82374.5s(+59.8s) ws=909MB hb={"stage": "certified_ldlt:start", "ts": "2026-10-01 07:37:37", "age_s": 2287.0}
[2026-10-01 08:16:44] pid=2356 ACTIVE cpu=82434.1s(+59.6s) ws=899MB hb={"stage": "certified_ldlt:start", "ts": "2026-10-01 07:37:37", "age_s": 2347.0}
[2026-10-01 08:17:44] pid=2356 ACTIVE cpu=82493.7s(+59.6s) ws=929MB hb={"stage": "certified_ldlt:start", "ts": "2026-10-01 07:37:37", "age_s": 2407.0}
[2026-10-01 08:18:44] pid=2356 ACTIVE cpu=82553.3s(+59.6s) ws=919MB hb={"stage": "certified_ldlt:start", "ts": "2026-10-01 07:37:37", "age_s": 2467.0}
[2026-10-01 08:19:44] pid=2356 ACTIVE cpu=82612.8s(+59.6s) ws=948MB hb={"stage": "certified_ldlt:start", "ts": "2026-10-01 07:37:37", "age_s": 2527.0}
[2026-10-01 08:20:44] pid=2356 ACTIVE cpu=82672.5s(+59.6s) ws=939MB hb={"stage": "certified_ldlt:start", "ts": "2026-10-01 07:37:37", "age_s": 2587.0}
[2026-10-01 08:21:44] pid=2356 ACTIVE cpu=82731.7s(+59.3s) ws=932MB hb={"stage": "certified_ldlt:start", "ts": "2026-10-01 07:37:37", "age_s": 2647.0}
[2026-10-01 08:22:44] pid=2356 ACTIVE cpu=82791.3s(+59.6s) ws=959MB hb={"stage": "certified_ldlt:start", "ts": "2026-10-01 07:37:37", "age_s": 2707.0}
[2026-10-01 08:23:44] pid=2356 ACTIVE cpu=82851.0s(+59.7s) ws=951MB hb={"stage": "certified_ldlt:start", "ts": "2026-10-01 07:37:37", "age_s": 2767.0}
[2026-10-01 08:24:44] pid=2356 ACTIVE cpu=82910.6s(+59.6s) ws=979MB hb={"stage": "certified_ldlt:start", "ts": "2026-10-01 07:37:37", "age_s": 2827.0}
[2026-10-01 08:25:44] pid=2356 ACTIVE cpu=82970.0s(+59.4s) ws=971MB hb={"stage": "certified_ldlt:start", "ts": "2026-10-01 07:37:37", "age_s": 2887.0}
[2026-10-01 08:26:44] pid=2356 ACTIVE cpu=83029.5s(+59.5s) ws=999MB hb={"stage": "certified_ldlt:start", "ts": "2026-10-01 07:37:37", "age_s": 2947.0}
[2026-10-01 08:27:44] pid=2356 ACTIVE cpu=83089.0s(+59.5s) ws=990MB hb={"stage": "certified_ldlt:start", "ts": "2026-10-01 07:37:37", "age_s": 3007.0}
[2026-10-01 08:28:44] pid=2356 ACTIVE cpu=83148.7s(+59.8s) ws=983MB hb={"stage": "certified_ldlt:start", "ts": "2026-10-01 07:37:37", "age_s": 3067.0}
[2026-10-01 08:29:44] pid=2356 ACTIVE cpu=83208.4s(+59.6s) ws=1008MB hb={"stage": "certified_ldlt:start", "ts": "2026-10-01 07:37:37", "age_s": 3127.0}
[2026-10-01 08:30:44] pid=2356 ACTIVE cpu=83268.0s(+59.6s) ws=1001MB hb={"stage": "certified_ldlt:start", "ts": "2026-10-01 07:37:37", "age_s": 3187.0}
[2026-10-01 08:31:44] pid=2356 ACTIVE cpu=83327.7s(+59.7s) ws=1027MB hb={"stage": "certified_ldlt:start", "ts": "2026-10-01 07:37:37", "age_s": 3247.0}
[2026-10-01 08:32:44] pid=2356 ACTIVE cpu=83387.3s(+59.6s) ws=1020MB hb={"stage": "certified_ldlt:start", "ts": "2026-10-01 07:37:37", "age_s": 3307.0}
[2026-10-01 08:33:44] pid=2356 ACTIVE cpu=83446.7s(+59.4s) ws=1044MB hb={"stage": "certified_ldlt:start", "ts": "2026-10-01 07:37:37", "age_s": 3367.0}
[2026-10-01 08:34:44] pid=2356 ACTIVE cpu=83506.5s(+59.7s) ws=1037MB hb={"stage": "certified_ldlt:start", "ts": "2026-10-01 07:37:37", "age_s": 3427.0}
[2026-10-01 08:35:44] pid=2356 ACTIVE cpu=83566.1s(+59.6s) ws=1029MB hb={"stage": "certified_ldlt:start", "ts": "2026-10-01 07:37:37", "age_s": 3487.0}
[2026-10-01 08:36:44] pid=2356 ACTIVE cpu=83625.5s(+59.4s) ws=1053MB hb={"stage": "certified_ldlt:start", "ts": "2026-10-01 07:37:37", "age_s": 3547.0}
[2026-10-01 08:37:44] pid=2356 ACTIVE cpu=83682.7s(+57.2s) ws=1045MB hb={"stage": "certified_ldlt:start", "ts": "2026-10-01 07:37:37", "age_s": 3607.0}
[2026-10-01 08:38:44] pid=2356 ACTIVE cpu=83742.2s(+59.5s) ws=1068MB hb={"stage": "certified_ldlt:start", "ts": "2026-10-01 07:37:37", "age_s": 3667.0}
[2026-10-01 08:39:44] pid=2356 ACTIVE cpu=83801.4s(+59.2s) ws=1058MB hb={"stage": "certified_ldlt:start", "ts": "2026-10-01 07:37:37", "age_s": 3727.0}
[2026-10-01 08:40:44] pid=2356 ACTIVE cpu=83860.8s(+59.5s) ws=1082MB hb={"stage": "certified_ldlt:start", "ts": "2026-10-01 07:37:37", "age_s": 3787.0}
[2026-10-01 08:41:44] pid=2356 ACTIVE cpu=83920.1s(+59.3s) ws=1106MB hb={"stage": "certified_ldlt:start", "ts": "2026-10-01 07:37:37", "age_s": 3847.0}
[2026-10-01 08:42:44] pid=2356 ACTIVE cpu=83976.2s(+56.1s) ws=1098MB hb={"stage": "certified_ldlt:start", "ts": "2026-10-01 07:37:37", "age_s": 3907.0}
[2026-10-01 08:43:44] pid=2356 ACTIVE cpu=84031.3s(+55.0s) ws=1119MB hb={"stage": "certified_ldlt:start", "ts": "2026-10-01 07:37:37", "age_s": 3967.0}
[2026-10-01 08:44:44] pid=2356 ACTIVE cpu=84087.9s(+56.6s) ws=1140MB hb={"stage": "certified_ldlt:start", "ts": "2026-10-01 07:37:37", "age_s": 4027.0}
[2026-10-01 08:45:44] pid=2356 ACTIVE cpu=84143.2s(+55.3s) ws=1161MB hb={"stage": "certified_ldlt:start", "ts": "2026-10-01 07:37:37", "age_s": 4087.1}
[2026-10-01 08:46:44] pid=2356 ACTIVE cpu=84195.4s(+52.2s) ws=1179MB hb={"stage": "certified_ldlt:start", "ts": "2026-10-01 07:37:37", "age_s": 4147.1}
[2026-10-01 08:47:44] pid=2356 ACTIVE cpu=84251.6s(+56.2s) ws=1199MB hb={"stage": "certified_ldlt:start", "ts": "2026-10-01 07:37:37", "age_s": 4207.1}
[2026-10-01 08:48:44] pid=2356 ACTIVE cpu=84311.0s(+59.4s) ws=1173MB hb={"stage": "certified_ldlt:start", "ts": "2026-10-01 07:37:37", "age_s": 4267.1}
[2026-10-01 08:49:44] pid=2356 ACTIVE cpu=84369.0s(+58.1s) ws=1194MB hb={"stage": "certified_ldlt:start", "ts": "2026-10-01 07:37:37", "age_s": 4327.1}
[2026-10-01 08:50:44] pid=2356 ACTIVE cpu=84427.1s(+58.1s) ws=1216MB hb={"stage": "certified_ldlt:start", "ts": "2026-10-01 07:37:37", "age_s": 4387.1}
[2026-10-01 08:51:44] pid=2356 ACTIVE cpu=84485.8s(+58.6s) ws=1237MB hb={"stage": "certified_ldlt:start", "ts": "2026-10-01 07:37:37", "age_s": 4447.1}
[2026-10-01 08:52:44] pid=2356 ACTIVE cpu=84543.8s(+58.0s) ws=1258MB hb={"stage": "certified_ldlt:start", "ts": "2026-10-01 07:37:37", "age_s": 4507.1}
[2026-10-01 08:53:44] pid=2356 ACTIVE cpu=84602.7s(+58.8s) ws=1231MB hb={"stage": "certified_ldlt:start", "ts": "2026-10-01 07:37:37", "age_s": 4567.1}
[2026-10-01 08:54:44] pid=2356 ACTIVE cpu=84661.7s(+59.0s) ws=1220MB hb={"stage": "certified_ldlt:start", "ts": "2026-10-01 07:37:37", "age_s": 4627.1}
[2026-10-01 08:55:44] pid=2356 ACTIVE cpu=84711.0s(+49.4s) ws=1233MB hb={"stage": "certified_ldlt:start", "ts": "2026-10-01 07:37:37", "age_s": 4687.1}
[2026-10-01 08:56:44] pid=2356 ACTIVE cpu=84765.9s(+54.8s) ws=1248MB hb={"stage": "certified_ldlt:start", "ts": "2026-10-01 07:37:37", "age_s": 4747.1}
[2026-10-01 08:57:44] pid=2356 ACTIVE cpu=84821.8s(+56.0s) ws=1263MB hb={"stage": "certified_ldlt:start", "ts": "2026-10-01 07:37:37", "age_s": 4807.1}
[2026-10-01 08:58:44] pid=2356 ACTIVE cpu=84877.5s(+55.7s) ws=1278MB hb={"stage": "certified_ldlt:start", "ts": "2026-10-01 07:37:37", "age_s": 4867.1}
[2026-10-01 08:59:44] pid=2356 ACTIVE cpu=84934.0s(+56.5s) ws=1209MB hb={"stage": "certified_ldlt:start", "ts": "2026-10-01 07:37:37", "age_s": 4927.1}
[2026-10-01 09:00:44] pid=2356 ACTIVE cpu=84991.9s(+57.9s) ws=1226MB hb={"stage": "certified_ldlt:start", "ts": "2026-10-01 07:37:37", "age_s": 4987.1}
[2026-10-01 09:01:44] pid=2356 ACTIVE cpu=85048.3s(+56.4s) ws=1243MB hb={"stage": "certified_ldlt:start", "ts": "2026-10-01 07:37:37", "age_s": 5047.1}
[2026-10-01 09:02:44] pid=2356 ACTIVE cpu=85102.6s(+54.4s) ws=1258MB hb={"stage": "certified_ldlt:start", "ts": "2026-10-01 07:37:37", "age_s": 5107.1}
[2026-10-01 09:03:44] pid=2356 ACTIVE cpu=85160.7s(+58.1s) ws=1274MB hb={"stage": "certified_ldlt:start", "ts": "2026-10-01 07:37:37", "age_s": 5167.1}
[2026-10-01 09:04:44] pid=2356 ACTIVE cpu=85215.4s(+54.7s) ws=1290MB hb={"stage": "certified_ldlt:start", "ts": "2026-10-01 07:37:37", "age_s": 5227.1}
[2026-10-01 09:05:44] pid=2356 ACTIVE cpu=85269.2s(+53.8s) ws=1238MB hb={"stage": "certified_ldlt:start", "ts": "2026-10-01 07:37:37", "age_s": 5287.1}
[2026-10-01 09:06:44] pid=2356 ACTIVE cpu=85326.4s(+57.2s) ws=1255MB hb={"stage": "certified_ldlt:start", "ts": "2026-10-01 07:37:37", "age_s": 5347.1}
[2026-10-01 09:07:44] pid=2356 ACTIVE cpu=85384.0s(+57.5s) ws=1270MB hb={"stage": "certified_ldlt:start", "ts": "2026-10-01 07:37:37", "age_s": 5407.1}
[2026-10-01 09:08:44] pid=2356 ACTIVE cpu=85440.1s(+56.2s) ws=1285MB hb={"stage": "certified_ldlt:start", "ts": "2026-10-01 07:37:37", "age_s": 5467.1}
[2026-10-01 09:09:44] pid=2356 ACTIVE cpu=85497.4s(+57.3s) ws=1302MB hb={"stage": "certified_ldlt:start", "ts": "2026-10-01 07:37:37", "age_s": 5527.1}
[2026-10-01 09:10:44] pid=2356 ACTIVE cpu=85554.4s(+57.0s) ws=1316MB hb={"stage": "certified_ldlt:start", "ts": "2026-10-01 07:37:37", "age_s": 5587.1}
[2026-10-01 09:11:44] pid=2356 ACTIVE cpu=85612.3s(+57.9s) ws=1265MB hb={"stage": "certified_ldlt:start", "ts": "2026-10-01 07:37:37", "age_s": 5647.1}
[2026-10-01 09:12:44] pid=2356 ACTIVE cpu=85669.4s(+57.1s) ws=1281MB hb={"stage": "certified_ldlt:start", "ts": "2026-10-01 07:37:37", "age_s": 5707.1}
[2026-10-01 09:13:44] pid=2356 ACTIVE cpu=85726.5s(+57.1s) ws=1297MB hb={"stage": "certified_ldlt:start", "ts": "2026-10-01 07:37:37", "age_s": 5767.1}
[2026-10-01 09:14:44] pid=2356 ACTIVE cpu=85786.0s(+59.5s) ws=1315MB hb={"stage": "certified_ldlt:start", "ts": "2026-10-01 07:37:37", "age_s": 5827.1}
[2026-10-01 09:15:44] pid=2356 ACTIVE cpu=85845.6s(+59.6s) ws=1332MB hb={"stage": "certified_ldlt:start", "ts": "2026-10-01 07:37:37", "age_s": 5887.1}
[2026-10-01 09:16:44] pid=2356 ACTIVE cpu=85905.0s(+59.4s) ws=1350MB hb={"stage": "certified_ldlt:start", "ts": "2026-10-01 07:37:37", "age_s": 5947.1}
[2026-10-01 09:17:44] pid=2356 ACTIVE cpu=85964.4s(+59.4s) ws=1301MB hb={"stage": "certified_ldlt:start", "ts": "2026-10-01 07:37:37", "age_s": 6007.1}
[2026-10-01 09:18:44] pid=2356 ACTIVE cpu=86023.8s(+59.5s) ws=1319MB hb={"stage": "certified_ldlt:start", "ts": "2026-10-01 07:37:37", "age_s": 6067.1}
[2026-10-01 09:19:44] pid=2356 ACTIVE cpu=86083.5s(+59.7s) ws=1336MB hb={"stage": "certified_ldlt:start", "ts": "2026-10-01 07:37:37", "age_s": 6127.1}
[2026-10-01 09:20:44] pid=2356 ACTIVE cpu=86143.1s(+59.6s) ws=1352MB hb={"stage": "certified_ldlt:start", "ts": "2026-10-01 07:37:37", "age_s": 6187.1}
[2026-10-01 09:21:44] pid=2356 ACTIVE cpu=86202.5s(+59.4s) ws=1291MB hb={"stage": "certified_ldlt:start", "ts": "2026-10-01 07:37:37", "age_s": 6247.1}
[2026-10-01 09:22:44] pid=2356 ACTIVE cpu=86261.8s(+59.3s) ws=1302MB hb={"stage": "certified_ldlt:start", "ts": "2026-10-01 07:37:37", "age_s": 6307.1}
[2026-10-01 09:23:44] pid=2356 ACTIVE cpu=86321.4s(+59.5s) ws=1265MB hb={"stage": "certified_ldlt:start", "ts": "2026-10-01 07:37:37", "age_s": 6367.1}
[2026-10-01 09:24:44] pid=2356 ACTIVE cpu=86377.8s(+56.4s) ws=1280MB hb={"stage": "certified_ldlt:start", "ts": "2026-10-01 07:37:37", "age_s": 6427.1}
[2026-10-01 09:25:44] pid=2356 ACTIVE cpu=86437.1s(+59.3s) ws=1274MB hb={"stage": "certified_ldlt:start", "ts": "2026-10-01 07:37:37", "age_s": 6487.1}
[2026-10-01 09:26:44] pid=2356 ACTIVE cpu=86496.2s(+59.1s) ws=1291MB hb={"stage": "certified_ldlt:start", "ts": "2026-10-01 07:37:37", "age_s": 6547.1}
[2026-10-01 09:27:44] pid=2356 ACTIVE cpu=86554.8s(+58.6s) ws=1309MB hb={"stage": "certified_ldlt:start", "ts": "2026-10-01 07:37:37", "age_s": 6607.1}
[2026-10-01 09:28:44] pid=2356 ACTIVE cpu=86610.0s(+55.2s) ws=1324MB hb={"stage": "certified_ldlt:start", "ts": "2026-10-01 07:37:37", "age_s": 6667.1}
[2026-10-01 09:29:44] pid=2356 ACTIVE cpu=86668.9s(+58.9s) ws=1320MB hb={"stage": "certified_ldlt:start", "ts": "2026-10-01 07:37:37", "age_s": 6727.1}
[2026-10-01 09:30:44] pid=2356 ACTIVE cpu=86726.7s(+57.7s) ws=1336MB hb={"stage": "certified_ldlt:start", "ts": "2026-10-01 07:37:37", "age_s": 6787.1}
[2026-10-01 09:31:44] pid=2356 ACTIVE cpu=86781.8s(+55.1s) ws=1351MB hb={"stage": "certified_ldlt:start", "ts": "2026-10-01 07:37:37", "age_s": 6847.1}
[2026-10-01 09:32:44] pid=2356 ACTIVE cpu=86838.7s(+56.9s) ws=1366MB hb={"stage": "certified_ldlt:start", "ts": "2026-10-01 07:37:37", "age_s": 6907.1}
[2026-10-01 09:33:44] pid=2356 ACTIVE cpu=86894.9s(+56.2s) ws=1381MB hb={"stage": "certified_ldlt:start", "ts": "2026-10-01 07:37:37", "age_s": 6967.2}
[2026-10-01 09:34:44] pid=2356 ACTIVE cpu=86952.2s(+57.3s) ws=1382MB hb={"stage": "certified_ldlt:start", "ts": "2026-10-01 07:37:37", "age_s": 7027.2}
[2026-10-01 09:35:44] pid=2356 ACTIVE cpu=87005.4s(+53.2s) ws=1355MB hb={"stage": "certified_ldlt:start", "ts": "2026-10-01 07:37:37", "age_s": 7087.2}
[2026-10-01 09:36:44] pid=2356 ACTIVE cpu=87062.7s(+57.3s) ws=1368MB hb={"stage": "certified_ldlt:start", "ts": "2026-10-01 07:37:37", "age_s": 7147.2}
[2026-10-01 09:37:44] pid=2356 ACTIVE cpu=87119.9s(+57.2s) ws=1381MB hb={"stage": "certified_ldlt:start", "ts": "2026-10-01 07:37:37", "age_s": 7207.2}
[2026-10-01 09:38:44] pid=2356 ACTIVE cpu=87173.4s(+53.5s) ws=1392MB hb={"stage": "certified_ldlt:start", "ts": "2026-10-01 07:37:37", "age_s": 7267.2}
[2026-10-01 09:39:44] pid=2356 ACTIVE cpu=87231.0s(+57.6s) ws=1405MB hb={"stage": "certified_ldlt:start", "ts": "2026-10-01 07:37:37", "age_s": 7327.2}
[2026-10-01 09:40:44] pid=2356 ACTIVE cpu=87288.8s(+57.8s) ws=1361MB hb={"stage": "certified_ldlt:start", "ts": "2026-10-01 07:37:37", "age_s": 7387.2}
[2026-10-01 09:41:44] pid=2356 ACTIVE cpu=87346.9s(+58.0s) ws=1375MB hb={"stage": "certified_ldlt:start", "ts": "2026-10-01 07:37:37", "age_s": 7447.2}
[2026-10-01 09:42:44] pid=2356 ACTIVE cpu=87403.1s(+56.2s) ws=1387MB hb={"stage": "certified_ldlt:start", "ts": "2026-10-01 07:37:37", "age_s": 7507.2}
[2026-10-01 09:43:44] pid=2356 ACTIVE cpu=87460.0s(+56.9s) ws=1400MB hb={"stage": "certified_ldlt:start", "ts": "2026-10-01 07:37:37", "age_s": 7567.2}
[2026-10-01 09:44:44] pid=2356 ACTIVE cpu=87518.6s(+58.6s) ws=1414MB hb={"stage": "certified_ldlt:start", "ts": "2026-10-01 07:37:37", "age_s": 7627.2}
[2026-10-01 09:45:44] pid=2356 ACTIVE cpu=87577.0s(+58.5s) ws=1427MB hb={"stage": "certified_ldlt:start", "ts": "2026-10-01 07:37:37", "age_s": 7687.2}
[2026-10-01 09:46:44] pid=2356 ACTIVE cpu=87635.7s(+58.6s) ws=1387MB hb={"stage": "certified_ldlt:start", "ts": "2026-10-01 07:37:37", "age_s": 7747.2}
[2026-10-01 09:47:44] pid=2356 ACTIVE cpu=87695.0s(+59.3s) ws=1401MB hb={"stage": "certified_ldlt:start", "ts": "2026-10-01 07:37:37", "age_s": 7807.2}
[2026-10-01 09:48:44] pid=2356 ACTIVE cpu=87754.2s(+59.2s) ws=1414MB hb={"stage": "certified_ldlt:start", "ts": "2026-10-01 07:37:37", "age_s": 7867.2}
[2026-10-01 09:49:44] pid=2356 ACTIVE cpu=87813.7s(+59.4s) ws=1429MB hb={"stage": "certified_ldlt:start", "ts": "2026-10-01 07:37:37", "age_s": 7927.3}
[2026-10-01 09:50:44] pid=2356 ACTIVE cpu=87873.0s(+59.4s) ws=1443MB hb={"stage": "certified_ldlt:start", "ts": "2026-10-01 07:37:37", "age_s": 7987.3}
[2026-10-01 09:51:44] pid=2356 ACTIVE cpu=87929.9s(+56.9s) ws=1455MB hb={"stage": "certified_ldlt:start", "ts": "2026-10-01 07:37:37", "age_s": 8047.3}
[2026-10-01 09:52:44] pid=2356 ACTIVE cpu=87988.9s(+59.0s) ws=1411MB hb={"stage": "certified_ldlt:start", "ts": "2026-10-01 07:37:37", "age_s": 8107.3}
[2026-10-01 09:53:44] pid=2356 ACTIVE cpu=88047.9s(+59.0s) ws=1424MB hb={"stage": "certified_ldlt:start", "ts": "2026-10-01 07:37:37", "age_s": 8167.3}
[2026-10-01 09:54:44] pid=2356 ACTIVE cpu=88105.3s(+57.4s) ws=1437MB hb={"stage": "certified_ldlt:start", "ts": "2026-10-01 07:37:37", "age_s": 8227.3}
[2026-10-01 09:55:44] pid=2356 ACTIVE cpu=88160.6s(+55.3s) ws=1448MB hb={"stage": "certified_ldlt:start", "ts": "2026-10-01 07:37:37", "age_s": 8287.3}
[2026-10-01 09:56:44] pid=2356 ACTIVE cpu=88216.0s(+55.3s) ws=1459MB hb={"stage": "certified_ldlt:start", "ts": "2026-10-01 07:37:37", "age_s": 8347.3}
[2026-10-01 09:57:44] pid=2356 ACTIVE cpu=88273.8s(+57.8s) ws=1426MB hb={"stage": "certified_ldlt:start", "ts": "2026-10-01 07:37:37", "age_s": 8407.3}
[2026-10-01 09:58:44] pid=2356 ACTIVE cpu=88331.0s(+57.2s) ws=1423MB hb={"stage": "certified_ldlt:start", "ts": "2026-10-01 07:37:37", "age_s": 8467.3}
[2026-10-01 09:59:44] pid=2356 ACTIVE cpu=88386.5s(+55.6s) ws=1434MB hb={"stage": "certified_ldlt:start", "ts": "2026-10-01 07:37:37", "age_s": 8527.3}
[2026-10-01 10:00:44] pid=2356 ACTIVE cpu=88441.6s(+55.0s) ws=1432MB hb={"stage": "certified_ldlt:start", "ts": "2026-10-01 07:37:37", "age_s": 8587.3}
[2026-10-01 10:01:44] pid=2356 ACTIVE cpu=88496.8s(+55.2s) ws=1444MB hb={"stage": "certified_ldlt:start", "ts": "2026-10-01 07:37:37", "age_s": 8647.3}
[2026-10-01 10:02:44] pid=2356 ACTIVE cpu=88554.8s(+58.0s) ws=1456MB hb={"stage": "certified_ldlt:start", "ts": "2026-10-01 07:37:37", "age_s": 8707.3}
[2026-10-01 10:03:44] pid=2356 ACTIVE cpu=88612.8s(+58.0s) ws=1413MB hb={"stage": "certified_ldlt:start", "ts": "2026-10-01 07:37:37", "age_s": 8767.3}
[2026-10-01 10:04:44] pid=2356 ACTIVE cpu=88670.8s(+58.0s) ws=1424MB hb={"stage": "certified_ldlt:start", "ts": "2026-10-01 07:37:37", "age_s": 8827.3}
[2026-10-01 10:05:44] pid=2356 ACTIVE cpu=88728.8s(+58.0s) ws=1436MB hb={"stage": "certified_ldlt:start", "ts": "2026-10-01 07:37:37", "age_s": 8887.3}
[2026-10-01 10:06:44] pid=2356 ACTIVE cpu=88785.4s(+56.6s) ws=1448MB hb={"stage": "certified_ldlt:start", "ts": "2026-10-01 07:37:37", "age_s": 8947.3}
[2026-10-01 10:07:44] pid=2356 ACTIVE cpu=88842.5s(+57.0s) ws=1459MB hb={"stage": "certified_ldlt:start", "ts": "2026-10-01 07:37:37", "age_s": 9007.3}
[2026-10-01 10:08:44] pid=2356 ACTIVE cpu=88895.0s(+52.5s) ws=1471MB hb={"stage": "certified_ldlt:start", "ts": "2026-10-01 07:37:37", "age_s": 9067.3}
[2026-10-01 10:09:44] pid=2356 ACTIVE cpu=88947.1s(+52.1s) ws=1429MB hb={"stage": "certified_ldlt:start", "ts": "2026-10-01 07:37:37", "age_s": 9127.3}
[2026-10-01 10:10:44] pid=2356 ACTIVE cpu=89002.5s(+55.5s) ws=1439MB hb={"stage": "certified_ldlt:start", "ts": "2026-10-01 07:37:37", "age_s": 9187.3}
[2026-10-01 10:11:44] pid=2356 ACTIVE cpu=89059.8s(+57.2s) ws=1451MB hb={"stage": "certified_ldlt:start", "ts": "2026-10-01 07:37:37", "age_s": 9247.3}
[2026-10-01 10:12:44] pid=2356 ACTIVE cpu=89117.2s(+57.4s) ws=1462MB hb={"stage": "certified_ldlt:start", "ts": "2026-10-01 07:37:37", "age_s": 9307.3}
[2026-10-01 10:13:44] pid=2356 ACTIVE cpu=89172.7s(+55.5s) ws=1473MB hb={"stage": "certified_ldlt:start", "ts": "2026-10-01 07:37:37", "age_s": 9367.3}
[2026-10-01 10:14:44] pid=2356 ACTIVE cpu=89228.0s(+55.3s) ws=1479MB hb={"stage": "certified_ldlt:start", "ts": "2026-10-01 07:37:37", "age_s": 9427.3}
[2026-10-01 10:15:44] pid=2356 ACTIVE cpu=89285.2s(+57.2s) ws=1447MB hb={"stage": "certified_ldlt:start", "ts": "2026-10-01 07:37:37", "age_s": 9487.3}
[2026-10-01 10:16:44] pid=2356 ACTIVE cpu=89341.5s(+56.2s) ws=1459MB hb={"stage": "certified_ldlt:start", "ts": "2026-10-01 07:37:37", "age_s": 9547.3}
[2026-10-01 10:17:44] pid=2356 ACTIVE cpu=89397.2s(+55.8s) ws=1469MB hb={"stage": "certified_ldlt:start", "ts": "2026-10-01 07:37:37", "age_s": 9607.3}
[2026-10-01 10:18:44] pid=2356 ACTIVE cpu=89452.1s(+54.9s) ws=1480MB hb={"stage": "certified_ldlt:start", "ts": "2026-10-01 07:37:37", "age_s": 9667.3}
[2026-10-01 10:19:44] pid=2356 ACTIVE cpu=89506.5s(+54.3s) ws=1491MB hb={"stage": "certified_ldlt:start", "ts": "2026-10-01 07:37:37", "age_s": 9727.3}
[2026-10-01 10:20:44] pid=2356 ACTIVE cpu=89564.5s(+58.0s) ws=1452MB hb={"stage": "certified_ldlt:start", "ts": "2026-10-01 07:37:37", "age_s": 9787.3}
[2026-10-01 10:21:44] pid=2356 ACTIVE cpu=89621.8s(+57.3s) ws=1463MB hb={"stage": "certified_ldlt:start", "ts": "2026-10-01 07:37:37", "age_s": 9847.3}
[2026-10-01 10:22:44] pid=2356 ACTIVE cpu=89679.2s(+57.4s) ws=1474MB hb={"stage": "certified_ldlt:start", "ts": "2026-10-01 07:37:37", "age_s": 9907.3}
[2026-10-01 10:23:44] pid=2356 ACTIVE cpu=89734.8s(+55.7s) ws=1482MB hb={"stage": "certified_ldlt:start", "ts": "2026-10-01 07:37:37", "age_s": 9967.3}
[2026-10-01 10:24:44] pid=2356 ACTIVE cpu=89792.1s(+57.3s) ws=1493MB hb={"stage": "certified_ldlt:start", "ts": "2026-10-01 07:37:37", "age_s": 10027.3}
[2026-10-01 10:25:44] pid=2356 ACTIVE cpu=89849.3s(+57.2s) ws=1503MB hb={"stage": "certified_ldlt:start", "ts": "2026-10-01 07:37:37", "age_s": 10087.3}
[2026-10-01 10:26:44] pid=2356 ACTIVE cpu=89905.9s(+56.6s) ws=1462MB hb={"stage": "certified_ldlt:start", "ts": "2026-10-01 07:37:37", "age_s": 10147.3}
[2026-10-01 10:27:44] pid=2356 ACTIVE cpu=89961.5s(+55.7s) ws=1473MB hb={"stage": "certified_ldlt:start", "ts": "2026-10-01 07:37:37", "age_s": 10207.3}
[2026-10-01 10:28:44] pid=2356 ACTIVE cpu=90018.6s(+57.1s) ws=1484MB hb={"stage": "certified_ldlt:start", "ts": "2026-10-01 07:37:37", "age_s": 10267.3}
[2026-10-01 10:29:44] pid=2356 ACTIVE cpu=90076.5s(+57.8s) ws=1494MB hb={"stage": "certified_ldlt:start", "ts": "2026-10-01 07:37:37", "age_s": 10327.3}
[2026-10-01 10:30:44] pid=2356 ACTIVE cpu=90134.1s(+57.6s) ws=1505MB hb={"stage": "certified_ldlt:start", "ts": "2026-10-01 07:37:37", "age_s": 10387.3}
[2026-10-01 10:31:44] pid=2356 ACTIVE cpu=90191.2s(+57.2s) ws=1515MB hb={"stage": "certified_ldlt:start", "ts": "2026-10-01 07:37:37", "age_s": 10447.3}
[2026-10-01 10:32:44] pid=2356 ACTIVE cpu=90247.7s(+56.4s) ws=1477MB hb={"stage": "certified_ldlt:start", "ts": "2026-10-01 07:37:37", "age_s": 10507.3}
[2026-10-01 10:33:44] pid=2356 ACTIVE cpu=90304.1s(+56.4s) ws=1486MB hb={"stage": "certified_ldlt:start", "ts": "2026-10-01 07:37:37", "age_s": 10567.3}
[2026-10-01 10:34:44] pid=2356 ACTIVE cpu=90361.3s(+57.2s) ws=1496MB hb={"stage": "certified_ldlt:start", "ts": "2026-10-01 07:37:37", "age_s": 10627.3}
[2026-10-01 10:35:44] pid=2356 ACTIVE cpu=90418.0s(+56.7s) ws=1506MB hb={"stage": "certified_ldlt:start", "ts": "2026-10-01 07:37:37", "age_s": 10687.3}
[2026-10-01 10:36:44] pid=2356 ACTIVE cpu=90470.2s(+52.2s) ws=1512MB hb={"stage": "certified_ldlt:start", "ts": "2026-10-01 07:37:37", "age_s": 10747.3}
[2026-10-01 10:37:44] pid=2356 ACTIVE cpu=90521.3s(+51.1s) ws=1473MB hb={"stage": "certified_ldlt:start", "ts": "2026-10-01 07:37:37", "age_s": 10807.3}
[2026-10-01 10:38:44] pid=2356 ACTIVE cpu=90572.7s(+51.4s) ws=1478MB hb={"stage": "certified_ldlt:start", "ts": "2026-10-01 07:37:37", "age_s": 10867.3}
[2026-10-01 10:39:44] pid=2356 ACTIVE cpu=90622.7s(+50.0s) ws=1487MB hb={"stage": "certified_ldlt:start", "ts": "2026-10-01 07:37:37", "age_s": 10927.3}
[2026-10-01 10:40:44] pid=2356 ACTIVE cpu=90679.7s(+57.0s) ws=1494MB hb={"stage": "certified_ldlt:start", "ts": "2026-10-01 07:37:37", "age_s": 10987.4}
[2026-10-01 10:41:44] pid=2356 ACTIVE cpu=90737.1s(+57.4s) ws=1505MB hb={"stage": "certified_ldlt:start", "ts": "2026-10-01 07:37:37", "age_s": 11047.4}
[2026-10-01 10:42:44] pid=2356 ACTIVE cpu=90794.1s(+57.0s) ws=1515MB hb={"stage": "certified_ldlt:start", "ts": "2026-10-01 07:37:37", "age_s": 11107.4}
[2026-10-01 10:43:44] pid=2356 ACTIVE cpu=90851.5s(+57.4s) ws=1483MB hb={"stage": "certified_ldlt:start", "ts": "2026-10-01 07:37:37", "age_s": 11167.4}
[2026-10-01 10:44:44] pid=2356 ACTIVE cpu=90908.0s(+56.6s) ws=1493MB hb={"stage": "certified_ldlt:start", "ts": "2026-10-01 07:37:37", "age_s": 11227.4}
[2026-10-01 10:45:44] pid=2356 ACTIVE cpu=90964.0s(+56.0s) ws=1503MB hb={"stage": "certified_ldlt:start", "ts": "2026-10-01 07:37:37", "age_s": 11287.4}
[2026-10-01 10:46:44] pid=2356 ACTIVE cpu=91019.3s(+55.3s) ws=1511MB hb={"stage": "certified_ldlt:start", "ts": "2026-10-01 07:37:37", "age_s": 11347.4}
[2026-10-01 10:47:44] pid=2356 ACTIVE cpu=91075.3s(+56.0s) ws=1520MB hb={"stage": "certified_ldlt:start", "ts": "2026-10-01 07:37:37", "age_s": 11407.4}
[2026-10-01 10:48:44] pid=2356 ACTIVE cpu=91132.5s(+57.2s) ws=1529MB hb={"stage": "certified_ldlt:start", "ts": "2026-10-01 07:37:37", "age_s": 11467.4}
[2026-10-01 10:49:44] pid=2356 ACTIVE cpu=91189.6s(+57.1s) ws=1500MB hb={"stage": "certified_ldlt:start", "ts": "2026-10-01 07:37:37", "age_s": 11527.4}
[2026-10-01 10:50:44] pid=2356 ACTIVE cpu=91247.3s(+57.7s) ws=1509MB hb={"stage": "certified_ldlt:start", "ts": "2026-10-01 07:37:37", "age_s": 11587.4}
[2026-10-01 10:51:44] pid=2356 ACTIVE cpu=91302.1s(+54.8s) ws=1516MB hb={"stage": "certified_ldlt:start", "ts": "2026-10-01 07:37:37", "age_s": 11647.4}
[2026-10-01 10:52:44] pid=2356 ACTIVE cpu=91359.4s(+57.2s) ws=1526MB hb={"stage": "certified_ldlt:start", "ts": "2026-10-01 07:37:37", "age_s": 11707.4}
[2026-10-01 10:53:44] pid=2356 ACTIVE cpu=91418.8s(+59.4s) ws=1536MB hb={"stage": "certified_ldlt:start", "ts": "2026-10-01 07:37:37", "age_s": 11767.4}
[2026-10-01 10:54:44] pid=2356 ACTIVE cpu=91477.9s(+59.1s) ws=1502MB hb={"stage": "certified_ldlt:start", "ts": "2026-10-01 07:37:37", "age_s": 11827.4}
[2026-10-01 10:55:44] pid=2356 ACTIVE cpu=91536.9s(+59.0s) ws=1512MB hb={"stage": "certified_ldlt:start", "ts": "2026-10-01 07:37:37", "age_s": 11887.4}
[2026-10-01 10:56:44] pid=2356 ACTIVE cpu=91592.1s(+55.2s) ws=1521MB hb={"stage": "certified_ldlt:start", "ts": "2026-10-01 07:37:37", "age_s": 11947.4}
[2026-10-01 10:57:44] pid=2356 ACTIVE cpu=91648.2s(+56.1s) ws=1530MB hb={"stage": "certified_ldlt:start", "ts": "2026-10-01 07:37:37", "age_s": 12007.4}
[2026-10-01 10:58:44] pid=2356 ACTIVE cpu=91701.1s(+52.9s) ws=1539MB hb={"stage": "certified_ldlt:start", "ts": "2026-10-01 07:37:37", "age_s": 12067.4}
[2026-10-01 10:59:44] pid=2356 ACTIVE cpu=91754.7s(+53.6s) ws=1545MB hb={"stage": "certified_ldlt:start", "ts": "2026-10-01 07:37:37", "age_s": 12127.4}
[2026-10-01 11:00:44] pid=2356 ACTIVE cpu=91811.7s(+57.0s) ws=1509MB hb={"stage": "certified_ldlt:start", "ts": "2026-10-01 07:37:37", "age_s": 12187.4}
[2026-10-01 11:01:44] pid=2356 ACTIVE cpu=91867.9s(+56.2s) ws=1517MB hb={"stage": "certified_ldlt:start", "ts": "2026-10-01 07:37:37", "age_s": 12247.4}
[2026-10-01 11:02:44] pid=2356 ACTIVE cpu=91926.7s(+58.8s) ws=1527MB hb={"stage": "certified_ldlt:start", "ts": "2026-10-01 07:37:37", "age_s": 12307.4}
[2026-10-01 11:03:44] pid=2356 ACTIVE cpu=91984.8s(+58.1s) ws=1536MB hb={"stage": "certified_ldlt:start", "ts": "2026-10-01 07:37:37", "age_s": 12367.4}
[2026-10-01 11:04:44] pid=2356 ACTIVE cpu=92043.8s(+59.0s) ws=1544MB hb={"stage": "certified_ldlt:start", "ts": "2026-10-01 07:37:37", "age_s": 12427.4}
[2026-10-01 11:05:44] pid=2356 ACTIVE cpu=92092.4s(+48.6s) ws=1550MB hb={"stage": "certified_ldlt:start", "ts": "2026-10-01 07:37:37", "age_s": 12487.4}
[2026-10-01 11:06:44] pid=2356 ACTIVE cpu=92150.7s(+58.3s) ws=1518MB hb={"stage": "certified_ldlt:start", "ts": "2026-10-01 07:37:37", "age_s": 12547.5}
[2026-10-01 11:07:44] pid=2356 ACTIVE cpu=92208.2s(+57.4s) ws=1527MB hb={"stage": "certified_ldlt:start", "ts": "2026-10-01 07:37:37", "age_s": 12607.5}
[2026-10-01 11:08:44] pid=2356 ACTIVE cpu=92265.2s(+57.0s) ws=1536MB hb={"stage": "certified_ldlt:start", "ts": "2026-10-01 07:37:37", "age_s": 12667.5}
[2026-10-01 11:09:44] pid=2356 ACTIVE cpu=92322.2s(+57.1s) ws=1540MB hb={"stage": "certified_ldlt:start", "ts": "2026-10-01 07:37:37", "age_s": 12727.5}
[2026-10-01 11:10:44] pid=2356 ACTIVE cpu=92377.7s(+55.5s) ws=1546MB hb={"stage": "certified_ldlt:start", "ts": "2026-10-01 07:37:37", "age_s": 12787.5}
[2026-10-01 11:11:44] pid=2356 ACTIVE cpu=92436.1s(+58.4s) ws=1513MB hb={"stage": "certified_ldlt:start", "ts": "2026-10-01 07:37:37", "age_s": 12847.5}
[2026-10-01 11:12:44] pid=2356 ACTIVE cpu=92495.1s(+59.0s) ws=1522MB hb={"stage": "certified_ldlt:start", "ts": "2026-10-01 07:37:37", "age_s": 12907.5}
[2026-10-01 11:13:44] pid=2356 ACTIVE cpu=92554.4s(+59.3s) ws=1531MB hb={"stage": "certified_ldlt:start", "ts": "2026-10-01 07:37:37", "age_s": 12967.5}
[2026-10-01 11:14:44] pid=2356 ACTIVE cpu=92613.3s(+59.0s) ws=1540MB hb={"stage": "certified_ldlt:start", "ts": "2026-10-01 07:37:37", "age_s": 13027.5}
[2026-10-01 11:15:44] pid=2356 ACTIVE cpu=92668.4s(+55.1s) ws=1548MB hb={"stage": "certified_ldlt:start", "ts": "2026-10-01 07:37:37", "age_s": 13087.5}
[2026-10-01 11:16:44] pid=2356 ACTIVE cpu=92727.7s(+59.3s) ws=1512MB hb={"stage": "certified_ldlt:start", "ts": "2026-10-01 07:37:37", "age_s": 13147.5}
[2026-10-01 11:17:44] pid=2356 ACTIVE cpu=92786.9s(+59.1s) ws=1516MB hb={"stage": "certified_ldlt:start", "ts": "2026-10-01 07:37:37", "age_s": 13207.5}
[2026-10-01 11:18:44] pid=2356 ACTIVE cpu=92846.1s(+59.2s) ws=1486MB hb={"stage": "certified_ldlt:start", "ts": "2026-10-01 07:37:37", "age_s": 13267.5}
[2026-10-01 11:19:44] pid=2356 ACTIVE cpu=92904.6s(+58.4s) ws=1493MB hb={"stage": "certified_ldlt:start", "ts": "2026-10-01 07:37:37", "age_s": 13327.5}
[2026-10-01 11:20:44] pid=2356 ACTIVE cpu=92964.0s(+59.4s) ws=1489MB hb={"stage": "certified_ldlt:start", "ts": "2026-10-01 07:37:37", "age_s": 13387.5}
[2026-10-01 11:21:44] pid=2356 ACTIVE cpu=93023.1s(+59.1s) ws=1501MB hb={"stage": "certified_ldlt:start", "ts": "2026-10-01 07:37:37", "age_s": 13447.5}
[2026-10-01 11:22:44] pid=2356 ACTIVE cpu=93082.5s(+59.4s) ws=1513MB hb={"stage": "certified_ldlt:start", "ts": "2026-10-01 07:37:37", "age_s": 13507.5}
[2026-10-01 11:23:44] pid=2356 ACTIVE cpu=93141.8s(+59.3s) ws=1523MB hb={"stage": "certified_ldlt:start", "ts": "2026-10-01 07:37:37", "age_s": 13567.5}
[2026-10-01 11:24:44] pid=2356 ACTIVE cpu=93201.3s(+59.4s) ws=1521MB hb={"stage": "certified_ldlt:start", "ts": "2026-10-01 07:37:37", "age_s": 13627.5}
[2026-10-01 11:25:44] pid=2356 ACTIVE cpu=93260.5s(+59.2s) ws=1533MB hb={"stage": "certified_ldlt:start", "ts": "2026-10-01 07:37:37", "age_s": 13687.5}
[2026-10-01 11:26:44] pid=2356 ACTIVE cpu=93319.7s(+59.2s) ws=1542MB hb={"stage": "certified_ldlt:start", "ts": "2026-10-01 07:37:37", "age_s": 13747.5}
[2026-10-01 11:27:44] pid=2356 ACTIVE cpu=93378.9s(+59.2s) ws=1552MB hb={"stage": "certified_ldlt:start", "ts": "2026-10-01 07:37:37", "age_s": 13807.5}
[2026-10-01 11:28:44] pid=2356 ACTIVE cpu=93437.7s(+58.8s) ws=1561MB hb={"stage": "certified_ldlt:start", "ts": "2026-10-01 07:37:37", "age_s": 13867.5}
[2026-10-01 11:29:44] pid=2356 ACTIVE cpu=93496.7s(+59.0s) ws=1537MB hb={"stage": "certified_ldlt:start", "ts": "2026-10-01 07:37:37", "age_s": 13927.5}
[2026-10-01 11:30:44] pid=2356 ACTIVE cpu=93555.3s(+58.6s) ws=1545MB hb={"stage": "certified_ldlt:start", "ts": "2026-10-01 07:37:37", "age_s": 13987.5}
[2026-10-01 11:31:44] pid=2356 ACTIVE cpu=93614.3s(+59.0s) ws=1554MB hb={"stage": "certified_ldlt:start", "ts": "2026-10-01 07:37:37", "age_s": 14047.5}
[2026-10-01 11:32:44] pid=2356 ACTIVE cpu=93671.1s(+56.8s) ws=1561MB hb={"stage": "certified_ldlt:start", "ts": "2026-10-01 07:37:37", "age_s": 14107.5}
[2026-10-01 11:33:44] pid=2356 ACTIVE cpu=93727.9s(+56.8s) ws=1569MB hb={"stage": "certified_ldlt:start", "ts": "2026-10-01 07:37:37", "age_s": 14167.5}
[2026-10-01 11:34:44] pid=2356 ACTIVE cpu=93783.9s(+56.0s) ws=1574MB hb={"stage": "certified_ldlt:start", "ts": "2026-10-01 07:37:37", "age_s": 14227.5}
[2026-10-01 11:35:44] pid=2356 ACTIVE cpu=93841.5s(+57.6s) ws=1538MB hb={"stage": "certified_ldlt:start", "ts": "2026-10-01 07:37:37", "age_s": 14287.5}
[2026-10-01 11:36:44] pid=2356 ACTIVE cpu=93897.5s(+56.1s) ws=1546MB hb={"stage": "certified_ldlt:start", "ts": "2026-10-01 07:37:37", "age_s": 14347.5}
[2026-10-01 11:37:44] pid=2356 ACTIVE cpu=93953.3s(+55.8s) ws=1552MB hb={"stage": "certified_ldlt:start", "ts": "2026-10-01 07:37:37", "age_s": 14407.5}
[2026-10-01 11:38:44] pid=2356 ACTIVE cpu=94010.0s(+56.6s) ws=1559MB hb={"stage": "certified_ldlt:start", "ts": "2026-10-01 07:37:37", "age_s": 14467.5}
[2026-10-01 11:39:44] pid=2356 ACTIVE cpu=94066.0s(+56.1s) ws=1566MB hb={"stage": "certified_ldlt:start", "ts": "2026-10-01 07:37:37", "age_s": 14527.5}
[2026-10-01 11:40:44] pid=2356 ACTIVE cpu=94122.7s(+56.7s) ws=1534MB hb={"stage": "certified_ldlt:start", "ts": "2026-10-01 07:37:37", "age_s": 14587.5}
[2026-10-01 11:41:44] pid=2356 ACTIVE cpu=94178.3s(+55.6s) ws=1540MB hb={"stage": "certified_ldlt:start", "ts": "2026-10-01 07:37:37", "age_s": 14647.5}
[2026-10-01 11:42:44] pid=2356 ACTIVE cpu=94235.4s(+57.0s) ws=1547MB hb={"stage": "certified_ldlt:start", "ts": "2026-10-01 07:37:37", "age_s": 14707.5}
[2026-10-01 11:43:44] pid=2356 ACTIVE cpu=94292.7s(+57.3s) ws=1555MB hb={"stage": "certified_ldlt:start", "ts": "2026-10-01 07:37:37", "age_s": 14767.5}
[2026-10-01 11:44:44] pid=2356 ACTIVE cpu=94349.7s(+57.0s) ws=1563MB hb={"stage": "certified_ldlt:start", "ts": "2026-10-01 07:37:37", "age_s": 14827.5}
[2026-10-01 11:45:44] pid=2356 ACTIVE cpu=94406.9s(+57.2s) ws=1568MB hb={"stage": "certified_ldlt:start", "ts": "2026-10-01 07:37:37", "age_s": 14887.5}
[2026-10-01 11:46:44] pid=2356 ACTIVE cpu=94462.8s(+55.9s) ws=1538MB hb={"stage": "certified_ldlt:start", "ts": "2026-10-01 07:37:37", "age_s": 14947.6}
[2026-10-01 11:47:44] pid=2356 ACTIVE cpu=94515.0s(+52.2s) ws=1544MB hb={"stage": "certified_ldlt:start", "ts": "2026-10-01 07:37:37", "age_s": 15007.6}
[2026-10-01 11:48:44] pid=2356 ACTIVE cpu=94570.9s(+55.8s) ws=1550MB hb={"stage": "certified_ldlt:start", "ts": "2026-10-01 07:37:37", "age_s": 15067.6}
[2026-10-01 11:49:44] pid=2356 ACTIVE cpu=94629.0s(+58.2s) ws=1558MB hb={"stage": "certified_ldlt:start", "ts": "2026-10-01 07:37:37", "age_s": 15127.6}
[2026-10-01 11:50:44] pid=2356 ACTIVE cpu=94685.1s(+56.0s) ws=1564MB hb={"stage": "certified_ldlt:start", "ts": "2026-10-01 07:37:37", "age_s": 15187.6}
[2026-10-01 11:51:44] pid=2356 ACTIVE cpu=94742.9s(+57.8s) ws=1571MB hb={"stage": "certified_ldlt:start", "ts": "2026-10-01 07:37:37", "age_s": 15247.6}
[2026-10-01 11:52:44] pid=2356 ACTIVE cpu=94801.7s(+58.8s) ws=1541MB hb={"stage": "certified_ldlt:start", "ts": "2026-10-01 07:37:37", "age_s": 15307.6}
[2026-10-01 11:53:44] pid=2356 ACTIVE cpu=94860.6s(+58.9s) ws=1548MB hb={"stage": "certified_ldlt:start", "ts": "2026-10-01 07:37:37", "age_s": 15367.6}
[2026-10-01 11:54:44] pid=2356 ACTIVE cpu=94919.6s(+59.0s) ws=1556MB hb={"stage": "certified_ldlt:start", "ts": "2026-10-01 07:37:37", "age_s": 15427.6}
[2026-10-01 11:55:44] pid=2356 ACTIVE cpu=94979.0s(+59.4s) ws=1564MB hb={"stage": "certified_ldlt:start", "ts": "2026-10-01 07:37:37", "age_s": 15487.6}
[2026-10-01 11:56:44] pid=2356 ACTIVE cpu=95038.3s(+59.3s) ws=1571MB hb={"stage": "certified_ldlt:start", "ts": "2026-10-01 07:37:37", "age_s": 15547.6}
[2026-10-01 11:57:44] pid=2356 ACTIVE cpu=95097.7s(+59.3s) ws=1542MB hb={"stage": "certified_ldlt:start", "ts": "2026-10-01 07:37:37", "age_s": 15607.6}
[2026-10-01 11:58:44] pid=2356 ACTIVE cpu=95157.0s(+59.3s) ws=1551MB hb={"stage": "certified_ldlt:start", "ts": "2026-10-01 07:37:37", "age_s": 15667.6}
[2026-10-01 11:59:44] pid=2356 ACTIVE cpu=95215.8s(+58.8s) ws=1558MB hb={"stage": "certified_ldlt:start", "ts": "2026-10-01 07:37:37", "age_s": 15727.6}
[2026-10-01 12:00:44] pid=2356 ACTIVE cpu=95274.3s(+58.4s) ws=1561MB hb={"stage": "certified_ldlt:start", "ts": "2026-10-01 07:37:37", "age_s": 15787.6}
[2026-10-01 12:01:44] pid=2356 ACTIVE cpu=95330.3s(+56.1s) ws=1568MB hb={"stage": "certified_ldlt:start", "ts": "2026-10-01 07:37:37", "age_s": 15847.6}
[2026-10-01 12:02:44] pid=2356 ACTIVE cpu=95389.5s(+59.2s) ws=1576MB hb={"stage": "certified_ldlt:start", "ts": "2026-10-01 07:37:37", "age_s": 15907.6}
[2026-10-01 12:03:44] pid=2356 ACTIVE cpu=95448.9s(+59.4s) ws=1543MB hb={"stage": "certified_ldlt:start", "ts": "2026-10-01 07:37:37", "age_s": 15967.6}
[2026-10-01 12:04:44] pid=2356 ACTIVE cpu=95508.3s(+59.4s) ws=1551MB hb={"stage": "certified_ldlt:start", "ts": "2026-10-01 07:37:37", "age_s": 16027.6}
[2026-10-01 12:05:44] pid=2356 ACTIVE cpu=95565.5s(+57.2s) ws=1557MB hb={"stage": "certified_ldlt:start", "ts": "2026-10-01 07:37:37", "age_s": 16087.6}
[2026-10-01 12:06:44] pid=2356 ACTIVE cpu=95625.0s(+59.5s) ws=1565MB hb={"stage": "certified_ldlt:start", "ts": "2026-10-01 07:37:37", "age_s": 16147.6}
[2026-10-01 12:07:44] pid=2356 ACTIVE cpu=95684.5s(+59.5s) ws=1572MB hb={"stage": "certified_ldlt:start", "ts": "2026-10-01 07:37:37", "age_s": 16207.6}
[2026-10-01 12:08:44] pid=2356 ACTIVE cpu=95742.1s(+57.6s) ws=1580MB hb={"stage": "certified_ldlt:start", "ts": "2026-10-01 07:37:37", "age_s": 16267.6}
[2026-10-01 12:09:44] pid=2356 ACTIVE cpu=95800.9s(+58.8s) ws=1551MB hb={"stage": "certified_ldlt:start", "ts": "2026-10-01 07:37:37", "age_s": 16327.6}
[2026-10-01 12:10:44] pid=2356 ACTIVE cpu=95859.9s(+59.0s) ws=1557MB hb={"stage": "certified_ldlt:start", "ts": "2026-10-01 07:37:37", "age_s": 16387.6}
[2026-10-01 12:11:44] pid=2356 ACTIVE cpu=95919.3s(+59.5s) ws=1557MB hb={"stage": "certified_ldlt:start", "ts": "2026-10-01 07:37:37", "age_s": 16447.6}
[2026-10-01 12:12:44] pid=2356 ACTIVE cpu=95977.8s(+58.5s) ws=1515MB hb={"stage": "certified_ldlt:start", "ts": "2026-10-01 07:37:37", "age_s": 16507.6}
[2026-10-01 12:13:44] pid=2356 ACTIVE cpu=96037.4s(+59.6s) ws=1513MB hb={"stage": "certified_ldlt:start", "ts": "2026-10-01 07:37:37", "age_s": 16567.6}
[2026-10-01 12:14:44] pid=2356 ACTIVE cpu=96096.9s(+59.5s) ws=1505MB hb={"stage": "certified_ldlt:start", "ts": "2026-10-01 07:37:37", "age_s": 16627.6}
[2026-10-01 12:15:44] pid=2356 ACTIVE cpu=96156.5s(+59.6s) ws=1498MB hb={"stage": "certified_ldlt:start", "ts": "2026-10-01 07:37:37", "age_s": 16687.6}
[2026-10-01 12:16:44] pid=2356 ACTIVE cpu=96216.0s(+59.4s) ws=1505MB hb={"stage": "certified_ldlt:start", "ts": "2026-10-01 07:37:37", "age_s": 16747.6}
[2026-10-01 12:17:44] pid=2356 ACTIVE cpu=96275.6s(+59.6s) ws=1500MB hb={"stage": "certified_ldlt:start", "ts": "2026-10-01 07:37:37", "age_s": 16807.6}
[2026-10-01 12:18:44] pid=2356 ACTIVE cpu=96335.2s(+59.6s) ws=1506MB hb={"stage": "certified_ldlt:start", "ts": "2026-10-01 07:37:37", "age_s": 16867.6}
[2026-10-01 12:19:44] pid=2356 ACTIVE cpu=96394.5s(+59.3s) ws=1499MB hb={"stage": "certified_ldlt:start", "ts": "2026-10-01 07:37:37", "age_s": 16927.6}
[2026-10-01 12:20:44] pid=2356 ACTIVE cpu=96454.1s(+59.5s) ws=1495MB hb={"stage": "certified_ldlt:start", "ts": "2026-10-01 07:37:37", "age_s": 16987.6}
[2026-10-01 12:21:44] pid=2356 ACTIVE cpu=96513.6s(+59.5s) ws=1502MB hb={"stage": "certified_ldlt:start", "ts": "2026-10-01 07:37:37", "age_s": 17047.6}
[2026-10-01 12:22:44] pid=2356 ACTIVE cpu=96573.1s(+59.5s) ws=1497MB hb={"stage": "certified_ldlt:start", "ts": "2026-10-01 07:37:37", "age_s": 17107.6}
[2026-10-01 12:23:44] pid=2356 ACTIVE cpu=96632.6s(+59.5s) ws=1503MB hb={"stage": "certified_ldlt:start", "ts": "2026-10-01 07:37:37", "age_s": 17167.6}
[2026-10-01 12:24:44] pid=2356 ACTIVE cpu=96688.9s(+56.3s) ws=1495MB hb={"stage": "certified_ldlt:start", "ts": "2026-10-01 07:37:37", "age_s": 17227.6}
[2026-10-01 12:25:44] pid=2356 ACTIVE cpu=96748.3s(+59.3s) ws=1502MB hb={"stage": "certified_ldlt:start", "ts": "2026-10-01 07:37:37", "age_s": 17287.6}
[2026-10-01 12:26:44] pid=2356 ACTIVE cpu=96807.7s(+59.4s) ws=1511MB hb={"stage": "certified_ldlt:start", "ts": "2026-10-01 07:37:37", "age_s": 17347.6}
[2026-10-01 12:27:44] pid=2356 ACTIVE cpu=96864.8s(+57.2s) ws=1508MB hb={"stage": "certified_ldlt:start", "ts": "2026-10-01 07:37:37", "age_s": 17407.6}
[2026-10-01 12:28:44] pid=2356 ACTIVE cpu=96924.5s(+59.7s) ws=1518MB hb={"stage": "certified_ldlt:start", "ts": "2026-10-01 07:37:37", "age_s": 17467.6}
[2026-10-01 12:29:44] pid=2356 ACTIVE cpu=96983.9s(+59.4s) ws=1527MB hb={"stage": "certified_ldlt:start", "ts": "2026-10-01 07:37:37", "age_s": 17527.6}
[2026-10-01 12:30:44] pid=2356 ACTIVE cpu=97043.5s(+59.6s) ws=1536MB hb={"stage": "certified_ldlt:start", "ts": "2026-10-01 07:37:37", "age_s": 17587.6}
[2026-10-01 12:31:44] pid=2356 ACTIVE cpu=97102.8s(+59.3s) ws=1545MB hb={"stage": "certified_ldlt:start", "ts": "2026-10-01 07:37:37", "age_s": 17647.6}
[2026-10-01 12:32:44] pid=2356 ACTIVE cpu=97162.2s(+59.3s) ws=1535MB hb={"stage": "certified_ldlt:start", "ts": "2026-10-01 07:37:37", "age_s": 17707.6}
[2026-10-01 12:33:44] pid=2356 ACTIVE cpu=97221.8s(+59.6s) ws=1543MB hb={"stage": "certified_ldlt:start", "ts": "2026-10-01 07:37:37", "age_s": 17767.6}
[2026-10-01 12:34:44] pid=2356 ACTIVE cpu=97281.4s(+59.6s) ws=1550MB hb={"stage": "certified_ldlt:start", "ts": "2026-10-01 07:37:37", "age_s": 17827.6}
[2026-10-01 12:35:44] pid=2356 ACTIVE cpu=97341.1s(+59.7s) ws=1557MB hb={"stage": "certified_ldlt:start", "ts": "2026-10-01 07:37:37", "age_s": 17887.6}
[2026-10-01 12:36:44] pid=2356 ACTIVE cpu=97400.7s(+59.6s) ws=1517MB hb={"stage": "certified_ldlt:start", "ts": "2026-10-01 07:37:37", "age_s": 17947.6}
[2026-10-01 12:37:44] pid=2356 ACTIVE cpu=97460.2s(+59.5s) ws=1516MB hb={"stage": "certified_ldlt:start", "ts": "2026-10-01 07:37:37", "age_s": 18007.6}
[2026-10-01 12:38:44] pid=2356 ACTIVE cpu=97519.9s(+59.7s) ws=1489MB hb={"stage": "certified_ldlt:start", "ts": "2026-10-01 07:37:37", "age_s": 18067.6}
[2026-10-01 12:39:44] pid=2356 ACTIVE cpu=97579.5s(+59.6s) ws=1494MB hb={"stage": "certified_ldlt:start", "ts": "2026-10-01 07:37:37", "age_s": 18127.6}
[2026-10-01 12:40:44] pid=2356 ACTIVE cpu=97636.8s(+57.3s) ws=1486MB hb={"stage": "certified_ldlt:start", "ts": "2026-10-01 07:37:37", "age_s": 18187.6}
[2026-10-01 12:41:44] pid=2356 ACTIVE cpu=97695.3s(+58.5s) ws=1494MB hb={"stage": "certified_ldlt:start", "ts": "2026-10-01 07:37:37", "age_s": 18247.6}
[2026-10-01 12:42:44] pid=2356 ACTIVE cpu=97754.4s(+59.1s) ws=1503MB hb={"stage": "certified_ldlt:start", "ts": "2026-10-01 07:37:37", "age_s": 18307.6}
[2026-10-01 12:43:44] pid=2356 ACTIVE cpu=97813.8s(+59.4s) ws=1511MB hb={"stage": "certified_ldlt:start", "ts": "2026-10-01 07:37:37", "age_s": 18367.6}
[2026-10-01 12:44:44] pid=2356 ACTIVE cpu=97873.1s(+59.3s) ws=1509MB hb={"stage": "certified_ldlt:start", "ts": "2026-10-01 07:37:37", "age_s": 18427.6}
[2026-10-01 12:45:44] pid=2356 ACTIVE cpu=97930.3s(+57.3s) ws=1517MB hb={"stage": "certified_ldlt:start", "ts": "2026-10-01 07:37:37", "age_s": 18487.6}
[2026-10-01 12:46:44] pid=2356 ACTIVE cpu=97989.6s(+59.2s) ws=1524MB hb={"stage": "certified_ldlt:start", "ts": "2026-10-01 07:37:37", "age_s": 18547.6}
[2026-10-01 12:47:44] pid=2356 ACTIVE cpu=98048.8s(+59.2s) ws=1533MB hb={"stage": "certified_ldlt:start", "ts": "2026-10-01 07:37:37", "age_s": 18607.6}
[2026-10-01 12:48:44] pid=2356 ACTIVE cpu=98106.8s(+58.0s) ws=1540MB hb={"stage": "certified_ldlt:start", "ts": "2026-10-01 07:37:37", "age_s": 18667.8}
[2026-10-01 12:49:45] pid=2356 ACTIVE cpu=98155.8s(+49.0s) ws=1517MB hb={"stage": "certified_ldlt:start", "ts": "2026-10-01 07:37:37", "age_s": 18728.0}
[2026-10-01 12:50:45] pid=2356 ACTIVE cpu=98201.8s(+46.0s) ws=1519MB hb={"stage": "certified_ldlt:start", "ts": "2026-10-01 07:37:37", "age_s": 18788.0}
[2026-10-01 12:51:45] pid=2356 ACTIVE cpu=98247.2s(+45.4s) ws=1522MB hb={"stage": "certified_ldlt:start", "ts": "2026-10-01 07:37:37", "age_s": 18848.1}
[2026-10-01 12:52:45] pid=2356 ACTIVE cpu=98296.3s(+49.1s) ws=1525MB hb={"stage": "certified_ldlt:start", "ts": "2026-10-01 07:37:37", "age_s": 18908.1}
[2026-10-01 12:53:45] pid=2356 ACTIVE cpu=98345.8s(+49.5s) ws=1529MB hb={"stage": "certified_ldlt:start", "ts": "2026-10-01 07:37:37", "age_s": 18968.1}
[2026-10-01 12:54:45] pid=2356 ACTIVE cpu=98401.1s(+55.3s) ws=1532MB hb={"stage": "certified_ldlt:start", "ts": "2026-10-01 07:37:37", "age_s": 19028.1}
[2026-10-01 12:55:45] pid=2356 ACTIVE cpu=98454.5s(+53.4s) ws=1504MB hb={"stage": "certified_ldlt:start", "ts": "2026-10-01 07:37:37", "age_s": 19088.1}
[2026-10-01 12:56:45] pid=2356 ACTIVE cpu=98500.0s(+45.5s) ws=1506MB hb={"stage": "certified_ldlt:start", "ts": "2026-10-01 07:37:37", "age_s": 19148.1}
[2026-10-01 12:57:45] pid=2356 ACTIVE cpu=98545.0s(+45.1s) ws=1508MB hb={"stage": "certified_ldlt:start", "ts": "2026-10-01 07:37:37", "age_s": 19208.2}
[2026-10-01 12:58:45] pid=2356 ACTIVE cpu=98599.0s(+54.0s) ws=1513MB hb={"stage": "certified_ldlt:start", "ts": "2026-10-01 07:37:37", "age_s": 19268.2}
[2026-10-01 12:59:45] pid=2356 ACTIVE cpu=98644.3s(+45.3s) ws=1516MB hb={"stage": "certified_ldlt:start", "ts": "2026-10-01 07:37:37", "age_s": 19328.2}
[2026-10-01 13:00:45] pid=2356 ACTIVE cpu=98687.7s(+43.4s) ws=1516MB hb={"stage": "certified_ldlt:start", "ts": "2026-10-01 07:37:37", "age_s": 19388.2}
[2026-10-01 13:01:45] pid=2356 ACTIVE cpu=98737.7s(+50.0s) ws=1494MB hb={"stage": "certified_ldlt:start", "ts": "2026-10-01 07:37:37", "age_s": 19448.2}
[2026-10-01 13:02:45] pid=2356 ACTIVE cpu=98795.5s(+57.9s) ws=1500MB hb={"stage": "certified_ldlt:start", "ts": "2026-10-01 07:37:37", "age_s": 19508.2}
[2026-10-01 13:03:45] pid=2356 ACTIVE cpu=98851.1s(+55.6s) ws=1506MB hb={"stage": "certified_ldlt:start", "ts": "2026-10-01 07:37:37", "age_s": 19568.2}
[2026-10-01 13:04:45] pid=2356 ACTIVE cpu=98905.3s(+54.2s) ws=1509MB hb={"stage": "certified_ldlt:start", "ts": "2026-10-01 07:37:37", "age_s": 19628.2}
[2026-10-01 13:05:45] pid=2356 ACTIVE cpu=98960.7s(+55.4s) ws=1514MB hb={"stage": "certified_ldlt:start", "ts": "2026-10-01 07:37:37", "age_s": 19688.2}
[2026-10-01 13:06:45] pid=2356 ACTIVE cpu=99018.0s(+57.2s) ws=1499MB hb={"stage": "certified_ldlt:start", "ts": "2026-10-01 07:37:37", "age_s": 19748.2}
[2026-10-01 13:07:45] pid=2356 ACTIVE cpu=99075.0s(+57.0s) ws=1503MB hb={"stage": "certified_ldlt:start", "ts": "2026-10-01 07:37:37", "age_s": 19808.2}
[2026-10-01 13:08:45] pid=2356 ACTIVE cpu=99132.2s(+57.3s) ws=1508MB hb={"stage": "certified_ldlt:start", "ts": "2026-10-01 07:37:37", "age_s": 19868.2}
[2026-10-01 13:09:45] pid=2356 ACTIVE cpu=99189.0s(+56.8s) ws=1514MB hb={"stage": "certified_ldlt:start", "ts": "2026-10-01 07:37:37", "age_s": 19928.2}
[2026-10-01 13:10:45] pid=2356 ACTIVE cpu=99244.2s(+55.1s) ws=1518MB hb={"stage": "certified_ldlt:start", "ts": "2026-10-01 07:37:37", "age_s": 19988.2}
[2026-10-01 13:11:45] pid=2356 ACTIVE cpu=99300.0s(+55.8s) ws=1521MB hb={"stage": "certified_ldlt:start", "ts": "2026-10-01 07:37:37", "age_s": 20048.2}
[2026-10-01 13:12:45] pid=2356 ACTIVE cpu=99357.9s(+57.9s) ws=1495MB hb={"stage": "certified_ldlt:start", "ts": "2026-10-01 07:37:37", "age_s": 20108.2}
[2026-10-01 13:13:45] pid=2356 ACTIVE cpu=99415.0s(+57.1s) ws=1499MB hb={"stage": "certified_ldlt:start", "ts": "2026-10-01 07:37:37", "age_s": 20168.2}
[2026-10-01 13:14:45] pid=2356 ACTIVE cpu=99465.1s(+50.1s) ws=1502MB hb={"stage": "certified_ldlt:start", "ts": "2026-10-01 07:37:37", "age_s": 20228.2}
[2026-10-01 13:15:45] pid=2356 ACTIVE cpu=99522.3s(+57.3s) ws=1506MB hb={"stage": "certified_ldlt:start", "ts": "2026-10-01 07:37:37", "age_s": 20288.2}
[2026-10-01 13:16:45] pid=2356 ACTIVE cpu=99579.2s(+56.9s) ws=1513MB hb={"stage": "certified_ldlt:start", "ts": "2026-10-01 07:37:37", "age_s": 20348.2}
[2026-10-01 13:17:45] pid=2356 ACTIVE cpu=99636.6s(+57.3s) ws=1496MB hb={"stage": "certified_ldlt:start", "ts": "2026-10-01 07:37:37", "age_s": 20408.2}
[2026-10-01 13:18:45] pid=2356 ACTIVE cpu=99692.8s(+56.2s) ws=1490MB hb={"stage": "certified_ldlt:start", "ts": "2026-10-01 07:37:37", "age_s": 20468.2}
[2026-10-01 13:19:45] pid=2356 ACTIVE cpu=99748.4s(+55.6s) ws=1495MB hb={"stage": "certified_ldlt:start", "ts": "2026-10-01 07:37:37", "age_s": 20528.2}
[2026-10-01 13:20:45] pid=2356 ACTIVE cpu=99807.6s(+59.2s) ws=1500MB hb={"stage": "certified_ldlt:start", "ts": "2026-10-01 07:37:37", "age_s": 20588.2}
[2026-10-01 13:21:45] pid=2356 ACTIVE cpu=99864.6s(+56.9s) ws=1506MB hb={"stage": "certified_ldlt:start", "ts": "2026-10-01 07:37:37", "age_s": 20648.2}
[2026-10-01 13:22:45] pid=2356 ACTIVE cpu=99921.5s(+57.0s) ws=1510MB hb={"stage": "certified_ldlt:start", "ts": "2026-10-01 07:37:37", "age_s": 20708.2}
[2026-10-01 13:23:45] pid=2356 ACTIVE cpu=99980.3s(+58.8s) ws=1485MB hb={"stage": "certified_ldlt:start", "ts": "2026-10-01 07:37:37", "age_s": 20768.2}
[2026-10-01 13:24:45] pid=2356 ACTIVE cpu=100039.1s(+58.8s) ws=1489MB hb={"stage": "certified_ldlt:start", "ts": "2026-10-01 07:37:37", "age_s": 20828.3}
[2026-10-01 13:25:45] pid=2356 ACTIVE cpu=100098.2s(+59.2s) ws=1495MB hb={"stage": "certified_ldlt:start", "ts": "2026-10-01 07:37:37", "age_s": 20888.3}
[2026-10-01 13:26:45] pid=2356 ACTIVE cpu=100157.7s(+59.4s) ws=1490MB hb={"stage": "certified_ldlt:start", "ts": "2026-10-01 07:37:37", "age_s": 20948.3}
[2026-10-01 13:27:45] pid=2356 ACTIVE cpu=100216.8s(+59.1s) ws=1456MB hb={"stage": "certified_ldlt:start", "ts": "2026-10-01 07:37:37", "age_s": 21008.3}
[2026-10-01 13:28:45] pid=2356 ACTIVE cpu=100276.1s(+59.3s) ws=1433MB hb={"stage": "certified_ldlt:start", "ts": "2026-10-01 07:37:37", "age_s": 21068.3}
[2026-10-01 13:29:45] pid=2356 ACTIVE cpu=100334.8s(+58.8s) ws=1438MB hb={"stage": "certified_ldlt:start", "ts": "2026-10-01 07:37:37", "age_s": 21128.3}
[2026-10-01 13:30:45] pid=2356 ACTIVE cpu=100390.5s(+55.7s) ws=1432MB hb={"stage": "certified_ldlt:start", "ts": "2026-10-01 07:37:37", "age_s": 21188.3}
[2026-10-01 13:31:45] pid=2356 ACTIVE cpu=100447.4s(+56.9s) ws=1439MB hb={"stage": "certified_ldlt:start", "ts": "2026-10-01 07:37:37", "age_s": 21248.3}
[2026-10-01 13:32:46] pid=2356 ACTIVE cpu=100490.1s(+42.7s) ws=1443MB hb={"stage": "certified_ldlt:start", "ts": "2026-10-01 07:37:37", "age_s": 21309.5}
[2026-10-01 13:33:46] pid=2356 ACTIVE cpu=100532.4s(+42.3s) ws=1446MB hb={"stage": "certified_ldlt:start", "ts": "2026-10-01 07:37:37", "age_s": 21369.5}
[2026-10-01 13:34:46] pid=2356 ACTIVE cpu=100559.5s(+27.1s) ws=1448MB hb={"stage": "certified_ldlt:start", "ts": "2026-10-01 07:37:37", "age_s": 21429.6}
[2026-10-01 13:35:46] pid=2356 ACTIVE cpu=100600.7s(+41.2s) ws=1440MB hb={"stage": "certified_ldlt:start", "ts": "2026-10-01 07:37:37", "age_s": 21489.9}
[2026-10-01 13:36:46] pid=2356 ACTIVE cpu=100649.3s(+48.5s) ws=1442MB hb={"stage": "certified_ldlt:start", "ts": "2026-10-01 07:37:37", "age_s": 21549.9}
[2026-10-01 13:37:46] pid=2356 ACTIVE cpu=100678.2s(+28.9s) ws=1442MB hb={"stage": "certified_ldlt:start", "ts": "2026-10-01 07:37:37", "age_s": 21610.0}
[2026-10-01 13:38:46] pid=2356 ACTIVE cpu=100727.1s(+48.9s) ws=1444MB hb={"stage": "certified_ldlt:start", "ts": "2026-10-01 07:37:37", "age_s": 21670.0}
[2026-10-01 13:39:47] pid=2356 ACTIVE cpu=100756.0s(+28.9s) ws=1444MB hb={"stage": "certified_ldlt:start", "ts": "2026-10-01 07:37:37", "age_s": 21730.0}
[2026-10-01 13:40:47] pid=2356 ACTIVE cpu=100794.2s(+38.2s) ws=1445MB hb={"stage": "certified_ldlt:start", "ts": "2026-10-01 07:37:37", "age_s": 21790.2}
[2026-10-01 13:41:47] pid=2356 ACTIVE cpu=100836.7s(+42.5s) ws=1428MB hb={"stage": "certified_ldlt:start", "ts": "2026-10-01 07:37:37", "age_s": 21850.2}
[2026-10-01 13:42:47] pid=2356 ACTIVE cpu=100857.3s(+20.5s) ws=1427MB hb={"stage": "certified_ldlt:start", "ts": "2026-10-01 07:37:37", "age_s": 21910.2}
[2026-10-01 13:43:47] pid=2356 ACTIVE cpu=100906.1s(+48.9s) ws=1430MB hb={"stage": "certified_ldlt:start", "ts": "2026-10-01 07:37:37", "age_s": 21970.2}
[2026-10-01 13:44:47] pid=2356 ACTIVE cpu=100958.0s(+51.8s) ws=1433MB hb={"stage": "certified_ldlt:start", "ts": "2026-10-01 07:37:37", "age_s": 22030.2}
[2026-10-01 13:45:47] pid=2356 ACTIVE cpu=101009.5s(+51.5s) ws=1436MB hb={"stage": "certified_ldlt:start", "ts": "2026-10-01 07:37:37", "age_s": 22090.2}
[2026-10-01 13:46:47] pid=2356 ACTIVE cpu=101060.3s(+50.8s) ws=1426MB hb={"stage": "certified_ldlt:start", "ts": "2026-10-01 07:37:37", "age_s": 22150.2}
[2026-10-01 13:47:47] pid=2356 ACTIVE cpu=101105.8s(+45.6s) ws=1428MB hb={"stage": "certified_ldlt:start", "ts": "2026-10-01 07:37:37", "age_s": 22210.2}
[2026-10-01 13:48:47] pid=2356 ACTIVE cpu=101153.8s(+48.0s) ws=1430MB hb={"stage": "certified_ldlt:start", "ts": "2026-10-01 07:37:37", "age_s": 22270.3}
[2026-10-01 13:49:47] pid=2356 ACTIVE cpu=101203.4s(+49.6s) ws=1432MB hb={"stage": "certified_ldlt:start", "ts": "2026-10-01 07:37:37", "age_s": 22330.3}
[2026-10-01 13:50:47] pid=2356 ACTIVE cpu=101237.1s(+33.7s) ws=1432MB hb={"stage": "certified_ldlt:start", "ts": "2026-10-01 07:37:37", "age_s": 22390.3}
[2026-10-01 13:51:47] pid=2356 ACTIVE cpu=101283.4s(+46.3s) ws=1434MB hb={"stage": "certified_ldlt:start", "ts": "2026-10-01 07:37:37", "age_s": 22450.3}
[2026-10-01 13:52:47] pid=2356 ACTIVE cpu=101324.0s(+40.6s) ws=1419MB hb={"stage": "certified_ldlt:start", "ts": "2026-10-01 07:37:37", "age_s": 22510.3}
[2026-10-01 13:53:50] pid=2356 ACTIVE cpu=101360.6s(+36.6s) ws=1418MB hb={"stage": "certified_ldlt:start", "ts": "2026-10-01 07:37:37", "age_s": 22573.8}
[2026-10-01 13:54:53] pid=2356 ACTIVE cpu=101389.1s(+28.5s) ws=1420MB hb={"stage": "certified_ldlt:start", "ts": "2026-10-01 07:37:37", "age_s": 22636.1}
[2026-10-01 13:55:53] pid=2356 ACTIVE cpu=101430.1s(+41.0s) ws=1420MB hb={"stage": "certified_ldlt:start", "ts": "2026-10-01 07:37:37", "age_s": 22696.2}
[2026-10-01 13:56:53] pid=2356 ACTIVE cpu=101471.5s(+41.5s) ws=1420MB hb={"stage": "certified_ldlt:start", "ts": "2026-10-01 07:37:37", "age_s": 22756.2}
[2026-10-01 13:57:53] pid=2356 ACTIVE cpu=101518.4s(+46.8s) ws=1410MB hb={"stage": "certified_ldlt:start", "ts": "2026-10-01 07:37:37", "age_s": 22816.2}
[2026-10-01 13:58:53] pid=2356 ACTIVE cpu=101542.0s(+23.6s) ws=1409MB hb={"stage": "certified_ldlt:start", "ts": "2026-10-01 07:37:37", "age_s": 22876.4}
[2026-10-01 13:59:53] pid=2356 ACTIVE cpu=101582.5s(+40.5s) ws=1411MB hb={"stage": "certified_ldlt:start", "ts": "2026-10-01 07:37:37", "age_s": 22936.4}
[2026-10-01 14:00:53] pid=2356 ACTIVE cpu=101626.0s(+43.5s) ws=1414MB hb={"stage": "certified_ldlt:start", "ts": "2026-10-01 07:37:37", "age_s": 22996.4}
[2026-10-01 14:01:53] pid=2356 ACTIVE cpu=101662.8s(+36.8s) ws=1414MB hb={"stage": "certified_ldlt:start", "ts": "2026-10-01 07:37:37", "age_s": 23056.4}
[2026-10-01 14:02:53] pid=2356 ACTIVE cpu=101696.7s(+33.9s) ws=1416MB hb={"stage": "certified_ldlt:start", "ts": "2026-10-01 07:37:37", "age_s": 23116.4}
[2026-10-01 14:03:53] pid=2356 ACTIVE cpu=101746.8s(+50.1s) ws=1408MB hb={"stage": "certified_ldlt:start", "ts": "2026-10-01 07:37:37", "age_s": 23176.4}
[2026-10-01 14:04:53] pid=2356 ACTIVE cpu=101795.7s(+48.9s) ws=1411MB hb={"stage": "certified_ldlt:start", "ts": "2026-10-01 07:37:37", "age_s": 23236.4}
[2026-10-01 14:05:53] pid=2356 ACTIVE cpu=101847.4s(+51.7s) ws=1412MB hb={"stage": "certified_ldlt:start", "ts": "2026-10-01 07:37:37", "age_s": 23296.4}
[2026-10-01 14:06:53] pid=2356 ACTIVE cpu=101897.7s(+50.3s) ws=1414MB hb={"stage": "certified_ldlt:start", "ts": "2026-10-01 07:37:37", "age_s": 23356.4}
[2026-10-01 14:07:53] pid=2356 ACTIVE cpu=101944.8s(+47.1s) ws=1416MB hb={"stage": "certified_ldlt:start", "ts": "2026-10-01 07:37:37", "age_s": 23416.4}
[2026-10-01 14:08:53] pid=2356 ACTIVE cpu=101993.5s(+48.7s) ws=1419MB hb={"stage": "certified_ldlt:start", "ts": "2026-10-01 07:37:37", "age_s": 23476.4}
[2026-10-01 14:09:53] pid=2356 ACTIVE cpu=102026.8s(+33.3s) ws=1410MB hb={"stage": "certified_ldlt:start", "ts": "2026-10-01 07:37:37", "age_s": 23536.4}
[2026-10-01 14:10:53] pid=2356 ACTIVE cpu=102058.4s(+31.6s) ws=1410MB hb={"stage": "certified_ldlt:start", "ts": "2026-10-01 07:37:37", "age_s": 23596.4}
[2026-10-01 14:11:53] pid=2356 ACTIVE cpu=102108.3s(+50.0s) ws=1412MB hb={"stage": "certified_ldlt:start", "ts": "2026-10-01 07:37:37", "age_s": 23656.5}
[2026-10-01 14:12:53] pid=2356 ACTIVE cpu=102160.8s(+52.4s) ws=1414MB hb={"stage": "certified_ldlt:start", "ts": "2026-10-01 07:37:37", "age_s": 23716.5}
[2026-10-01 14:13:53] pid=2356 ACTIVE cpu=102212.5s(+51.8s) ws=1416MB hb={"stage": "certified_ldlt:start", "ts": "2026-10-01 07:37:37", "age_s": 23776.5}
[2026-10-01 14:14:53] pid=2356 ACTIVE cpu=102264.6s(+52.1s) ws=1403MB hb={"stage": "certified_ldlt:start", "ts": "2026-10-01 07:37:37", "age_s": 23836.5}
[2026-10-01 14:15:53] pid=2356 ACTIVE cpu=102317.0s(+52.4s) ws=1406MB hb={"stage": "certified_ldlt:start", "ts": "2026-10-01 07:37:37", "age_s": 23896.5}
[2026-10-01 14:16:53] pid=2356 ACTIVE cpu=102369.1s(+52.2s) ws=1408MB hb={"stage": "certified_ldlt:start", "ts": "2026-10-01 07:37:37", "age_s": 23956.5}
[2026-10-01 14:17:53] pid=2356 ACTIVE cpu=102420.3s(+51.2s) ws=1410MB hb={"stage": "certified_ldlt:start", "ts": "2026-10-01 07:37:37", "age_s": 24016.5}
[2026-10-01 14:18:53] pid=2356 ACTIVE cpu=102471.8s(+51.4s) ws=1413MB hb={"stage": "certified_ldlt:start", "ts": "2026-10-01 07:37:37", "age_s": 24076.5}
[2026-10-01 14:19:53] pid=2356 ACTIVE cpu=102524.7s(+52.9s) ws=1414MB hb={"stage": "certified_ldlt:start", "ts": "2026-10-01 07:37:37", "age_s": 24136.5}
[2026-10-01 14:20:53] pid=2356 ACTIVE cpu=102576.5s(+51.8s) ws=1404MB hb={"stage": "certified_ldlt:start", "ts": "2026-10-01 07:37:37", "age_s": 24196.5}
[2026-10-01 14:21:53] pid=2356 ACTIVE cpu=102623.5s(+47.0s) ws=1404MB hb={"stage": "certified_ldlt:start", "ts": "2026-10-01 07:37:37", "age_s": 24256.6}
[2026-10-01 14:22:53] pid=2356 ACTIVE cpu=102670.4s(+46.8s) ws=1406MB hb={"stage": "certified_ldlt:start", "ts": "2026-10-01 07:37:37", "age_s": 24316.6}
[2026-10-01 14:23:53] pid=2356 ACTIVE cpu=102719.4s(+49.0s) ws=1407MB hb={"stage": "certified_ldlt:start", "ts": "2026-10-01 07:37:37", "age_s": 24376.6}
[2026-10-01 14:24:53] pid=2356 ACTIVE cpu=102766.9s(+47.5s) ws=1409MB hb={"stage": "certified_ldlt:start", "ts": "2026-10-01 07:37:37", "age_s": 24436.6}
[2026-10-01 14:25:53] pid=2356 ACTIVE cpu=102818.7s(+51.8s) ws=1396MB hb={"stage": "certified_ldlt:start", "ts": "2026-10-01 07:37:37", "age_s": 24496.6}
[2026-10-01 14:26:53] pid=2356 ACTIVE cpu=102870.9s(+52.1s) ws=1398MB hb={"stage": "certified_ldlt:start", "ts": "2026-10-01 07:37:37", "age_s": 24556.6}
[2026-10-01 14:27:53] pid=2356 ACTIVE cpu=102924.1s(+53.2s) ws=1399MB hb={"stage": "certified_ldlt:start", "ts": "2026-10-01 07:37:37", "age_s": 24616.6}
[2026-10-01 14:28:53] pid=2356 ACTIVE cpu=102975.5s(+51.4s) ws=1401MB hb={"stage": "certified_ldlt:start", "ts": "2026-10-01 07:37:37", "age_s": 24676.6}
[2026-10-01 14:29:53] pid=2356 ACTIVE cpu=103025.5s(+50.1s) ws=1403MB hb={"stage": "certified_ldlt:start", "ts": "2026-10-01 07:37:37", "age_s": 24736.7}
[2026-10-01 14:30:53] pid=2356 ACTIVE cpu=103071.1s(+45.6s) ws=1405MB hb={"stage": "certified_ldlt:start", "ts": "2026-10-01 07:37:37", "age_s": 24796.7}
[2026-10-01 14:31:53] pid=2356 ACTIVE cpu=103118.6s(+47.5s) ws=1391MB hb={"stage": "certified_ldlt:start", "ts": "2026-10-01 07:37:37", "age_s": 24856.7}
[2026-10-01 14:32:53] pid=2356 ACTIVE cpu=103161.5s(+42.8s) ws=1392MB hb={"stage": "certified_ldlt:start", "ts": "2026-10-01 07:37:37", "age_s": 24916.9}
[2026-10-01 14:33:53] pid=2356 ACTIVE cpu=103212.5s(+51.0s) ws=1394MB hb={"stage": "certified_ldlt:start", "ts": "2026-10-01 07:37:37", "age_s": 24976.9}
[2026-10-01 14:34:53] pid=2356 ACTIVE cpu=103262.7s(+50.2s) ws=1396MB hb={"stage": "certified_ldlt:start", "ts": "2026-10-01 07:37:37", "age_s": 25036.9}
[2026-10-01 14:35:53] pid=2356 ACTIVE cpu=103315.4s(+52.7s) ws=1397MB hb={"stage": "certified_ldlt:start", "ts": "2026-10-01 07:37:37", "age_s": 25096.9}
[2026-10-01 14:36:53] pid=2356 ACTIVE cpu=103367.1s(+51.7s) ws=1385MB hb={"stage": "certified_ldlt:start", "ts": "2026-10-01 07:37:37", "age_s": 25156.9}
[2026-10-01 14:37:53] pid=2356 ACTIVE cpu=103422.7s(+55.6s) ws=1386MB hb={"stage": "certified_ldlt:start", "ts": "2026-10-01 07:37:37", "age_s": 25216.9}
[2026-10-01 14:38:53] pid=2356 ACTIVE cpu=103477.3s(+54.6s) ws=1389MB hb={"stage": "certified_ldlt:start", "ts": "2026-10-01 07:37:37", "age_s": 25276.9}
[2026-10-01 14:39:53] pid=2356 ACTIVE cpu=103532.7s(+55.4s) ws=1391MB hb={"stage": "certified_ldlt:start", "ts": "2026-10-01 07:37:37", "age_s": 25336.9}
[2026-10-01 14:40:53] pid=2356 ACTIVE cpu=103587.9s(+55.2s) ws=1393MB hb={"stage": "certified_ldlt:start", "ts": "2026-10-01 07:37:37", "age_s": 25396.9}
[2026-10-01 14:41:53] pid=2356 ACTIVE cpu=103642.7s(+54.8s) ws=1376MB hb={"stage": "certified_ldlt:start", "ts": "2026-10-01 07:37:37", "age_s": 25456.9}
[2026-10-01 14:42:53] pid=2356 ACTIVE cpu=103698.2s(+55.5s) ws=1375MB hb={"stage": "certified_ldlt:start", "ts": "2026-10-01 07:37:37", "age_s": 25516.9}
[2026-10-01 14:43:53] pid=2356 ACTIVE cpu=103750.8s(+52.6s) ws=1360MB hb={"stage": "certified_ldlt:start", "ts": "2026-10-01 07:37:37", "age_s": 25576.9}
[2026-10-01 14:44:53] pid=2356 ACTIVE cpu=103806.2s(+55.4s) ws=1360MB hb={"stage": "certified_ldlt:start", "ts": "2026-10-01 07:37:37", "age_s": 25636.9}
[2026-10-01 14:45:53] pid=2356 ACTIVE cpu=103860.9s(+54.7s) ws=1357MB hb={"stage": "certified_ldlt:start", "ts": "2026-10-01 07:37:37", "age_s": 25696.9}
[2026-10-01 14:46:53] pid=2356 ACTIVE cpu=103916.1s(+55.2s) ws=1359MB hb={"stage": "certified_ldlt:start", "ts": "2026-10-01 07:37:37", "age_s": 25756.9}
[2026-10-01 14:47:56] pid=2356 ACTIVE cpu=103969.9s(+53.8s) ws=1355MB hb={"stage": "certified_ldlt:start", "ts": "2026-10-01 07:37:37", "age_s": 25819.3}
[2026-10-01 14:48:57] pid=2356 ACTIVE cpu=104013.8s(+43.9s) ws=1356MB hb={"stage": "certified_ldlt:start", "ts": "2026-10-01 07:37:37", "age_s": 25880.5}
[2026-10-01 14:50:02] pid=2356 ACTIVE cpu=104063.7s(+49.9s) ws=1351MB hb={"stage": "certified_ldlt:start", "ts": "2026-10-01 07:37:37", "age_s": 25945.1}
[2026-10-01 14:51:02] pid=2356 ACTIVE cpu=104110.4s(+46.7s) ws=1353MB hb={"stage": "certified_ldlt:start", "ts": "2026-10-01 07:37:37", "age_s": 26005.4}
[2026-10-01 14:52:02] pid=2356 ACTIVE cpu=104159.0s(+48.7s) ws=1356MB hb={"stage": "certified_ldlt:start", "ts": "2026-10-01 07:37:37", "age_s": 26065.5}
[2026-10-01 14:53:02] pid=2356 ACTIVE cpu=104210.2s(+51.2s) ws=1354MB hb={"stage": "certified_ldlt:start", "ts": "2026-10-01 07:37:37", "age_s": 26125.5}
[2026-10-01 14:54:02] pid=2356 ACTIVE cpu=104250.8s(+40.6s) ws=1355MB hb={"stage": "certified_ldlt:start", "ts": "2026-10-01 07:37:37", "age_s": 26185.5}
[2026-10-01 14:55:08] pid=2356 ACTIVE cpu=104298.9s(+48.0s) ws=1358MB hb={"stage": "certified_ldlt:start", "ts": "2026-10-01 07:37:37", "age_s": 26251.7}
[2026-10-01 14:56:13] pid=2356 ACTIVE cpu=104339.7s(+40.8s) ws=1361MB hb={"stage": "certified_ldlt:start", "ts": "2026-10-01 07:37:37", "age_s": 26316.4}
[2026-10-01 14:57:13] pid=2356 ACTIVE cpu=104395.5s(+55.7s) ws=1364MB hb={"stage": "certified_ldlt:start", "ts": "2026-10-01 07:37:37", "age_s": 26376.4}
[2026-10-01 14:58:13] pid=2356 ACTIVE cpu=104448.9s(+53.4s) ws=1367MB hb={"stage": "certified_ldlt:start", "ts": "2026-10-01 07:37:37", "age_s": 26436.4}
[2026-10-01 14:59:13] pid=2356 ACTIVE cpu=104505.6s(+56.7s) ws=1361MB hb={"stage": "certified_ldlt:start", "ts": "2026-10-01 07:37:37", "age_s": 26496.4}
[2026-10-01 15:00:13] pid=2356 ACTIVE cpu=104562.8s(+57.3s) ws=1364MB hb={"stage": "certified_ldlt:start", "ts": "2026-10-01 07:37:37", "age_s": 26556.4}
[2026-10-01 15:01:13] pid=2356 ACTIVE cpu=104618.5s(+55.7s) ws=1366MB hb={"stage": "certified_ldlt:start", "ts": "2026-10-01 07:37:37", "age_s": 26616.4}
[2026-10-01 15:02:13] pid=2356 ACTIVE cpu=104673.6s(+55.1s) ws=1369MB hb={"stage": "certified_ldlt:start", "ts": "2026-10-01 07:37:37", "age_s": 26676.4}
[2026-10-01 15:03:13] pid=2356 ACTIVE cpu=104729.8s(+56.2s) ws=1371MB hb={"stage": "certified_ldlt:start", "ts": "2026-10-01 07:37:37", "age_s": 26736.4}
[2026-10-01 15:04:13] pid=2356 ACTIVE cpu=104786.0s(+56.2s) ws=1360MB hb={"stage": "certified_ldlt:start", "ts": "2026-10-01 07:37:37", "age_s": 26796.4}
[2026-10-01 15:05:13] pid=2356 ACTIVE cpu=104827.8s(+41.8s) ws=1361MB hb={"stage": "certified_ldlt:start", "ts": "2026-10-01 07:37:37", "age_s": 26856.4}
[2026-10-01 15:06:13] pid=2356 ACTIVE cpu=104873.6s(+45.8s) ws=1361MB hb={"stage": "certified_ldlt:start", "ts": "2026-10-01 07:37:37", "age_s": 26916.4}
[2026-10-01 15:07:13] pid=2356 ACTIVE cpu=104901.7s(+28.1s) ws=1361MB hb={"stage": "certified_ldlt:start", "ts": "2026-10-01 07:37:37", "age_s": 26976.4}
[2026-10-01 15:08:13] pid=2356 ACTIVE cpu=104936.9s(+35.2s) ws=1362MB hb={"stage": "certified_ldlt:start", "ts": "2026-10-01 07:37:37", "age_s": 27036.4}
[2026-10-01 15:09:13] pid=2356 ACTIVE cpu=104977.6s(+40.7s) ws=1361MB hb={"stage": "certified_ldlt:start", "ts": "2026-10-01 07:37:37", "age_s": 27096.4}
[2026-10-01 15:10:13] pid=2356 ACTIVE cpu=105030.7s(+53.1s) ws=1346MB hb={"stage": "certified_ldlt:start", "ts": "2026-10-01 07:37:37", "age_s": 27156.4}
[2026-10-01 15:11:13] pid=2356 ACTIVE cpu=105081.9s(+51.1s) ws=1347MB hb={"stage": "certified_ldlt:start", "ts": "2026-10-01 07:37:37", "age_s": 27216.4}
[2026-10-01 15:12:13] pid=2356 ACTIVE cpu=105132.6s(+50.8s) ws=1347MB hb={"stage": "certified_ldlt:start", "ts": "2026-10-01 07:37:37", "age_s": 27276.4}
[2026-10-01 15:13:13] pid=2356 ACTIVE cpu=105184.7s(+52.0s) ws=1349MB hb={"stage": "certified_ldlt:start", "ts": "2026-10-01 07:37:37", "age_s": 27336.4}
[2026-10-01 15:14:13] pid=2356 ACTIVE cpu=105241.1s(+56.4s) ws=1351MB hb={"stage": "certified_ldlt:start", "ts": "2026-10-01 07:37:37", "age_s": 27396.4}
[2026-10-01 15:15:13] pid=2356 ACTIVE cpu=105298.4s(+57.3s) ws=1345MB hb={"stage": "certified_ldlt:start", "ts": "2026-10-01 07:37:37", "age_s": 27456.4}
[2026-10-01 15:16:13] pid=2356 ACTIVE cpu=105354.2s(+55.8s) ws=1347MB hb={"stage": "certified_ldlt:start", "ts": "2026-10-01 07:37:37", "age_s": 27516.4}
[2026-10-01 15:17:13] pid=2356 ACTIVE cpu=105411.7s(+57.5s) ws=1350MB hb={"stage": "certified_ldlt:start", "ts": "2026-10-01 07:37:37", "age_s": 27576.4}
[2026-10-01 15:18:13] pid=2356 ACTIVE cpu=105468.1s(+56.4s) ws=1352MB hb={"stage": "certified_ldlt:start", "ts": "2026-10-01 07:37:37", "age_s": 27636.5}
[2026-10-01 15:19:13] pid=2356 ACTIVE cpu=105523.9s(+55.8s) ws=1354MB hb={"stage": "certified_ldlt:start", "ts": "2026-10-01 07:37:37", "age_s": 27696.5}
[2026-10-01 15:20:13] pid=2356 ACTIVE cpu=105579.4s(+55.5s) ws=1355MB hb={"stage": "certified_ldlt:start", "ts": "2026-10-01 07:37:37", "age_s": 27756.5}
[2026-10-01 15:21:13] pid=2356 ACTIVE cpu=105634.3s(+54.9s) ws=1343MB hb={"stage": "certified_ldlt:start", "ts": "2026-10-01 07:37:37", "age_s": 27816.5}
[2026-10-01 15:22:13] pid=2356 ACTIVE cpu=105691.6s(+57.4s) ws=1344MB hb={"stage": "certified_ldlt:start", "ts": "2026-10-01 07:37:37", "age_s": 27876.5}
[2026-10-01 15:23:13] pid=2356 ACTIVE cpu=105748.2s(+56.5s) ws=1346MB hb={"stage": "certified_ldlt:start", "ts": "2026-10-01 07:37:37", "age_s": 27936.5}
[2026-10-01 15:24:13] pid=2356 ACTIVE cpu=105805.8s(+57.7s) ws=1348MB hb={"stage": "certified_ldlt:start", "ts": "2026-10-01 07:37:37", "age_s": 27996.5}
[2026-10-01 15:25:13] pid=2356 ACTIVE cpu=105860.9s(+55.0s) ws=1350MB hb={"stage": "certified_ldlt:start", "ts": "2026-10-01 07:37:37", "age_s": 28056.5}
[2026-10-01 15:26:13] pid=2356 ACTIVE cpu=105916.3s(+55.4s) ws=1335MB hb={"stage": "certified_ldlt:start", "ts": "2026-10-01 07:37:37", "age_s": 28116.5}
[2026-10-01 15:27:13] pid=2356 ACTIVE cpu=105973.7s(+57.5s) ws=1336MB hb={"stage": "certified_ldlt:start", "ts": "2026-10-01 07:37:37", "age_s": 28176.5}
[2026-10-01 15:28:13] pid=2356 ACTIVE cpu=106031.2s(+57.5s) ws=1338MB hb={"stage": "certified_ldlt:start", "ts": "2026-10-01 07:37:37", "age_s": 28236.5}
[2026-10-01 15:29:13] pid=2356 ACTIVE cpu=106082.9s(+51.7s) ws=1339MB hb={"stage": "certified_ldlt:start", "ts": "2026-10-01 07:37:37", "age_s": 28296.5}
[2026-10-01 15:30:13] pid=2356 ACTIVE cpu=106135.2s(+52.3s) ws=1342MB hb={"stage": "certified_ldlt:start", "ts": "2026-10-01 07:37:37", "age_s": 28356.5}
[2026-10-01 15:31:13] pid=2356 ACTIVE cpu=106193.1s(+57.8s) ws=1343MB hb={"stage": "certified_ldlt:start", "ts": "2026-10-01 07:37:37", "age_s": 28416.5}
[2026-10-01 15:32:13] pid=2356 ACTIVE cpu=106250.8s(+57.7s) ws=1328MB hb={"stage": "certified_ldlt:start", "ts": "2026-10-01 07:37:37", "age_s": 28476.5}
[2026-10-01 15:33:13] pid=2356 ACTIVE cpu=106308.6s(+57.8s) ws=1330MB hb={"stage": "certified_ldlt:start", "ts": "2026-10-01 07:37:37", "age_s": 28536.5}
[2026-10-01 15:34:13] pid=2356 ACTIVE cpu=106364.1s(+55.5s) ws=1331MB hb={"stage": "certified_ldlt:start", "ts": "2026-10-01 07:37:37", "age_s": 28596.5}
[2026-10-01 15:35:13] pid=2356 ACTIVE cpu=106422.2s(+58.1s) ws=1332MB hb={"stage": "certified_ldlt:start", "ts": "2026-10-01 07:37:37", "age_s": 28656.5}
[2026-10-01 15:36:13] pid=2356 ACTIVE cpu=106480.3s(+58.1s) ws=1332MB hb={"stage": "certified_ldlt:start", "ts": "2026-10-01 07:37:37", "age_s": 28716.5}
[2026-10-01 15:37:13] pid=2356 ACTIVE cpu=106538.1s(+57.8s) ws=1312MB hb={"stage": "certified_ldlt:start", "ts": "2026-10-01 07:37:37", "age_s": 28776.5}
[2026-10-01 15:38:13] pid=2356 ACTIVE cpu=106596.1s(+58.0s) ws=1308MB hb={"stage": "certified_ldlt:start", "ts": "2026-10-01 07:37:37", "age_s": 28836.5}
[2026-10-01 15:39:13] pid=2356 ACTIVE cpu=106654.9s(+58.8s) ws=1294MB hb={"stage": "certified_ldlt:start", "ts": "2026-10-01 07:37:37", "age_s": 28896.5}
[2026-10-01 15:40:13] pid=2356 ACTIVE cpu=106714.2s(+59.3s) ws=1296MB hb={"stage": "certified_ldlt:start", "ts": "2026-10-01 07:37:37", "age_s": 28956.5}
[2026-10-01 15:41:13] pid=2356 ACTIVE cpu=106773.4s(+59.2s) ws=1293MB hb={"stage": "certified_ldlt:start", "ts": "2026-10-01 07:37:37", "age_s": 29016.5}
[2026-10-01 15:42:13] pid=2356 ACTIVE cpu=106832.9s(+59.5s) ws=1297MB hb={"stage": "certified_ldlt:start", "ts": "2026-10-01 07:37:37", "age_s": 29076.5}
[2026-10-01 15:43:13] pid=2356 ACTIVE cpu=106892.6s(+59.7s) ws=1290MB hb={"stage": "certified_ldlt:start", "ts": "2026-10-01 07:37:37", "age_s": 29136.5}
[2026-10-01 15:44:13] pid=2356 ACTIVE cpu=106952.0s(+59.4s) ws=1281MB hb={"stage": "certified_ldlt:start", "ts": "2026-10-01 07:37:37", "age_s": 29196.5}
[2026-10-01 15:45:13] pid=2356 ACTIVE cpu=107010.3s(+58.3s) ws=1283MB hb={"stage": "certified_ldlt:start", "ts": "2026-10-01 07:37:37", "age_s": 29256.5}
[2026-10-01 15:46:13] pid=2356 ACTIVE cpu=107069.2s(+58.9s) ws=1275MB hb={"stage": "certified_ldlt:start", "ts": "2026-10-01 07:37:37", "age_s": 29316.5}
[2026-10-01 15:47:13] pid=2356 ACTIVE cpu=107128.7s(+59.5s) ws=1278MB hb={"stage": "certified_ldlt:start", "ts": "2026-10-01 07:37:37", "age_s": 29376.5}
[2026-10-01 15:48:13] pid=2356 ACTIVE cpu=107188.5s(+59.8s) ws=1272MB hb={"stage": "certified_ldlt:start", "ts": "2026-10-01 07:37:37", "age_s": 29436.5}
[2026-10-01 15:49:13] pid=2356 ACTIVE cpu=107248.3s(+59.8s) ws=1273MB hb={"stage": "certified_ldlt:start", "ts": "2026-10-01 07:37:37", "age_s": 29496.5}
[2026-10-01 15:50:13] pid=2356 ACTIVE cpu=107308.0s(+59.7s) ws=1263MB hb={"stage": "certified_ldlt:start", "ts": "2026-10-01 07:37:37", "age_s": 29556.5}
[2026-10-01 15:51:13] pid=2356 ACTIVE cpu=107364.6s(+56.6s) ws=1265MB hb={"stage": "certified_ldlt:start", "ts": "2026-10-01 07:37:37", "age_s": 29616.5}
[2026-10-01 15:52:13] pid=2356 ACTIVE cpu=107423.9s(+59.3s) ws=1260MB hb={"stage": "certified_ldlt:start", "ts": "2026-10-01 07:37:37", "age_s": 29676.5}
[2026-10-01 15:53:13] pid=2356 ACTIVE cpu=107483.4s(+59.5s) ws=1267MB hb={"stage": "certified_ldlt:start", "ts": "2026-10-01 07:37:37", "age_s": 29736.5}
[2026-10-01 15:54:13] pid=2356 ACTIVE cpu=107540.0s(+56.6s) ws=1271MB hb={"stage": "certified_ldlt:start", "ts": "2026-10-01 07:37:37", "age_s": 29796.5}
[2026-10-01 15:55:13] pid=2356 ACTIVE cpu=107594.0s(+54.0s) ws=1275MB hb={"stage": "certified_ldlt:start", "ts": "2026-10-01 07:37:37", "age_s": 29856.5}
[2026-10-01 15:56:13] pid=2356 ACTIVE cpu=107642.1s(+48.1s) ws=1278MB hb={"stage": "certified_ldlt:start", "ts": "2026-10-01 07:37:37", "age_s": 29916.5}
[2026-10-01 15:57:13] pid=2356 ACTIVE cpu=107696.1s(+54.0s) ws=1281MB hb={"stage": "certified_ldlt:start", "ts": "2026-10-01 07:37:37", "age_s": 29976.5}
[2026-10-01 15:58:13] pid=2356 ACTIVE cpu=107742.4s(+46.4s) ws=1271MB hb={"stage": "certified_ldlt:start", "ts": "2026-10-01 07:37:37", "age_s": 30036.5}
[2026-10-01 15:59:13] pid=2356 ACTIVE cpu=107796.7s(+54.2s) ws=1274MB hb={"stage": "certified_ldlt:start", "ts": "2026-10-01 07:37:37", "age_s": 30096.5}
[2026-10-01 16:00:13] pid=2356 ACTIVE cpu=107841.5s(+44.8s) ws=1274MB hb={"stage": "certified_ldlt:start", "ts": "2026-10-01 07:37:37", "age_s": 30156.5}
[2026-10-01 16:01:13] pid=2356 ACTIVE cpu=107892.5s(+51.0s) ws=1275MB hb={"stage": "certified_ldlt:start", "ts": "2026-10-01 07:37:37", "age_s": 30216.5}
[2026-10-01 16:02:13] pid=2356 ACTIVE cpu=107941.6s(+49.1s) ws=1275MB hb={"stage": "certified_ldlt:start", "ts": "2026-10-01 07:37:37", "age_s": 30276.5}
[2026-10-01 16:03:13] pid=2356 ACTIVE cpu=107997.7s(+56.1s) ws=1253MB hb={"stage": "certified_ldlt:start", "ts": "2026-10-01 07:37:37", "age_s": 30336.5}
[2026-10-01 16:04:13] pid=2356 ACTIVE cpu=108057.2s(+59.5s) ws=1256MB hb={"stage": "certified_ldlt:start", "ts": "2026-10-01 07:37:37", "age_s": 30396.5}
[2026-10-01 16:05:13] pid=2356 ACTIVE cpu=108116.7s(+59.5s) ws=1259MB hb={"stage": "certified_ldlt:start", "ts": "2026-10-01 07:37:37", "age_s": 30456.5}
[2026-10-01 16:06:13] pid=2356 ACTIVE cpu=108176.2s(+59.5s) ws=1262MB hb={"stage": "certified_ldlt:start", "ts": "2026-10-01 07:37:37", "age_s": 30516.5}
[2026-10-01 16:07:13] pid=2356 ACTIVE cpu=108234.7s(+58.5s) ws=1265MB hb={"stage": "certified_ldlt:start", "ts": "2026-10-01 07:37:37", "age_s": 30576.5}
[2026-10-01 16:08:13] pid=2356 ACTIVE cpu=108274.8s(+40.1s) ws=1265MB hb={"stage": "certified_ldlt:start", "ts": "2026-10-01 07:37:37", "age_s": 30636.5}
[2026-10-01 16:09:13] pid=2356 ACTIVE cpu=108325.8s(+50.9s) ws=1247MB hb={"stage": "certified_ldlt:start", "ts": "2026-10-01 07:37:37", "age_s": 30696.5}
[2026-10-01 16:10:13] pid=2356 ACTIVE cpu=108369.8s(+44.0s) ws=1246MB hb={"stage": "certified_ldlt:start", "ts": "2026-10-01 07:37:37", "age_s": 30756.5}
[2026-10-01 16:11:13] pid=2356 ACTIVE cpu=108423.5s(+53.7s) ws=1246MB hb={"stage": "certified_ldlt:start", "ts": "2026-10-01 07:37:37", "age_s": 30816.5}
[2026-10-01 16:12:13] pid=2356 ACTIVE cpu=108475.0s(+51.5s) ws=1246MB hb={"stage": "certified_ldlt:start", "ts": "2026-10-01 07:37:37", "age_s": 30876.5}
[2026-10-01 16:13:13] pid=2356 ACTIVE cpu=108523.0s(+48.0s) ws=1245MB hb={"stage": "certified_ldlt:start", "ts": "2026-10-01 07:37:37", "age_s": 30936.5}
[2026-10-01 16:14:13] pid=2356 ACTIVE cpu=108570.4s(+47.4s) ws=1231MB hb={"stage": "certified_ldlt:start", "ts": "2026-10-01 07:37:37", "age_s": 30996.5}
[2026-10-01 16:15:13] pid=2356 ACTIVE cpu=108630.0s(+59.6s) ws=1220MB hb={"stage": "certified_ldlt:start", "ts": "2026-10-01 07:37:37", "age_s": 31056.5}
[2026-10-01 16:16:13] pid=2356 ACTIVE cpu=108689.6s(+59.6s) ws=1223MB hb={"stage": "certified_ldlt:start", "ts": "2026-10-01 07:37:37", "age_s": 31116.5}
[2026-10-01 16:17:13] pid=2356 ACTIVE cpu=108748.8s(+59.2s) ws=1225MB hb={"stage": "certified_ldlt:start", "ts": "2026-10-01 07:37:37", "age_s": 31176.5}
[2026-10-01 16:18:13] pid=2356 ACTIVE cpu=108808.4s(+59.6s) ws=1228MB hb={"stage": "certified_ldlt:start", "ts": "2026-10-01 07:37:37", "age_s": 31236.6}
[2026-10-01 16:19:13] pid=2356 ACTIVE cpu=108868.0s(+59.6s) ws=1232MB hb={"stage": "certified_ldlt:start", "ts": "2026-10-01 07:37:37", "age_s": 31296.6}
[2026-10-01 16:20:13] pid=2356 ACTIVE cpu=108927.5s(+59.5s) ws=1216MB hb={"stage": "certified_ldlt:start", "ts": "2026-10-01 07:37:37", "age_s": 31356.6}
[2026-10-01 16:21:13] pid=2356 ACTIVE cpu=108981.2s(+53.7s) ws=1219MB hb={"stage": "certified_ldlt:start", "ts": "2026-10-01 07:37:37", "age_s": 31416.6}
[2026-10-01 16:22:13] pid=2356 ACTIVE cpu=109036.7s(+55.5s) ws=1220MB hb={"stage": "certified_ldlt:start", "ts": "2026-10-01 07:37:37", "age_s": 31476.6}
[2026-10-01 16:23:13] pid=2356 ACTIVE cpu=109096.2s(+59.5s) ws=1222MB hb={"stage": "certified_ldlt:start", "ts": "2026-10-01 07:37:37", "age_s": 31536.6}
[2026-10-01 16:24:13] pid=2356 ACTIVE cpu=109155.7s(+59.4s) ws=1224MB hb={"stage": "certified_ldlt:start", "ts": "2026-10-01 07:37:37", "age_s": 31596.6}
[2026-10-01 16:25:13] pid=2356 ACTIVE cpu=109215.2s(+59.5s) ws=1224MB hb={"stage": "certified_ldlt:start", "ts": "2026-10-01 07:37:37", "age_s": 31656.6}
[2026-10-01 16:26:13] pid=2356 ACTIVE cpu=109274.7s(+59.6s) ws=1196MB hb={"stage": "certified_ldlt:start", "ts": "2026-10-01 07:37:37", "age_s": 31716.6}
[2026-10-01 16:27:13] pid=2356 ACTIVE cpu=109334.3s(+59.6s) ws=1197MB hb={"stage": "certified_ldlt:start", "ts": "2026-10-01 07:37:37", "age_s": 31776.6}
[2026-10-01 16:28:13] pid=2356 ACTIVE cpu=109393.0s(+58.7s) ws=1197MB hb={"stage": "certified_ldlt:start", "ts": "2026-10-01 07:37:37", "age_s": 31836.6}
[2026-10-01 16:29:13] pid=2356 ACTIVE cpu=109452.4s(+59.4s) ws=1197MB hb={"stage": "certified_ldlt:start", "ts": "2026-10-01 07:37:37", "age_s": 31896.6}
[2026-10-01 16:30:13] pid=2356 ACTIVE cpu=109511.4s(+59.0s) ws=1197MB hb={"stage": "certified_ldlt:start", "ts": "2026-10-01 07:37:37", "age_s": 31956.6}
[2026-10-01 16:31:13] pid=2356 ACTIVE cpu=109570.6s(+59.2s) ws=1172MB hb={"stage": "certified_ldlt:start", "ts": "2026-10-01 07:37:37", "age_s": 32016.6}
[2026-10-01 16:32:13] pid=2356 ACTIVE cpu=109630.1s(+59.5s) ws=1172MB hb={"stage": "certified_ldlt:start", "ts": "2026-10-01 07:37:37", "age_s": 32076.6}
[2026-10-01 16:33:13] pid=2356 ACTIVE cpu=109689.5s(+59.5s) ws=1174MB hb={"stage": "certified_ldlt:start", "ts": "2026-10-01 07:37:37", "age_s": 32136.6}
[2026-10-01 16:34:13] pid=2356 ACTIVE cpu=109749.1s(+59.5s) ws=1175MB hb={"stage": "certified_ldlt:start", "ts": "2026-10-01 07:37:37", "age_s": 32196.6}
[2026-10-01 16:35:13] pid=2356 ACTIVE cpu=109808.5s(+59.4s) ws=1176MB hb={"stage": "certified_ldlt:start", "ts": "2026-10-01 07:37:37", "age_s": 32256.6}
[2026-10-01 16:36:13] pid=2356 ACTIVE cpu=109868.1s(+59.6s) ws=1176MB hb={"stage": "certified_ldlt:start", "ts": "2026-10-01 07:37:37", "age_s": 32316.6}
[2026-10-01 16:37:13] pid=2356 ACTIVE cpu=109926.0s(+57.8s) ws=1151MB hb={"stage": "certified_ldlt:start", "ts": "2026-10-01 07:37:37", "age_s": 32376.6}
[2026-10-01 16:38:13] pid=2356 ACTIVE cpu=109985.0s(+59.1s) ws=1152MB hb={"stage": "certified_ldlt:start", "ts": "2026-10-01 07:37:37", "age_s": 32436.6}
[2026-10-01 16:39:13] pid=2356 ACTIVE cpu=110044.5s(+59.5s) ws=1152MB hb={"stage": "certified_ldlt:start", "ts": "2026-10-01 07:37:37", "age_s": 32496.6}
[2026-10-01 16:40:13] pid=2356 ACTIVE cpu=110104.0s(+59.5s) ws=1151MB hb={"stage": "certified_ldlt:start", "ts": "2026-10-01 07:37:37", "age_s": 32556.6}
[2026-10-01 16:41:13] pid=2356 ACTIVE cpu=110163.4s(+59.4s) ws=1152MB hb={"stage": "certified_ldlt:start", "ts": "2026-10-01 07:37:37", "age_s": 32616.6}
[2026-10-01 16:42:13] pid=2356 ACTIVE cpu=110223.0s(+59.6s) ws=1152MB hb={"stage": "certified_ldlt:start", "ts": "2026-10-01 07:37:37", "age_s": 32676.6}
[2026-10-01 16:43:13] pid=2356 ACTIVE cpu=110282.3s(+59.3s) ws=1124MB hb={"stage": "certified_ldlt:start", "ts": "2026-10-01 07:37:37", "age_s": 32736.6}
[2026-10-01 16:44:13] pid=2356 ACTIVE cpu=110341.8s(+59.5s) ws=1124MB hb={"stage": "certified_ldlt:start", "ts": "2026-10-01 07:37:37", "age_s": 32796.6}
[2026-10-01 16:45:13] pid=2356 ACTIVE cpu=110401.3s(+59.5s) ws=1125MB hb={"stage": "certified_ldlt:start", "ts": "2026-10-01 07:37:37", "age_s": 32856.6}
[2026-10-01 16:46:13] pid=2356 ACTIVE cpu=110460.2s(+58.8s) ws=1125MB hb={"stage": "certified_ldlt:start", "ts": "2026-10-01 07:37:37", "age_s": 32916.6}
[2026-10-01 16:47:13] pid=2356 ACTIVE cpu=110519.7s(+59.5s) ws=1125MB hb={"stage": "certified_ldlt:start", "ts": "2026-10-01 07:37:37", "age_s": 32976.6}
[2026-10-01 16:48:13] pid=2356 ACTIVE cpu=110579.0s(+59.3s) ws=1098MB hb={"stage": "certified_ldlt:start", "ts": "2026-10-01 07:37:37", "age_s": 33036.6}
[2026-10-01 16:49:13] pid=2356 ACTIVE cpu=110636.5s(+57.5s) ws=1097MB hb={"stage": "certified_ldlt:start", "ts": "2026-10-01 07:37:37", "age_s": 33096.8}
[2026-10-01 16:50:13] pid=2356 ACTIVE cpu=110690.5s(+54.0s) ws=1096MB hb={"stage": "certified_ldlt:start", "ts": "2026-10-01 07:37:37", "age_s": 33156.8}
[2026-10-01 16:51:13] pid=2356 ACTIVE cpu=110748.4s(+58.0s) ws=1094MB hb={"stage": "certified_ldlt:start", "ts": "2026-10-01 07:37:37", "age_s": 33216.8}
[2026-10-01 16:52:13] pid=2356 ACTIVE cpu=110805.3s(+56.9s) ws=1093MB hb={"stage": "certified_ldlt:start", "ts": "2026-10-01 07:37:37", "age_s": 33276.8}
[2026-10-01 16:53:13] pid=2356 ACTIVE cpu=110863.9s(+58.5s) ws=1093MB hb={"stage": "certified_ldlt:start", "ts": "2026-10-01 07:37:37", "age_s": 33336.8}
[2026-10-01 16:54:13] pid=2356 ACTIVE cpu=110921.6s(+57.7s) ws=1065MB hb={"stage": "certified_ldlt:start", "ts": "2026-10-01 07:37:37", "age_s": 33396.8}
[2026-10-01 16:55:13] pid=2356 ACTIVE cpu=110980.1s(+58.5s) ws=1064MB hb={"stage": "certified_ldlt:start", "ts": "2026-10-01 07:37:37", "age_s": 33456.8}
[2026-10-01 16:56:13] pid=2356 ACTIVE cpu=111037.0s(+56.9s) ws=1063MB hb={"stage": "certified_ldlt:start", "ts": "2026-10-01 07:37:37", "age_s": 33516.8}
[2026-10-01 16:57:13] pid=2356 ACTIVE cpu=111093.0s(+56.0s) ws=1061MB hb={"stage": "certified_ldlt:start", "ts": "2026-10-01 07:37:37", "age_s": 33576.8}
[2026-10-01 16:58:13] pid=2356 ACTIVE cpu=111150.5s(+57.5s) ws=1060MB hb={"stage": "certified_ldlt:start", "ts": "2026-10-01 07:37:37", "age_s": 33636.8}
[2026-10-01 16:59:13] pid=2356 ACTIVE cpu=111208.0s(+57.5s) ws=1059MB hb={"stage": "certified_ldlt:start", "ts": "2026-10-01 07:37:37", "age_s": 33696.8}
[2026-10-01 17:00:13] pid=2356 ACTIVE cpu=111265.9s(+57.9s) ws=1035MB hb={"stage": "certified_ldlt:start", "ts": "2026-10-01 07:37:37", "age_s": 33756.8}
[2026-10-01 17:01:13] pid=2356 ACTIVE cpu=111323.7s(+57.8s) ws=1034MB hb={"stage": "certified_ldlt:start", "ts": "2026-10-01 07:37:37", "age_s": 33816.8}
[2026-10-01 17:02:13] pid=2356 ACTIVE cpu=111377.3s(+53.6s) ws=1032MB hb={"stage": "certified_ldlt:start", "ts": "2026-10-01 07:37:37", "age_s": 33876.8}
[2026-10-01 17:03:13] pid=2356 ACTIVE cpu=111434.0s(+56.7s) ws=1031MB hb={"stage": "certified_ldlt:start", "ts": "2026-10-01 07:37:37", "age_s": 33936.8}
[2026-10-01 17:04:13] pid=2356 ACTIVE cpu=111491.9s(+57.9s) ws=1031MB hb={"stage": "certified_ldlt:start", "ts": "2026-10-01 07:37:37", "age_s": 33996.8}
[2026-10-01 17:05:13] pid=2356 ACTIVE cpu=111549.9s(+58.0s) ws=1007MB hb={"stage": "certified_ldlt:start", "ts": "2026-10-01 07:37:37", "age_s": 34056.8}
[2026-10-01 17:06:13] pid=2356 ACTIVE cpu=111607.9s(+58.0s) ws=1007MB hb={"stage": "certified_ldlt:start", "ts": "2026-10-01 07:37:37", "age_s": 34116.8}
[2026-10-01 17:07:13] pid=2356 ACTIVE cpu=111665.1s(+57.2s) ws=1005MB hb={"stage": "certified_ldlt:start", "ts": "2026-10-01 07:37:37", "age_s": 34176.8}
[2026-10-01 17:08:13] pid=2356 ACTIVE cpu=111722.2s(+57.1s) ws=1005MB hb={"stage": "certified_ldlt:start", "ts": "2026-10-01 07:37:37", "age_s": 34236.8}
[2026-10-01 17:09:13] pid=2356 ACTIVE cpu=111778.6s(+56.5s) ws=1004MB hb={"stage": "certified_ldlt:start", "ts": "2026-10-01 07:37:37", "age_s": 34296.8}
[2026-10-01 17:10:13] pid=2356 ACTIVE cpu=111835.2s(+56.6s) ws=1003MB hb={"stage": "certified_ldlt:start", "ts": "2026-10-01 07:37:37", "age_s": 34356.8}
[2026-10-01 17:11:13] pid=2356 ACTIVE cpu=111890.0s(+54.8s) ws=979MB hb={"stage": "certified_ldlt:start", "ts": "2026-10-01 07:37:37", "age_s": 34416.8}
[2026-10-01 17:12:13] pid=2356 ACTIVE cpu=111943.6s(+53.6s) ws=977MB hb={"stage": "certified_ldlt:start", "ts": "2026-10-01 07:37:37", "age_s": 34476.8}
[2026-10-01 17:13:13] pid=2356 ACTIVE cpu=112001.3s(+57.7s) ws=975MB hb={"stage": "certified_ldlt:start", "ts": "2026-10-01 07:37:37", "age_s": 34536.8}
[2026-10-01 17:14:13] pid=2356 ACTIVE cpu=112058.0s(+56.7s) ws=973MB hb={"stage": "certified_ldlt:start", "ts": "2026-10-01 07:37:37", "age_s": 34596.8}
[2026-10-01 17:15:13] pid=2356 ACTIVE cpu=112117.5s(+59.5s) ws=971MB hb={"stage": "certified_ldlt:start", "ts": "2026-10-01 07:37:37", "age_s": 34656.8}
[2026-10-01 17:16:13] pid=2356 ACTIVE cpu=112177.0s(+59.5s) ws=969MB hb={"stage": "certified_ldlt:start", "ts": "2026-10-01 07:37:37", "age_s": 34716.8}
[2026-10-01 17:17:13] pid=2356 ACTIVE cpu=112236.4s(+59.4s) ws=944MB hb={"stage": "certified_ldlt:start", "ts": "2026-10-01 07:37:37", "age_s": 34776.8}
[2026-10-01 17:18:13] pid=2356 ACTIVE cpu=112283.9s(+47.5s) ws=940MB hb={"stage": "certified_ldlt:start", "ts": "2026-10-01 07:37:37", "age_s": 34836.8}
[2026-10-01 17:19:13] pid=2356 ACTIVE cpu=112339.7s(+55.8s) ws=937MB hb={"stage": "certified_ldlt:start", "ts": "2026-10-01 07:37:37", "age_s": 34896.8}
[2026-10-01 17:20:13] pid=2356 ACTIVE cpu=112398.8s(+59.1s) ws=936MB hb={"stage": "certified_ldlt:start", "ts": "2026-10-01 07:37:37", "age_s": 34956.8}
[2026-10-01 17:21:13] pid=2356 ACTIVE cpu=112458.3s(+59.5s) ws=931MB hb={"stage": "certified_ldlt:start", "ts": "2026-10-01 07:37:37", "age_s": 35016.8}
[2026-10-01 17:22:13] pid=2356 ACTIVE cpu=112511.3s(+53.0s) ws=894MB hb={"stage": "certified_ldlt:start", "ts": "2026-10-01 07:37:37", "age_s": 35076.8}
[2026-10-01 17:23:13] pid=2356 ACTIVE cpu=112567.3s(+56.0s) ws=877MB hb={"stage": "certified_ldlt:start", "ts": "2026-10-01 07:37:37", "age_s": 35136.8}
[2026-10-01 17:24:13] pid=2356 ACTIVE cpu=112624.4s(+57.1s) ws=849MB hb={"stage": "certified_ldlt:start", "ts": "2026-10-01 07:37:37", "age_s": 35196.8}
[2026-10-01 17:25:13] pid=2356 ACTIVE cpu=112683.4s(+59.0s) ws=843MB hb={"stage": "certified_ldlt:start", "ts": "2026-10-01 07:37:37", "age_s": 35256.8}
[2026-10-01 17:26:13] pid=2356 ACTIVE cpu=112740.6s(+57.2s) ws=832MB hb={"stage": "certified_ldlt:start", "ts": "2026-10-01 07:37:37", "age_s": 35316.8}
[2026-10-01 17:27:13] pid=2356 ACTIVE cpu=112800.0s(+59.5s) ws=836MB hb={"stage": "certified_ldlt:start", "ts": "2026-10-01 07:37:37", "age_s": 35376.8}
[2026-10-01 17:28:13] pid=2356 ACTIVE cpu=112859.6s(+59.6s) ws=839MB hb={"stage": "certified_ldlt:start", "ts": "2026-10-01 07:37:37", "age_s": 35436.8}
[2026-10-01 17:29:13] pid=2356 ACTIVE cpu=112916.7s(+57.1s) ws=843MB hb={"stage": "certified_ldlt:start", "ts": "2026-10-01 07:37:37", "age_s": 35496.8}
[2026-10-01 17:30:13] pid=2356 ACTIVE cpu=112973.3s(+56.6s) ws=837MB hb={"stage": "certified_ldlt:start", "ts": "2026-10-01 07:37:37", "age_s": 35556.8}
[2026-10-01 17:31:13] pid=2356 ACTIVE cpu=113028.8s(+55.6s) ws=840MB hb={"stage": "certified_ldlt:start", "ts": "2026-10-01 07:37:37", "age_s": 35616.8}
[2026-10-01 17:32:13] pid=2356 ACTIVE cpu=113084.6s(+55.7s) ws=842MB hb={"stage": "certified_ldlt:start", "ts": "2026-10-01 07:37:37", "age_s": 35676.9}
[2026-10-01 17:33:13] pid=2356 ACTIVE cpu=113142.1s(+57.5s) ws=843MB hb={"stage": "certified_ldlt:start", "ts": "2026-10-01 07:37:37", "age_s": 35736.9}
[2026-10-01 17:34:13] pid=2356 ACTIVE cpu=113196.2s(+54.1s) ws=842MB hb={"stage": "certified_ldlt:start", "ts": "2026-10-01 07:37:37", "age_s": 35796.9}
[2026-10-01 17:35:13] pid=2356 ACTIVE cpu=113251.9s(+55.6s) ws=824MB hb={"stage": "certified_ldlt:start", "ts": "2026-10-01 07:37:37", "age_s": 35856.9}
[2026-10-01 17:36:13] pid=2356 ACTIVE cpu=113306.0s(+54.1s) ws=816MB hb={"stage": "certified_ldlt:start", "ts": "2026-10-01 07:37:37", "age_s": 35916.9}
[2026-10-01 17:37:13] pid=2356 ACTIVE cpu=113362.1s(+56.2s) ws=812MB hb={"stage": "certified_ldlt:start", "ts": "2026-10-01 07:37:37", "age_s": 35976.9}
[2026-10-01 17:38:13] pid=2356 ACTIVE cpu=113419.5s(+57.3s) ws=808MB hb={"stage": "certified_ldlt:start", "ts": "2026-10-01 07:37:37", "age_s": 36036.9}
[2026-10-01 17:39:13] pid=2356 ACTIVE cpu=113476.4s(+56.9s) ws=804MB hb={"stage": "certified_ldlt:start", "ts": "2026-10-01 07:37:37", "age_s": 36096.9}
[2026-10-01 17:40:13] pid=2356 ACTIVE cpu=113532.5s(+56.1s) ws=799MB hb={"stage": "certified_ldlt:start", "ts": "2026-10-01 07:37:37", "age_s": 36156.9}
[2026-10-01 17:41:13] pid=2356 ACTIVE cpu=113591.9s(+59.5s) ws=776MB hb={"stage": "certified_ldlt:start", "ts": "2026-10-01 07:37:37", "age_s": 36216.9}
[2026-10-01 17:42:13] pid=2356 ACTIVE cpu=113651.4s(+59.5s) ws=773MB hb={"stage": "certified_ldlt:start", "ts": "2026-10-01 07:37:37", "age_s": 36276.9}
[2026-10-01 17:43:13] pid=2356 ACTIVE cpu=113710.9s(+59.5s) ws=770MB hb={"stage": "certified_ldlt:start", "ts": "2026-10-01 07:37:37", "age_s": 36336.9}
[2026-10-01 17:44:13] pid=2356 ACTIVE cpu=113770.4s(+59.5s) ws=766MB hb={"stage": "certified_ldlt:start", "ts": "2026-10-01 07:37:37", "age_s": 36396.9}
[2026-10-01 17:45:13] pid=2356 ACTIVE cpu=113830.1s(+59.7s) ws=761MB hb={"stage": "certified_ldlt:start", "ts": "2026-10-01 07:37:37", "age_s": 36456.9}
[2026-10-01 17:46:13] pid=2356 ACTIVE cpu=113889.6s(+59.5s) ws=755MB hb={"stage": "certified_ldlt:start", "ts": "2026-10-01 07:37:37", "age_s": 36516.9}
[2026-10-01 17:47:13] pid=2356 ACTIVE cpu=113948.4s(+58.8s) ws=707MB hb={"stage": "certified_ldlt:start", "ts": "2026-10-01 07:37:37", "age_s": 36576.9}
[2026-10-01 17:48:13] pid=2356 ACTIVE cpu=114007.9s(+59.5s) ws=656MB hb={"stage": "certified_ldlt:start", "ts": "2026-10-01 07:37:37", "age_s": 36636.9}
[2026-10-01 17:49:13] pid=2356 ACTIVE cpu=114067.4s(+59.6s) ws=633MB hb={"stage": "certified_ldlt:start", "ts": "2026-10-01 07:37:37", "age_s": 36696.9}
[2026-10-01 17:50:13] pid=2356 ACTIVE cpu=114126.9s(+59.5s) ws=615MB hb={"stage": "certified_ldlt:start", "ts": "2026-10-01 07:37:37", "age_s": 36756.9}
[2026-10-01 17:51:13] pid=2356 ACTIVE cpu=114186.3s(+59.4s) ws=608MB hb={"stage": "certified_ldlt:start", "ts": "2026-10-01 07:37:37", "age_s": 36816.9}
[2026-10-01 17:52:13] pid=2356 ACTIVE cpu=114245.6s(+59.3s) ws=594MB hb={"stage": "certified_ldlt:start", "ts": "2026-10-01 07:37:37", "age_s": 36876.9}
[2026-10-01 17:53:13] pid=2356 ACTIVE cpu=114305.2s(+59.6s) ws=587MB hb={"stage": "certified_ldlt:start", "ts": "2026-10-01 07:37:37", "age_s": 36936.9}
[2026-10-01 17:54:13] pid=2356 ACTIVE cpu=114364.7s(+59.5s) ws=572MB hb={"stage": "certified_ldlt:start", "ts": "2026-10-01 07:37:37", "age_s": 36996.9}
[2026-10-01 17:55:13] pid=2356 ACTIVE cpu=114424.3s(+59.6s) ws=554MB hb={"stage": "certified_ldlt:start", "ts": "2026-10-01 07:37:37", "age_s": 37056.9}
[2026-10-01 17:56:13] pid=2356 ACTIVE cpu=114483.8s(+59.4s) ws=545MB hb={"stage": "certified_ldlt:start", "ts": "2026-10-01 07:37:37", "age_s": 37116.9}
[2026-10-01 17:57:13] pid=2356 ACTIVE cpu=114543.2s(+59.4s) ws=531MB hb={"stage": "certified_ldlt:start", "ts": "2026-10-01 07:37:37", "age_s": 37176.9}
[2026-10-01 17:58:13] pid=2356 ACTIVE cpu=114602.7s(+59.5s) ws=521MB hb={"stage": "certified_ldlt:start", "ts": "2026-10-01 07:37:37", "age_s": 37236.9}
[2026-10-01 17:59:13] pid=2356 ACTIVE cpu=114662.2s(+59.5s) ws=502MB hb={"stage": "certified_ldlt:start", "ts": "2026-10-01 07:37:37", "age_s": 37296.9}
[2026-10-01 18:00:13] pid=2356 ACTIVE cpu=114721.7s(+59.5s) ws=490MB hb={"stage": "certified_ldlt:start", "ts": "2026-10-01 07:37:37", "age_s": 37356.9}
[2026-10-01 18:01:13] pid=2356 ACTIVE cpu=114781.2s(+59.5s) ws=471MB hb={"stage": "certified_ldlt:start", "ts": "2026-10-01 07:37:37", "age_s": 37416.9}
[2026-10-01 18:02:13] pid=2356 ACTIVE cpu=114840.5s(+59.4s) ws=455MB hb={"stage": "certified_ldlt:start", "ts": "2026-10-01 07:37:37", "age_s": 37476.9}
[2026-10-01 18:03:13] pid=2356 ACTIVE cpu=114900.0s(+59.5s) ws=442MB hb={"stage": "certified_ldlt:start", "ts": "2026-10-01 07:37:37", "age_s": 37536.9}
[2026-10-01 18:04:13] pid=2356 ACTIVE cpu=114959.6s(+59.6s) ws=422MB hb={"stage": "certified_ldlt:start", "ts": "2026-10-01 07:37:37", "age_s": 37596.9}
[2026-10-01 18:05:13] pid=2356 ACTIVE cpu=115019.0s(+59.4s) ws=404MB hb={"stage": "certified_ldlt:start", "ts": "2026-10-01 07:37:37", "age_s": 37656.9}
[2026-10-01 18:06:13] pid=2356 ACTIVE cpu=115078.4s(+59.4s) ws=381MB hb={"stage": "certified_ldlt:start", "ts": "2026-10-01 07:37:37", "age_s": 37716.9}
[2026-10-01 18:07:13] pid=2356 ACTIVE cpu=115137.6s(+59.2s) ws=365MB hb={"stage": "certified_ldlt:start", "ts": "2026-10-01 07:37:37", "age_s": 37776.9}
[2026-10-01 18:08:13] pid=2356 ACTIVE cpu=115196.4s(+58.8s) ws=343MB hb={"stage": "certified_ldlt:start", "ts": "2026-10-01 07:37:37", "age_s": 37836.9}
[2026-10-01 18:09:13] pid=2356 ACTIVE cpu=115253.1s(+56.7s) ws=325MB hb={"stage": "certified_ldlt:start", "ts": "2026-10-01 07:37:37", "age_s": 37896.9}
[2026-10-01 18:10:13] pid=2356 ACTIVE cpu=115312.6s(+59.5s) ws=294MB hb={"stage": "certified_ldlt:start", "ts": "2026-10-01 07:37:37", "age_s": 37956.9}
[2026-10-01 18:11:13] pid=2356 ACTIVE cpu=115372.1s(+59.5s) ws=265MB hb={"stage": "certified_ldlt:start", "ts": "2026-10-01 07:37:37", "age_s": 38016.9}
[2026-10-01 18:12:13] pid=2356 ACTIVE cpu=115426.7s(+54.6s) ws=8060MB hb={"stage": "certified_ldlt:done", "ts": "2026-10-01 18:11:21", "age_s": 52.9}
[2026-10-01 18:13:13] pid=2356 ACTIVE cpu=115486.3s(+59.6s) ws=8250MB hb={"stage": "certified_ldlt:done", "ts": "2026-10-01 18:11:21", "age_s": 112.9}
[2026-10-01 18:14:13] pid=2356 ACTIVE cpu=115545.4s(+59.2s) ws=6144MB hb={"stage": "certified_ldlt:done", "ts": "2026-10-01 18:11:21", "age_s": 172.9}
[2026-10-01 18:15:13] pid=2356 ACTIVE cpu=115604.5s(+59.0s) ws=3398MB hb={"stage": "certified_ldlt:done", "ts": "2026-10-01 18:11:21", "age_s": 232.9}
[2026-10-01 18:16:13] pid=2356 ACTIVE cpu=115664.1s(+59.7s) ws=2109MB hb={"stage": "certified_ldlt:done", "ts": "2026-10-01 18:11:21", "age_s": 292.9}
[2026-10-01 18:17:13] pid=2356 ACTIVE cpu=115723.7s(+59.6s) ws=1385MB hb={"stage": "certified_ldlt:done", "ts": "2026-10-01 18:11:21", "age_s": 352.9}
[2026-10-01 18:18:13] pid=2356 ACTIVE cpu=115783.2s(+59.5s) ws=1158MB hb={"stage": "certified_ldlt:done", "ts": "2026-10-01 18:11:21", "age_s": 412.9}
[2026-10-01 18:19:13] pid=2356 ACTIVE cpu=115842.8s(+59.6s) ws=843MB hb={"stage": "certified_ldlt:done", "ts": "2026-10-01 18:11:21", "age_s": 472.9}
[2026-10-01 18:20:13] pid=2356 ACTIVE cpu=115902.5s(+59.7s) ws=1106MB hb={"stage": "certified_ldlt:done", "ts": "2026-10-01 18:11:21", "age_s": 532.9}
[2026-10-01 18:21:13] pid=2356 ACTIVE cpu=115962.1s(+59.5s) ws=1002MB hb={"stage": "certified_ldlt:done", "ts": "2026-10-01 18:11:21", "age_s": 592.9}
[2026-10-01 18:22:13] pid=2356 ACTIVE cpu=116021.6s(+59.5s) ws=797MB hb={"stage": "certified_ldlt:done", "ts": "2026-10-01 18:11:21", "age_s": 652.9}
[2026-10-01 18:23:13] pid=2356 ACTIVE cpu=116081.4s(+59.8s) ws=678MB hb={"stage": "certified_ldlt:done", "ts": "2026-10-01 18:11:21", "age_s": 712.9}
[2026-10-01 18:24:13] pid=2356 ACTIVE cpu=116141.1s(+59.7s) ws=653MB hb={"stage": "certified_ldlt:done", "ts": "2026-10-01 18:11:21", "age_s": 772.9}
[2026-10-01 18:25:13] pid=2356 ACTIVE cpu=116200.7s(+59.7s) ws=868MB hb={"stage": "certified_ldlt:done", "ts": "2026-10-01 18:11:21", "age_s": 832.9}
[2026-10-01 18:26:13] pid=2356 ACTIVE cpu=116260.4s(+59.7s) ws=964MB hb={"stage": "certified_ldlt:done", "ts": "2026-10-01 18:11:21", "age_s": 892.9}
[2026-10-01 18:27:13] pid=2356 ACTIVE cpu=116319.9s(+59.5s) ws=943MB hb={"stage": "certified_ldlt:done", "ts": "2026-10-01 18:11:21", "age_s": 952.9}
[2026-10-01 18:28:13] pid=2356 ACTIVE cpu=116379.4s(+59.5s) ws=2155MB hb={"stage": "certified_ldlt:done", "ts": "2026-10-01 18:11:21", "age_s": 1012.9}
[2026-10-01 18:29:13] pid=2356 ACTIVE cpu=116439.1s(+59.7s) ws=2041MB hb={"stage": "certified_ldlt:done", "ts": "2026-10-01 18:11:21", "age_s": 1072.9}
[2026-10-01 18:30:13] pid=2356 ACTIVE cpu=116498.7s(+59.6s) ws=1255MB hb={"stage": "certified_ldlt:done", "ts": "2026-10-01 18:11:21", "age_s": 1132.9}
[2026-10-01 18:31:13] pid=2356 ACTIVE cpu=116558.1s(+59.4s) ws=978MB hb={"stage": "certified_ldlt:done", "ts": "2026-10-01 18:11:21", "age_s": 1192.9}
[2026-10-01 18:32:13] pid=2356 ACTIVE cpu=116612.8s(+54.7s) ws=642MB hb={"stage": "certified_ldlt:done", "ts": "2026-10-01 18:11:21", "age_s": 1252.9}
[2026-10-01 18:33:13] pid=2356 ACTIVE cpu=116672.1s(+59.3s) ws=627MB hb={"stage": "certified_ldlt:done", "ts": "2026-10-01 18:11:21", "age_s": 1312.9}
[2026-10-01 18:34:13] pid=2356 ACTIVE cpu=116729.2s(+57.1s) ws=619MB hb={"stage": "certified_ldlt:done", "ts": "2026-10-01 18:11:21", "age_s": 1372.9}
[2026-10-01 18:35:13] pid=2356 ACTIVE cpu=116787.1s(+57.8s) ws=587MB hb={"stage": "certified_ldlt:done", "ts": "2026-10-01 18:11:21", "age_s": 1432.9}
[2026-10-01 18:36:13] pid=2356 ACTIVE cpu=116846.4s(+59.3s) ws=531MB hb={"stage": "certified_ldlt:done", "ts": "2026-10-01 18:11:21", "age_s": 1492.9}
[2026-10-01 18:37:13] pid=2356 ACTIVE cpu=116903.6s(+57.3s) ws=585MB hb={"stage": "certified_ldlt:done", "ts": "2026-10-01 18:11:21", "age_s": 1552.9}
[2026-10-01 18:38:13] pid=2356 ACTIVE cpu=116963.2s(+59.6s) ws=630MB hb={"stage": "certified_ldlt:done", "ts": "2026-10-01 18:11:21", "age_s": 1612.9}
[2026-10-01 18:39:13] pid=2356 ACTIVE cpu=117022.5s(+59.3s) ws=687MB hb={"stage": "certified_ldlt:done", "ts": "2026-10-01 18:11:21", "age_s": 1672.9}
[2026-10-01 18:40:13] pid=2356 ACTIVE cpu=117082.1s(+59.5s) ws=761MB hb={"stage": "certified_ldlt:done", "ts": "2026-10-01 18:11:21", "age_s": 1732.9}
[2026-10-01 18:41:13] pid=2356 ACTIVE cpu=117141.6s(+59.5s) ws=754MB hb={"stage": "certified_ldlt:done", "ts": "2026-10-01 18:11:21", "age_s": 1792.9}
[2026-10-01 18:42:13] pid=2356 ACTIVE cpu=117201.1s(+59.5s) ws=772MB hb={"stage": "certified_ldlt:done", "ts": "2026-10-01 18:11:21", "age_s": 1852.9}
[2026-10-01 18:43:13] pid=2356 ACTIVE cpu=117260.6s(+59.5s) ws=704MB hb={"stage": "certified_ldlt:done", "ts": "2026-10-01 18:11:21", "age_s": 1912.9}
[2026-10-01 18:44:13] pid=2356 ACTIVE cpu=117320.2s(+59.6s) ws=1692MB hb={"stage": "certified_ldlt:done", "ts": "2026-10-01 18:11:21", "age_s": 1972.9}
[2026-10-01 18:45:13] pid=2356 ACTIVE cpu=117379.9s(+59.7s) ws=1588MB hb={"stage": "certified_ldlt:done", "ts": "2026-10-01 18:11:21", "age_s": 2032.9}
[2026-10-01 18:46:13] pid=2356 ACTIVE cpu=117439.5s(+59.7s) ws=1346MB hb={"stage": "certified_ldlt:done", "ts": "2026-10-01 18:11:21", "age_s": 2092.9}
[2026-10-01 18:47:13] pid=2356 ACTIVE cpu=117498.9s(+59.3s) ws=855MB hb={"stage": "certified_ldlt:done", "ts": "2026-10-01 18:11:21", "age_s": 2152.9}
[2026-10-01 18:48:13] pid=2356 ACTIVE cpu=117554.5s(+55.7s) ws=684MB hb={"stage": "certified_ldlt:done", "ts": "2026-10-01 18:11:21", "age_s": 2212.9}
[2026-10-01 18:49:13] pid=2356 ACTIVE cpu=117614.1s(+59.5s) ws=571MB hb={"stage": "certified_ldlt:done", "ts": "2026-10-01 18:11:21", "age_s": 2272.9}
[2026-10-01 18:50:13] pid=2356 ACTIVE cpu=117673.4s(+59.3s) ws=676MB hb={"stage": "certified_ldlt:done", "ts": "2026-10-01 18:11:21", "age_s": 2332.9}
[2026-10-01 18:51:13] pid=2356 ACTIVE cpu=117732.2s(+58.8s) ws=760MB hb={"stage": "certified_ldlt:done", "ts": "2026-10-01 18:11:21", "age_s": 2392.9}
[2026-10-01 18:52:13] pid=2356 ACTIVE cpu=117788.6s(+56.4s) ws=844MB hb={"stage": "certified_ldlt:done", "ts": "2026-10-01 18:11:21", "age_s": 2452.9}
[2026-10-01 18:53:13] pid=2356 ACTIVE cpu=117846.0s(+57.5s) ws=929MB hb={"stage": "certified_ldlt:done", "ts": "2026-10-01 18:11:21", "age_s": 2512.9}
[2026-10-01 18:54:13] pid=2356 ACTIVE cpu=117903.5s(+57.5s) ws=909MB hb={"stage": "certified_ldlt:done", "ts": "2026-10-01 18:11:21", "age_s": 2572.9}
[2026-10-01 18:55:13] pid=2356 ACTIVE cpu=117961.4s(+57.9s) ws=905MB hb={"stage": "certified_ldlt:done", "ts": "2026-10-01 18:11:21", "age_s": 2632.9}
[2026-10-01 18:56:13] pid=2356 ACTIVE cpu=118018.1s(+56.7s) ws=993MB hb={"stage": "certified_ldlt:done", "ts": "2026-10-01 18:11:21", "age_s": 2692.9}
[2026-10-01 18:57:13] pid=2356 ACTIVE cpu=118075.0s(+57.0s) ws=1190MB hb={"stage": "certified_ldlt:done", "ts": "2026-10-01 18:11:21", "age_s": 2753.0}
[2026-10-01 18:58:13] pid=2356 ACTIVE cpu=118132.9s(+57.9s) ws=1324MB hb={"stage": "certified_ldlt:done", "ts": "2026-10-01 18:11:21", "age_s": 2813.0}
[2026-10-01 18:59:13] pid=2356 ACTIVE cpu=118192.3s(+59.4s) ws=1453MB hb={"stage": "certified_ldlt:done", "ts": "2026-10-01 18:11:21", "age_s": 2873.0}
[2026-10-01 19:00:13] pid=2356 ACTIVE cpu=118250.5s(+58.1s) ws=1396MB hb={"stage": "certified_ldlt:done", "ts": "2026-10-01 18:11:21", "age_s": 2933.0}
[2026-10-01 19:01:13] pid=2356 ACTIVE cpu=118308.0s(+57.5s) ws=1861MB hb={"stage": "certified_ldlt:done", "ts": "2026-10-01 18:11:21", "age_s": 2993.0}
[2026-10-01 19:02:13] pid=2356 ACTIVE cpu=118360.1s(+52.1s) ws=1861MB hb={"stage": "certified_ldlt:done", "ts": "2026-10-01 18:11:21", "age_s": 3053.0}
[2026-10-01 19:03:13] pid=2356 ACTIVE cpu=118415.3s(+55.2s) ws=1750MB hb={"stage": "certified_ldlt:done", "ts": "2026-10-01 18:11:21", "age_s": 3113.0}
[2026-10-01 19:04:13] pid=2356 ACTIVE cpu=118469.3s(+53.9s) ws=1587MB hb={"stage": "certified_ldlt:done", "ts": "2026-10-01 18:11:21", "age_s": 3173.0}
[2026-10-01 19:05:13] pid=2356 ACTIVE cpu=118521.7s(+52.4s) ws=1546MB hb={"stage": "certified_ldlt:done", "ts": "2026-10-01 18:11:21", "age_s": 3233.0}
[2026-10-01 19:06:13] pid=2356 ACTIVE cpu=118579.2s(+57.5s) ws=1425MB hb={"stage": "certified_ldlt:done", "ts": "2026-10-01 18:11:21", "age_s": 3293.0}
[2026-10-01 19:07:13] pid=2356 ACTIVE cpu=118635.9s(+56.7s) ws=1264MB hb={"stage": "certified_ldlt:done", "ts": "2026-10-01 18:11:21", "age_s": 3353.0}
[2026-10-01 19:08:13] pid=2356 ACTIVE cpu=118693.0s(+57.1s) ws=1127MB hb={"stage": "certified_ldlt:done", "ts": "2026-10-01 18:11:21", "age_s": 3413.0}
[2026-10-01 19:09:13] pid=2356 ACTIVE cpu=118750.3s(+57.3s) ws=1068MB hb={"stage": "certified_ldlt:done", "ts": "2026-10-01 18:11:21", "age_s": 3473.0}
[2026-10-01 19:10:13] pid=2356 ACTIVE cpu=118807.2s(+56.9s) ws=1073MB hb={"stage": "certified_ldlt:done", "ts": "2026-10-01 18:11:21", "age_s": 3533.0}
[2026-10-01 19:11:13] pid=2356 ACTIVE cpu=118866.4s(+59.1s) ws=1050MB hb={"stage": "certified_ldlt:done", "ts": "2026-10-01 18:11:21", "age_s": 3593.0}
[2026-10-01 19:12:13] pid=2356 ACTIVE cpu=118924.5s(+58.2s) ws=1043MB hb={"stage": "certified_ldlt:done", "ts": "2026-10-01 18:11:21", "age_s": 3653.0}
[2026-10-01 19:13:13] pid=2356 ACTIVE cpu=118982.2s(+57.6s) ws=1513MB hb={"stage": "certified_ldlt:done", "ts": "2026-10-01 18:11:21", "age_s": 3713.0}
[2026-10-01 19:14:13] pid=2356 ACTIVE cpu=119041.6s(+59.5s) ws=1516MB hb={"stage": "certified_ldlt:done", "ts": "2026-10-01 18:11:21", "age_s": 3773.0}
[2026-10-01 19:15:13] pid=2356 ACTIVE cpu=119100.3s(+58.7s) ws=1527MB hb={"stage": "certified_ldlt:done", "ts": "2026-10-01 18:11:21", "age_s": 3833.0}
[2026-10-01 19:16:13] pid=2356 ACTIVE cpu=119159.4s(+59.2s) ws=1524MB hb={"stage": "certified_ldlt:done", "ts": "2026-10-01 18:11:21", "age_s": 3893.0}
[2026-10-01 19:17:13] pid=2356 ACTIVE cpu=119217.9s(+58.4s) ws=1443MB hb={"stage": "certified_ldlt:done", "ts": "2026-10-01 18:11:21", "age_s": 3953.0}
[2026-10-01 19:18:13] pid=2356 ACTIVE cpu=119270.4s(+52.5s) ws=1369MB hb={"stage": "certified_ldlt:done", "ts": "2026-10-01 18:11:21", "age_s": 4013.0}
[2026-10-01 19:19:13] pid=2356 ACTIVE cpu=119329.7s(+59.3s) ws=1200MB hb={"stage": "certified_ldlt:done", "ts": "2026-10-01 18:11:21", "age_s": 4073.0}
[2026-10-01 19:20:13] pid=2356 ACTIVE cpu=119387.9s(+58.2s) ws=1171MB hb={"stage": "certified_ldlt:done", "ts": "2026-10-01 18:11:21", "age_s": 4133.0}
[2026-10-01 19:21:13] pid=2356 ACTIVE cpu=119446.9s(+59.1s) ws=1175MB hb={"stage": "certified_ldlt:done", "ts": "2026-10-01 18:11:21", "age_s": 4193.0}
[2026-10-01 19:22:13] pid=2356 ACTIVE cpu=119503.7s(+56.8s) ws=1241MB hb={"stage": "certified_ldlt:done", "ts": "2026-10-01 18:11:21", "age_s": 4253.0}
[2026-10-01 19:23:13] pid=2356 ACTIVE cpu=119563.0s(+59.3s) ws=1201MB hb={"stage": "certified_ldlt:done", "ts": "2026-10-01 18:11:21", "age_s": 4313.0}
[2026-10-01 19:24:13] pid=2356 ACTIVE cpu=119622.4s(+59.5s) ws=1120MB hb={"stage": "certified_ldlt:done", "ts": "2026-10-01 18:11:21", "age_s": 4373.0}
[2026-10-01 19:25:13] pid=2356 ACTIVE cpu=119681.8s(+59.4s) ws=1122MB hb={"stage": "certified_ldlt:done", "ts": "2026-10-01 18:11:21", "age_s": 4433.0}
[2026-10-01 19:26:13] pid=2356 ACTIVE cpu=119738.9s(+57.1s) ws=2783MB hb={"stage": "certified_ldlt:done", "ts": "2026-10-01 18:11:21", "age_s": 4493.0}
[2026-10-01 19:27:13] pid=2356 ACTIVE cpu=119797.1s(+58.1s) ws=2789MB hb={"stage": "certified_ldlt:done", "ts": "2026-10-01 18:11:21", "age_s": 4553.0}
[2026-10-01 19:28:13] pid=2356 ACTIVE cpu=119855.8s(+58.8s) ws=2766MB hb={"stage": "certified_ldlt:done", "ts": "2026-10-01 18:11:21", "age_s": 4613.0}
[2026-10-01 19:29:13] pid=2356 ACTIVE cpu=119915.2s(+59.4s) ws=2748MB hb={"stage": "certified_ldlt:done", "ts": "2026-10-01 18:11:21", "age_s": 4673.0}
[2026-10-01 19:30:13] pid=2356 ACTIVE cpu=119973.7s(+58.4s) ws=2735MB hb={"stage": "certified_ldlt:done", "ts": "2026-10-01 18:11:21", "age_s": 4733.0}
[2026-10-01 19:31:13] pid=2356 ACTIVE cpu=120030.1s(+56.4s) ws=2693MB hb={"stage": "certified_ldlt:done", "ts": "2026-10-01 18:11:21", "age_s": 4793.0}
[2026-10-01 19:32:13] pid=2356 ACTIVE cpu=120086.3s(+56.3s) ws=2621MB hb={"stage": "certified_ldlt:done", "ts": "2026-10-01 18:11:21", "age_s": 4853.0}
[2026-10-01 19:33:14] pid=2356 ACTIVE cpu=120140.7s(+54.4s) ws=2441MB hb={"stage": "certified_ldlt:done", "ts": "2026-10-01 18:11:21", "age_s": 4913.0}
[2026-10-01 19:34:14] pid=2356 ACTIVE cpu=120192.1s(+51.4s) ws=2133MB hb={"stage": "certified_ldlt:done", "ts": "2026-10-01 18:11:21", "age_s": 4973.0}
[2026-10-01 19:35:14] pid=2356 ACTIVE cpu=120249.9s(+57.8s) ws=1864MB hb={"stage": "certified_ldlt:done", "ts": "2026-10-01 18:11:21", "age_s": 5033.0}
[2026-10-01 19:36:14] pid=2356 ACTIVE cpu=120308.9s(+59.1s) ws=1633MB hb={"stage": "certified_ldlt:done", "ts": "2026-10-01 18:11:21", "age_s": 5093.0}
[2026-10-01 19:37:14] pid=2356 ACTIVE cpu=120368.0s(+59.0s) ws=1451MB hb={"stage": "certified_ldlt:done", "ts": "2026-10-01 18:11:21", "age_s": 5153.0}
[2026-10-01 19:38:14] pid=2356 ACTIVE cpu=120426.9s(+58.9s) ws=1364MB hb={"stage": "certified_ldlt:done", "ts": "2026-10-01 18:11:21", "age_s": 5213.0}
[2026-10-01 19:39:14] pid=2356 ACTIVE cpu=120485.7s(+58.8s) ws=1396MB hb={"stage": "certified_ldlt:done", "ts": "2026-10-01 18:11:21", "age_s": 5273.0}
[2026-10-01 19:40:14] pid=2356 ACTIVE cpu=120543.9s(+58.2s) ws=1428MB hb={"stage": "certified_ldlt:done", "ts": "2026-10-01 18:11:21", "age_s": 5333.0}
[2026-10-01 19:41:14] pid=2356 ACTIVE cpu=120603.0s(+59.1s) ws=1484MB hb={"stage": "certified_ldlt:done", "ts": "2026-10-01 18:11:21", "age_s": 5393.0}
[2026-10-01 19:42:14] pid=2356 ACTIVE cpu=120661.7s(+58.6s) ws=1481MB hb={"stage": "certified_ldlt:done", "ts": "2026-10-01 18:11:21", "age_s": 5453.0}
[2026-10-01 19:43:14] pid=2356 ACTIVE cpu=120721.0s(+59.4s) ws=1454MB hb={"stage": "certified_ldlt:done", "ts": "2026-10-01 18:11:21", "age_s": 5513.0}
[2026-10-01 19:44:14] pid=2356 ACTIVE cpu=120780.4s(+59.4s) ws=1390MB hb={"stage": "certified_ldlt:done", "ts": "2026-10-01 18:11:21", "age_s": 5573.0}
[2026-10-01 19:45:14] pid=2356 ACTIVE cpu=120839.9s(+59.5s) ws=1448MB hb={"stage": "certified_ldlt:done", "ts": "2026-10-01 18:11:21", "age_s": 5633.0}
[2026-10-01 19:46:14] pid=2356 ACTIVE cpu=120899.4s(+59.5s) ws=1419MB hb={"stage": "certified_ldlt:done", "ts": "2026-10-01 18:11:21", "age_s": 5693.0}
[2026-10-01 19:47:14] pid=2356 ACTIVE cpu=120958.7s(+59.4s) ws=1451MB hb={"stage": "certified_ldlt:done", "ts": "2026-10-01 18:11:21", "age_s": 5753.0}
[2026-10-01 19:48:14] pid=2356 ACTIVE cpu=121017.6s(+58.9s) ws=1461MB hb={"stage": "certified_ldlt:done", "ts": "2026-10-01 18:11:21", "age_s": 5813.0}
[2026-10-01 19:49:14] pid=2356 ACTIVE cpu=121076.6s(+59.0s) ws=1382MB hb={"stage": "certified_ldlt:done", "ts": "2026-10-01 18:11:21", "age_s": 5873.0}
[2026-10-01 19:50:14] pid=2356 ACTIVE cpu=121136.2s(+59.5s) ws=1334MB hb={"stage": "certified_ldlt:done", "ts": "2026-10-01 18:11:21", "age_s": 5933.0}
[2026-10-01 19:51:14] pid=2356 ACTIVE cpu=121195.6s(+59.4s) ws=1351MB hb={"stage": "certified_ldlt:done", "ts": "2026-10-01 18:11:21", "age_s": 5993.0}
[2026-10-01 19:52:14] pid=2356 ACTIVE cpu=121251.8s(+56.2s) ws=1402MB hb={"stage": "certified_ldlt:done", "ts": "2026-10-01 18:11:21", "age_s": 6053.0}
[2026-10-01 19:53:14] pid=2356 ACTIVE cpu=121311.0s(+59.3s) ws=1459MB hb={"stage": "certified_ldlt:done", "ts": "2026-10-01 18:11:21", "age_s": 6113.0}
[2026-10-01 19:54:14] pid=2356 ACTIVE cpu=121361.0s(+49.9s) ws=1380MB hb={"stage": "certified_ldlt:done", "ts": "2026-10-01 18:11:21", "age_s": 6173.0}
[2026-10-01 19:55:14] pid=2356 ACTIVE cpu=121416.1s(+55.1s) ws=1341MB hb={"stage": "certified_ldlt:done", "ts": "2026-10-01 18:11:21", "age_s": 6233.0}
[2026-10-01 19:56:14] pid=2356 ACTIVE cpu=121472.0s(+55.9s) ws=1292MB hb={"stage": "certified_ldlt:done", "ts": "2026-10-01 18:11:21", "age_s": 6293.0}
[2026-10-01 19:57:14] pid=2356 ACTIVE cpu=121528.9s(+57.0s) ws=1291MB hb={"stage": "certified_ldlt:done", "ts": "2026-10-01 18:11:21", "age_s": 6353.0}
[2026-10-01 19:58:14] pid=2356 ACTIVE cpu=121575.3s(+46.4s) ws=1327MB hb={"stage": "certified_ldlt:done", "ts": "2026-10-01 18:11:21", "age_s": 6413.0}
[2026-10-01 19:59:14] pid=2356 ACTIVE cpu=121631.0s(+55.6s) ws=1380MB hb={"stage": "certified_ldlt:done", "ts": "2026-10-01 18:11:21", "age_s": 6473.0}
[2026-10-01 20:00:14] pid=2356 ACTIVE cpu=121683.5s(+52.6s) ws=1302MB hb={"stage": "certified_ldlt:done", "ts": "2026-10-01 18:11:21", "age_s": 6533.0}
[2026-10-01 20:01:14] pid=2356 ACTIVE cpu=121739.1s(+55.5s) ws=1300MB hb={"stage": "certified_ldlt:done", "ts": "2026-10-01 18:11:21", "age_s": 6593.5}
[2026-10-01 20:02:14] pid=2356 ACTIVE cpu=121787.8s(+48.7s) ws=1239MB hb={"stage": "certified_ldlt:done", "ts": "2026-10-01 18:11:21", "age_s": 6653.6}
[2026-10-01 20:03:14] pid=2356 ACTIVE cpu=121843.6s(+55.8s) ws=1224MB hb={"stage": "certified_ldlt:done", "ts": "2026-10-01 18:11:21", "age_s": 6713.6}
[2026-10-01 20:04:14] pid=2356 ACTIVE cpu=121899.3s(+55.7s) ws=1279MB hb={"stage": "certified_ldlt:done", "ts": "2026-10-01 18:11:21", "age_s": 6773.9}
[2026-10-01 20:05:14] pid=2356 ACTIVE cpu=121955.8s(+56.5s) ws=1332MB hb={"stage": "certified_ldlt:done", "ts": "2026-10-01 18:11:21", "age_s": 6833.9}
[2026-10-01 20:06:14] pid=2356 ACTIVE cpu=122012.4s(+56.6s) ws=1285MB hb={"stage": "certified_ldlt:done", "ts": "2026-10-01 18:11:21", "age_s": 6893.9}
[2026-10-01 20:07:14] pid=2356 ACTIVE cpu=122067.9s(+55.5s) ws=1311MB hb={"stage": "certified_ldlt:done", "ts": "2026-10-01 18:11:21", "age_s": 6953.9}
[2026-10-01 20:08:14] pid=2356 ACTIVE cpu=122124.1s(+56.2s) ws=1260MB hb={"stage": "certified_ldlt:done", "ts": "2026-10-01 18:11:21", "age_s": 7013.9}
[2026-10-01 20:09:14] pid=2356 ACTIVE cpu=122176.1s(+52.0s) ws=1237MB hb={"stage": "certified_ldlt:done", "ts": "2026-10-01 18:11:21", "age_s": 7073.9}
[2026-10-01 20:10:14] pid=2356 ACTIVE cpu=122231.6s(+55.5s) ws=1290MB hb={"stage": "certified_ldlt:done", "ts": "2026-10-01 18:11:21", "age_s": 7133.9}
[2026-10-01 20:11:14] pid=2356 ACTIVE cpu=122283.4s(+51.9s) ws=1338MB hb={"stage": "certified_ldlt:done", "ts": "2026-10-01 18:11:21", "age_s": 7193.9}
[2026-10-01 20:12:14] pid=2356 ACTIVE cpu=122328.5s(+45.0s) ws=1307MB hb={"stage": "certified_ldlt:done", "ts": "2026-10-01 18:11:21", "age_s": 7254.0}
[2026-10-01 20:13:14] pid=2356 ACTIVE cpu=122376.9s(+48.4s) ws=1301MB hb={"stage": "certified_ldlt:done", "ts": "2026-10-01 18:11:21", "age_s": 7314.0}
[2026-10-01 20:14:15] pid=2356 ACTIVE cpu=122425.8s(+48.8s) ws=1216MB hb={"stage": "certified_ldlt:done", "ts": "2026-10-01 18:11:21", "age_s": 7374.0}
[2026-10-01 20:15:15] pid=2356 ACTIVE cpu=122473.2s(+47.4s) ws=1176MB hb={"stage": "certified_ldlt:done", "ts": "2026-10-01 18:11:21", "age_s": 7434.0}
[2026-10-01 20:16:15] pid=2356 ACTIVE cpu=122530.1s(+57.0s) ws=1224MB hb={"stage": "certified_ldlt:done", "ts": "2026-10-01 18:11:21", "age_s": 7494.0}
[2026-10-01 20:17:15] pid=2356 ACTIVE cpu=122586.6s(+56.5s) ws=1277MB hb={"stage": "certified_ldlt:done", "ts": "2026-10-01 18:11:21", "age_s": 7554.0}
[2026-10-01 20:18:15] pid=2356 ACTIVE cpu=122635.6s(+49.1s) ws=1310MB hb={"stage": "certified_ldlt:done", "ts": "2026-10-01 18:11:21", "age_s": 7614.0}
[2026-10-01 20:19:15] pid=2356 ACTIVE cpu=122692.5s(+56.9s) ws=1267MB hb={"stage": "certified_ldlt:done", "ts": "2026-10-01 18:11:21", "age_s": 7674.0}
[2026-10-01 20:20:15] pid=2356 ACTIVE cpu=122743.9s(+51.4s) ws=1228MB hb={"stage": "certified_ldlt:done", "ts": "2026-10-01 18:11:21", "age_s": 7734.0}
[2026-10-01 20:21:15] pid=2356 ACTIVE cpu=122798.7s(+54.8s) ws=1189MB hb={"stage": "certified_ldlt:done", "ts": "2026-10-01 18:11:21", "age_s": 7794.0}
[2026-10-01 20:22:15] pid=2356 ACTIVE cpu=122843.7s(+45.0s) ws=1219MB hb={"stage": "certified_ldlt:done", "ts": "2026-10-01 18:11:21", "age_s": 7854.0}
[2026-10-01 20:23:15] pid=2356 ACTIVE cpu=122899.5s(+55.8s) ws=1266MB hb={"stage": "certified_ldlt:done", "ts": "2026-10-01 18:11:21", "age_s": 7914.0}
[2026-10-01 20:24:15] pid=2356 ACTIVE cpu=122958.9s(+59.4s) ws=1319MB hb={"stage": "certified_ldlt:done", "ts": "2026-10-01 18:11:21", "age_s": 7974.0}
[2026-10-01 20:25:15] pid=2356 ACTIVE cpu=123015.0s(+56.0s) ws=1279MB hb={"stage": "certified_ldlt:done", "ts": "2026-10-01 18:11:21", "age_s": 8034.0}
[2026-10-01 20:26:15] pid=2356 ACTIVE cpu=123073.0s(+58.1s) ws=1293MB hb={"stage": "certified_ldlt:done", "ts": "2026-10-01 18:11:21", "age_s": 8094.0}
[2026-10-01 20:27:15] pid=2356 ACTIVE cpu=123130.4s(+57.3s) ws=1254MB hb={"stage": "certified_ldlt:done", "ts": "2026-10-01 18:11:21", "age_s": 8154.0}
[2026-10-01 20:28:15] pid=2356 ACTIVE cpu=123189.9s(+59.5s) ws=1303MB hb={"stage": "certified_ldlt:done", "ts": "2026-10-01 18:11:21", "age_s": 8214.0}
[2026-10-01 20:29:15] pid=2356 ACTIVE cpu=123249.1s(+59.2s) ws=1375MB hb={"stage": "certified_ldlt:done", "ts": "2026-10-01 18:11:21", "age_s": 8274.0}
[2026-10-01 20:30:15] pid=2356 ACTIVE cpu=123308.5s(+59.4s) ws=1441MB hb={"stage": "certified_ldlt:done", "ts": "2026-10-01 18:11:21", "age_s": 8334.0}
[2026-10-01 20:31:15] pid=2356 ACTIVE cpu=123367.5s(+59.0s) ws=1400MB hb={"stage": "certified_ldlt:done", "ts": "2026-10-01 18:11:21", "age_s": 8394.0}
[2026-10-01 20:32:15] pid=2356 ACTIVE cpu=123426.9s(+59.4s) ws=1224MB hb={"stage": "certified_ldlt:done", "ts": "2026-10-01 18:11:21", "age_s": 8454.0}
[2026-10-01 20:33:15] pid=2356 ACTIVE cpu=123486.4s(+59.5s) ws=1162MB hb={"stage": "certified_ldlt:done", "ts": "2026-10-01 18:11:21", "age_s": 8514.0}
[2026-10-01 20:34:15] pid=2356 ACTIVE cpu=123545.9s(+59.6s) ws=3267MB hb={"stage": "certified_ldlt:done", "ts": "2026-10-01 18:11:21", "age_s": 8574.0}
[2026-10-01 20:35:15] pid=2356 ACTIVE cpu=123605.4s(+59.5s) ws=3341MB hb={"stage": "certified_ldlt:done", "ts": "2026-10-01 18:11:21", "age_s": 8634.0}
[2026-10-01 20:36:15] pid=2356 ACTIVE cpu=123665.0s(+59.5s) ws=2647MB hb={"stage": "certified_ldlt:done", "ts": "2026-10-01 18:11:21", "age_s": 8694.0}
[2026-10-01 20:37:15] pid=2356 ACTIVE cpu=123724.3s(+59.3s) ws=1806MB hb={"stage": "certified_ldlt:done", "ts": "2026-10-01 18:11:21", "age_s": 8754.0}
[2026-10-01 20:38:15] pid=2356 ACTIVE cpu=123783.5s(+59.2s) ws=1308MB hb={"stage": "certified_ldlt:done", "ts": "2026-10-01 18:11:21", "age_s": 8814.0}
[2026-10-01 20:39:15] pid=2356 ACTIVE cpu=123843.1s(+59.6s) ws=764MB hb={"stage": "certified_ldlt:done", "ts": "2026-10-01 18:11:21", "age_s": 8874.0}
[2026-10-01 20:40:15] pid=2356 ACTIVE cpu=123902.5s(+59.4s) ws=712MB hb={"stage": "certified_ldlt:done", "ts": "2026-10-01 18:11:21", "age_s": 8934.0}
[2026-10-01 20:41:15] pid=2356 ACTIVE cpu=123961.9s(+59.5s) ws=660MB hb={"stage": "certified_ldlt:done", "ts": "2026-10-01 18:11:21", "age_s": 8994.0}
[2026-10-01 20:42:15] pid=2356 ACTIVE cpu=124021.3s(+59.4s) ws=1054MB hb={"stage": "certified_ldlt:done", "ts": "2026-10-01 18:11:21", "age_s": 9054.0}
[2026-10-01 20:43:15] pid=2356 ACTIVE cpu=124080.8s(+59.4s) ws=1138MB hb={"stage": "certified_ldlt:done", "ts": "2026-10-01 18:11:21", "age_s": 9114.0}
[2026-10-01 20:44:15] pid=2356 ACTIVE cpu=124140.2s(+59.5s) ws=1063MB hb={"stage": "certified_ldlt:done", "ts": "2026-10-01 18:11:21", "age_s": 9174.0}
[2026-10-01 20:45:15] pid=2356 ACTIVE cpu=124199.8s(+59.5s) ws=1365MB hb={"stage": "certified_ldlt:done", "ts": "2026-10-01 18:11:21", "age_s": 9234.0}
[2026-10-01 20:46:15] pid=2356 ACTIVE cpu=124259.2s(+59.4s) ws=1236MB hb={"stage": "certified_ldlt:done", "ts": "2026-10-01 18:11:21", "age_s": 9294.0}
[2026-10-01 20:47:15] pid=2356 ACTIVE cpu=124318.5s(+59.4s) ws=1028MB hb={"stage": "certified_ldlt:done", "ts": "2026-10-01 18:11:21", "age_s": 9354.0}
[2026-10-01 20:48:15] pid=2356 ACTIVE cpu=124378.0s(+59.5s) ws=922MB hb={"stage": "certified_ldlt:done", "ts": "2026-10-01 18:11:21", "age_s": 9414.0}
[2026-10-01 20:49:15] pid=2356 ACTIVE cpu=124437.6s(+59.6s) ws=932MB hb={"stage": "certified_ldlt:done", "ts": "2026-10-01 18:11:21", "age_s": 9474.0}
[2026-10-01 20:50:15] pid=2356 ACTIVE cpu=124496.4s(+58.8s) ws=925MB hb={"stage": "certified_ldlt:done", "ts": "2026-10-01 18:11:21", "age_s": 9534.0}
[2026-10-01 20:51:15] pid=2356 ACTIVE cpu=124555.9s(+59.5s) ws=912MB hb={"stage": "certified_ldlt:done", "ts": "2026-10-01 18:11:21", "age_s": 9594.0}
[2026-10-01 20:52:15] pid=2356 ACTIVE cpu=124615.1s(+59.2s) ws=927MB hb={"stage": "certified_ldlt:done", "ts": "2026-10-01 18:11:21", "age_s": 9654.0}
[2026-10-01 20:53:15] pid=2356 ACTIVE cpu=124674.6s(+59.5s) ws=914MB hb={"stage": "certified_ldlt:done", "ts": "2026-10-01 18:11:21", "age_s": 9714.1}
[2026-10-01 20:54:15] pid=2356 ACTIVE cpu=124734.0s(+59.4s) ws=943MB hb={"stage": "certified_ldlt:done", "ts": "2026-10-01 18:11:21", "age_s": 9774.1}
[2026-10-01 20:55:15] pid=2356 ACTIVE cpu=124793.4s(+59.5s) ws=910MB hb={"stage": "certified_ldlt:done", "ts": "2026-10-01 18:11:21", "age_s": 9834.1}
[2026-10-01 20:56:15] pid=2356 ACTIVE cpu=124852.9s(+59.5s) ws=955MB hb={"stage": "certified_ldlt:done", "ts": "2026-10-01 18:11:21", "age_s": 9894.1}
[2026-10-01 20:57:15] pid=2356 ACTIVE cpu=124912.1s(+59.3s) ws=923MB hb={"stage": "certified_ldlt:done", "ts": "2026-10-01 18:11:21", "age_s": 9954.1}
[2026-10-01 20:58:15] pid=2356 ACTIVE cpu=124971.4s(+59.2s) ws=2074MB hb={"stage": "certified_ldlt:done", "ts": "2026-10-01 18:11:21", "age_s": 10014.1}
[2026-10-01 20:59:15] pid=2356 ACTIVE cpu=125031.0s(+59.6s) ws=2067MB hb={"stage": "certified_ldlt:done", "ts": "2026-10-01 18:11:21", "age_s": 10074.1}
[2026-10-01 21:00:15] pid=2356 ACTIVE cpu=125090.4s(+59.4s) ws=1642MB hb={"stage": "certified_ldlt:done", "ts": "2026-10-01 18:11:21", "age_s": 10134.1}
[2026-10-01 21:01:15] pid=2356 ACTIVE cpu=125149.9s(+59.5s) ws=1616MB hb={"stage": "certified_ldlt:done", "ts": "2026-10-01 18:11:21", "age_s": 10194.1}
[2026-10-01 21:02:15] pid=2356 ACTIVE cpu=125208.9s(+59.0s) ws=1163MB hb={"stage": "certified_ldlt:done", "ts": "2026-10-01 18:11:21", "age_s": 10254.1}
[2026-10-01 21:03:15] pid=2356 ACTIVE cpu=125268.0s(+59.1s) ws=2828MB hb={"stage": "certified_ldlt:done", "ts": "2026-10-01 18:11:21", "age_s": 10314.1}
[2026-10-01 21:04:15] pid=2356 ACTIVE cpu=125302.3s(+34.3s) ws=2726MB hb={"stage": "certified_ldlt:done", "ts": "2026-10-01 18:11:21", "age_s": 10374.1}
[2026-10-01 21:05:15] pid=2356 ACTIVE cpu=125324.9s(+22.6s) ws=3709MB hb={"stage": "certified_ldlt:done", "ts": "2026-10-01 18:11:21", "age_s": 10434.1}
[2026-10-01 21:06:15] pid=2356 ACTIVE cpu=125351.4s(+26.5s) ws=1298MB hb={"stage": "certified_ldlt:done", "ts": "2026-10-01 18:11:21", "age_s": 10494.1}
[2026-10-01 21:07:15] TARGET pid=2356 DIED after ~133860s observed. last_cpu=125351.4s last_ws=1298.4MB cpu_delta_last_interval=0.0s
[2026-10-01 21:07:15] last heartbeat: {"stage": "sweep:complete", "ts": "2026-10-01 21:06:23", "age_s": 52.1}
